TIME_PERIOD,FREQ,REF_AREA,DATA_TYPE,CITIZENSHIP,MOTHER_AGE,value
2002,A,IT,TOTFERR,FRG,TOTAL,2.82
2003,A,IT,TOTFERR,FRG,TOTAL,2.47
2004,A,IT,TOTFERR,FRG,TOTAL,2.84
2005,A,IT,TOTFERR,FRG,TOTAL,2.69
2006,A,IT,TOTFERR,FRG,TOTAL,2.79
2007,A,IT,TOTFERR,FRG,TOTAL,2.67
2008,A,IT,TOTFERR,FRG,TOTAL,2.53
2009,A,IT,TOTFERR,FRG,TOTAL,2.43
2010,A,IT,TOTFERR,FRG,TOTAL,2.31
2011,A,IT,TOTFERR,FRG,TOTAL,2.22
2012,A,IT,TOTFERR,FRG,TOTAL,2.18
2013,A,IT,TOTFERR,FRG,TOTAL,2.09
2014,A,IT,TOTFERR,FRG,TOTAL,2.06
2015,A,IT,TOTFERR,FRG,TOTAL,2.01
2016,A,IT,TOTFERR,FRG,TOTAL,2.04
2017,A,IT,TOTFERR,FRG,TOTAL,2.06
2018,A,IT,TOTFERR,FRG,TOTAL,2.03
2019,A,IT,TOTFERR,FRG,TOTAL,1.99
2020,A,IT,TOTFERR,FRG,TOTAL,1.89
2021,A,IT,TOTFERR,FRG,TOTAL,1.87
2022,A,IT,TOTFERR,FRG,TOTAL,1.86
2023,A,IT,TOTFERR,FRG,TOTAL,1.82
2024,A,IT,TOTFERR,FRG,TOTAL,1.81
2002,A,IT,TOTFERR,ITL,TOTAL,1.21
2003,A,IT,TOTFERR,ITL,TOTAL,1.24
2004,A,IT,TOTFERR,ITL,TOTAL,1.26
2005,A,IT,TOTFERR,ITL,TOTAL,1.25
2006,A,IT,TOTFERR,ITL,TOTAL,1.27
2007,A,IT,TOTFERR,ITL,TOTAL,1.29
2008,A,IT,TOTFERR,ITL,TOTAL,1.33
2009,A,IT,TOTFERR,ITL,TOTAL,1.33
2010,A,IT,TOTFERR,ITL,TOTAL,1.33
2011,A,IT,TOTFERR,ITL,TOTAL,1.32
2012,A,IT,TOTFERR,ITL,TOTAL,1.31
2013,A,IT,TOTFERR,ITL,TOTAL,1.29
2014,A,IT,TOTFERR,ITL,TOTAL,1.29
2015,A,IT,TOTFERR,ITL,TOTAL,1.28
2016,A,IT,TOTFERR,ITL,TOTAL,1.27
2017,A,IT,TOTFERR,ITL,TOTAL,1.25
2018,A,IT,TOTFERR,ITL,TOTAL,1.22
2019,A,IT,TOTFERR,ITL,TOTAL,1.18
2020,A,IT,TOTFERR,ITL,TOTAL,1.17
2021,A,IT,TOTFERR,ITL,TOTAL,1.18
2022,A,IT,TOTFERR,ITL,TOTAL,1.18
2023,A,IT,TOTFERR,ITL,TOTAL,1.14
2024,A,IT,TOTFERR,ITL,TOTAL,1.11
1999,A,IT,TOTFERR,TOTAL,TOTAL,1.23
2000,A,IT,TOTFERR,TOTAL,TOTAL,1.26
2001,A,IT,TOTFERR,TOTAL,TOTAL,1.25
2002,A,IT,TOTFERR,TOTAL,TOTAL,1.27
2003,A,IT,TOTFERR,TOTAL,TOTAL,1.29
2004,A,IT,TOTFERR,TOTAL,TOTAL,1.34
2005,A,IT,TOTFERR,TOTAL,TOTAL,1.33
2006,A,IT,TOTFERR,TOTAL,TOTAL,1.37
2007,A,IT,TOTFERR,TOTAL,TOTAL,1.39
2008,A,IT,TOTFERR,TOTAL,TOTAL,1.44
2009,A,IT,TOTFERR,TOTAL,TOTAL,1.44
2010,A,IT,TOTFERR,TOTAL,TOTAL,1.44
2011,A,IT,TOTFERR,TOTAL,TOTAL,1.42
2012,A,IT,TOTFERR,TOTAL,TOTAL,1.42
2013,A,IT,TOTFERR,TOTAL,TOTAL,1.39
2014,A,IT,TOTFERR,TOTAL,TOTAL,1.38
2015,A,IT,TOTFERR,TOTAL,TOTAL,1.36
2016,A,IT,TOTFERR,TOTAL,TOTAL,1.36
2017,A,IT,TOTFERR,TOTAL,TOTAL,1.34
2018,A,IT,TOTFERR,TOTAL,TOTAL,1.31
2019,A,IT,TOTFERR,TOTAL,TOTAL,1.27
2020,A,IT,TOTFERR,TOTAL,TOTAL,1.24
2021,A,IT,TOTFERR,TOTAL,TOTAL,1.25
2022,A,IT,TOTFERR,TOTAL,TOTAL,1.24
2023,A,IT,TOTFERR,TOTAL,TOTAL,1.2
2024,A,IT,TOTFERR,TOTAL,TOTAL,1.18
2002,A,IT108,TOTFERR,FRG,TOTAL,2.93
2003,A,IT108,TOTFERR,FRG,TOTAL,2.18
2004,A,IT108,TOTFERR,FRG,TOTAL,3.03
2005,A,IT108,TOTFERR,FRG,TOTAL,2.74
2006,A,IT108,TOTFERR,FRG,TOTAL,3.08
2007,A,IT108,TOTFERR,FRG,TOTAL,3.06
2008,A,IT108,TOTFERR,FRG,TOTAL,2.57
2009,A,IT108,TOTFERR,FRG,TOTAL,2.71
2010,A,IT108,TOTFERR,FRG,TOTAL,2.75
2011,A,IT108,TOTFERR,FRG,TOTAL,2.54
2012,A,IT108,TOTFERR,FRG,TOTAL,2.28
2013,A,IT108,TOTFERR,FRG,TOTAL,2.27
2014,A,IT108,TOTFERR,FRG,TOTAL,2.35
2015,A,IT108,TOTFERR,FRG,TOTAL,2.19
2016,A,IT108,TOTFERR,FRG,TOTAL,2.23
2017,A,IT108,TOTFERR,FRG,TOTAL,2.25
2018,A,IT108,TOTFERR,FRG,TOTAL,2.29
2019,A,IT108,TOTFERR,FRG,TOTAL,2.36
2020,A,IT108,TOTFERR,FRG,TOTAL,2.21
2021,A,IT108,TOTFERR,FRG,TOTAL,2.08
2022,A,IT108,TOTFERR,FRG,TOTAL,2.03
2023,A,IT108,TOTFERR,FRG,TOTAL,1.97
2024,A,IT108,TOTFERR,FRG,TOTAL,1.81
2002,A,IT108,TOTFERR,ITL,TOTAL,1.16
2003,A,IT108,TOTFERR,ITL,TOTAL,1.21
2004,A,IT108,TOTFERR,ITL,TOTAL,1.22
2005,A,IT108,TOTFERR,ITL,TOTAL,1.23
2006,A,IT108,TOTFERR,ITL,TOTAL,1.29
2007,A,IT108,TOTFERR,ITL,TOTAL,1.29
2008,A,IT108,TOTFERR,ITL,TOTAL,1.38
2009,A,IT108,TOTFERR,ITL,TOTAL,1.36
2010,A,IT108,TOTFERR,ITL,TOTAL,1.36
2011,A,IT108,TOTFERR,ITL,TOTAL,1.33
2012,A,IT108,TOTFERR,ITL,TOTAL,1.38
2013,A,IT108,TOTFERR,ITL,TOTAL,1.32
2014,A,IT108,TOTFERR,ITL,TOTAL,1.32
2015,A,IT108,TOTFERR,ITL,TOTAL,1.35
2016,A,IT108,TOTFERR,ITL,TOTAL,1.31
2017,A,IT108,TOTFERR,ITL,TOTAL,1.3
2018,A,IT108,TOTFERR,ITL,TOTAL,1.26
2019,A,IT108,TOTFERR,ITL,TOTAL,1.21
2020,A,IT108,TOTFERR,ITL,TOTAL,1.17
2021,A,IT108,TOTFERR,ITL,TOTAL,1.21
2022,A,IT108,TOTFERR,ITL,TOTAL,1.2
2023,A,IT108,TOTFERR,ITL,TOTAL,1.14
2024,A,IT108,TOTFERR,ITL,TOTAL,1.11
2002,A,IT108,TOTFERR,TOTAL,TOTAL,1.22
2003,A,IT108,TOTFERR,TOTAL,TOTAL,1.25
2004,A,IT108,TOTFERR,TOTAL,TOTAL,1.31
2005,A,IT108,TOTFERR,TOTAL,TOTAL,1.31
2006,A,IT108,TOTFERR,TOTAL,TOTAL,1.4
2007,A,IT108,TOTFERR,TOTAL,TOTAL,1.43
2008,A,IT108,TOTFERR,TOTAL,TOTAL,1.49
2009,A,IT108,TOTFERR,TOTAL,TOTAL,1.5
2010,A,IT108,TOTFERR,TOTAL,TOTAL,1.53
2011,A,IT108,TOTFERR,TOTAL,TOTAL,1.49
2012,A,IT108,TOTFERR,TOTAL,TOTAL,1.51
2013,A,IT108,TOTFERR,TOTAL,TOTAL,1.45
2014,A,IT108,TOTFERR,TOTAL,TOTAL,1.47
2015,A,IT108,TOTFERR,TOTAL,TOTAL,1.47
2016,A,IT108,TOTFERR,TOTAL,TOTAL,1.43
2017,A,IT108,TOTFERR,TOTAL,TOTAL,1.42
2018,A,IT108,TOTFERR,TOTAL,TOTAL,1.38
2019,A,IT108,TOTFERR,TOTAL,TOTAL,1.35
2020,A,IT108,TOTFERR,TOTAL,TOTAL,1.3
2021,A,IT108,TOTFERR,TOTAL,TOTAL,1.31
2022,A,IT108,TOTFERR,TOTAL,TOTAL,1.29
2023,A,IT108,TOTFERR,TOTAL,TOTAL,1.23
2024,A,IT108,TOTFERR,TOTAL,TOTAL,1.19
2002,A,IT109,TOTFERR,FRG,TOTAL,3.05
2003,A,IT109,TOTFERR,FRG,TOTAL,2.66
2004,A,IT109,TOTFERR,FRG,TOTAL,2.8
2005,A,IT109,TOTFERR,FRG,TOTAL,2.83
2006,A,IT109,TOTFERR,FRG,TOTAL,2.67
2007,A,IT109,TOTFERR,FRG,TOTAL,2.62
2008,A,IT109,TOTFERR,FRG,TOTAL,2.78
2009,A,IT109,TOTFERR,FRG,TOTAL,2.56
2010,A,IT109,TOTFERR,FRG,TOTAL,2.48
2011,A,IT109,TOTFERR,FRG,TOTAL,2.41
2012,A,IT109,TOTFERR,FRG,TOTAL,2.27
2013,A,IT109,TOTFERR,FRG,TOTAL,2.21
2014,A,IT109,TOTFERR,FRG,TOTAL,1.76
2015,A,IT109,TOTFERR,FRG,TOTAL,2.1
2016,A,IT109,TOTFERR,FRG,TOTAL,2.12
2017,A,IT109,TOTFERR,FRG,TOTAL,2.11
2018,A,IT109,TOTFERR,FRG,TOTAL,1.99
2019,A,IT109,TOTFERR,FRG,TOTAL,1.79
2020,A,IT109,TOTFERR,FRG,TOTAL,1.96
2021,A,IT109,TOTFERR,FRG,TOTAL,1.87
2022,A,IT109,TOTFERR,FRG,TOTAL,1.87
2023,A,IT109,TOTFERR,FRG,TOTAL,2.0
2024,A,IT109,TOTFERR,FRG,TOTAL,2.03
2002,A,IT109,TOTFERR,ITL,TOTAL,1.09
2003,A,IT109,TOTFERR,ITL,TOTAL,1.1
2004,A,IT109,TOTFERR,ITL,TOTAL,1.09
2005,A,IT109,TOTFERR,ITL,TOTAL,1.09
2006,A,IT109,TOTFERR,ITL,TOTAL,1.11
2007,A,IT109,TOTFERR,ITL,TOTAL,1.19
2008,A,IT109,TOTFERR,ITL,TOTAL,1.06
2009,A,IT109,TOTFERR,ITL,TOTAL,1.18
2010,A,IT109,TOTFERR,ITL,TOTAL,1.14
2011,A,IT109,TOTFERR,ITL,TOTAL,1.17
2012,A,IT109,TOTFERR,ITL,TOTAL,1.15
2013,A,IT109,TOTFERR,ITL,TOTAL,1.19
2014,A,IT109,TOTFERR,ITL,TOTAL,1.16
2015,A,IT109,TOTFERR,ITL,TOTAL,1.17
2016,A,IT109,TOTFERR,ITL,TOTAL,1.18
2017,A,IT109,TOTFERR,ITL,TOTAL,1.07
2018,A,IT109,TOTFERR,ITL,TOTAL,1.07
2019,A,IT109,TOTFERR,ITL,TOTAL,1.02
2020,A,IT109,TOTFERR,ITL,TOTAL,1.05
2021,A,IT109,TOTFERR,ITL,TOTAL,1.01
2022,A,IT109,TOTFERR,ITL,TOTAL,1.02
2023,A,IT109,TOTFERR,ITL,TOTAL,0.98
2024,A,IT109,TOTFERR,ITL,TOTAL,0.93
2002,A,IT109,TOTFERR,TOTAL,TOTAL,1.21
2003,A,IT109,TOTFERR,TOTAL,TOTAL,1.21
2004,A,IT109,TOTFERR,TOTAL,TOTAL,1.24
2005,A,IT109,TOTFERR,TOTAL,TOTAL,1.25
2006,A,IT109,TOTFERR,TOTAL,TOTAL,1.27
2007,A,IT109,TOTFERR,TOTAL,TOTAL,1.36
2008,A,IT109,TOTFERR,TOTAL,TOTAL,1.31
2009,A,IT109,TOTFERR,TOTAL,TOTAL,1.39
2010,A,IT109,TOTFERR,TOTAL,TOTAL,1.36
2011,A,IT109,TOTFERR,TOTAL,TOTAL,1.37
2012,A,IT109,TOTFERR,TOTAL,TOTAL,1.34
2013,A,IT109,TOTFERR,TOTAL,TOTAL,1.36
2014,A,IT109,TOTFERR,TOTAL,TOTAL,1.26
2015,A,IT109,TOTFERR,TOTAL,TOTAL,1.32
2016,A,IT109,TOTFERR,TOTAL,TOTAL,1.31
2017,A,IT109,TOTFERR,TOTAL,TOTAL,1.23
2018,A,IT109,TOTFERR,TOTAL,TOTAL,1.21
2019,A,IT109,TOTFERR,TOTAL,TOTAL,1.13
2020,A,IT109,TOTFERR,TOTAL,TOTAL,1.18
2021,A,IT109,TOTFERR,TOTAL,TOTAL,1.13
2022,A,IT109,TOTFERR,TOTAL,TOTAL,1.13
2023,A,IT109,TOTFERR,TOTAL,TOTAL,1.11
2024,A,IT109,TOTFERR,TOTAL,TOTAL,1.08
2002,A,IT110,TOTFERR,FRG,TOTAL,2.65
2003,A,IT110,TOTFERR,FRG,TOTAL,2.73
2004,A,IT110,TOTFERR,FRG,TOTAL,3.54
2005,A,IT110,TOTFERR,FRG,TOTAL,2.51
2006,A,IT110,TOTFERR,FRG,TOTAL,3.67
2007,A,IT110,TOTFERR,FRG,TOTAL,3.17
2008,A,IT110,TOTFERR,FRG,TOTAL,2.06
2009,A,IT110,TOTFERR,FRG,TOTAL,1.98
2010,A,IT110,TOTFERR,FRG,TOTAL,1.7
2011,A,IT110,TOTFERR,FRG,TOTAL,2.02
2012,A,IT110,TOTFERR,FRG,TOTAL,1.96
2013,A,IT110,TOTFERR,FRG,TOTAL,1.88
2014,A,IT110,TOTFERR,FRG,TOTAL,1.92
2015,A,IT110,TOTFERR,FRG,TOTAL,1.63
2016,A,IT110,TOTFERR,FRG,TOTAL,1.72
2017,A,IT110,TOTFERR,FRG,TOTAL,1.66
2018,A,IT110,TOTFERR,FRG,TOTAL,2.02
2019,A,IT110,TOTFERR,FRG,TOTAL,1.6
2020,A,IT110,TOTFERR,FRG,TOTAL,1.76
2021,A,IT110,TOTFERR,FRG,TOTAL,1.71
2022,A,IT110,TOTFERR,FRG,TOTAL,1.58
2023,A,IT110,TOTFERR,FRG,TOTAL,1.57
2024,A,IT110,TOTFERR,FRG,TOTAL,1.6
2002,A,IT110,TOTFERR,ITL,TOTAL,1.47
2003,A,IT110,TOTFERR,ITL,TOTAL,1.44
2004,A,IT110,TOTFERR,ITL,TOTAL,1.44
2005,A,IT110,TOTFERR,ITL,TOTAL,1.4
2006,A,IT110,TOTFERR,ITL,TOTAL,1.4
2007,A,IT110,TOTFERR,ITL,TOTAL,1.42
2008,A,IT110,TOTFERR,ITL,TOTAL,1.37
2009,A,IT110,TOTFERR,ITL,TOTAL,1.39
2010,A,IT110,TOTFERR,ITL,TOTAL,1.39
2011,A,IT110,TOTFERR,ITL,TOTAL,1.33
2012,A,IT110,TOTFERR,ITL,TOTAL,1.29
2013,A,IT110,TOTFERR,ITL,TOTAL,1.26
2014,A,IT110,TOTFERR,ITL,TOTAL,1.33
2015,A,IT110,TOTFERR,ITL,TOTAL,1.24
2016,A,IT110,TOTFERR,ITL,TOTAL,1.33
2017,A,IT110,TOTFERR,ITL,TOTAL,1.31
2018,A,IT110,TOTFERR,ITL,TOTAL,1.27
2019,A,IT110,TOTFERR,ITL,TOTAL,1.25
2020,A,IT110,TOTFERR,ITL,TOTAL,1.22
2021,A,IT110,TOTFERR,ITL,TOTAL,1.29
2022,A,IT110,TOTFERR,ITL,TOTAL,1.24
2023,A,IT110,TOTFERR,ITL,TOTAL,1.23
2024,A,IT110,TOTFERR,ITL,TOTAL,1.18
2002,A,IT110,TOTFERR,TOTAL,TOTAL,1.48
2003,A,IT110,TOTFERR,TOTAL,TOTAL,1.45
2004,A,IT110,TOTFERR,TOTAL,TOTAL,1.46
2005,A,IT110,TOTFERR,TOTAL,TOTAL,1.41
2006,A,IT110,TOTFERR,TOTAL,TOTAL,1.42
2007,A,IT110,TOTFERR,TOTAL,TOTAL,1.44
2008,A,IT110,TOTFERR,TOTAL,TOTAL,1.39
2009,A,IT110,TOTFERR,TOTAL,TOTAL,1.4
2010,A,IT110,TOTFERR,TOTAL,TOTAL,1.4
2011,A,IT110,TOTFERR,TOTAL,TOTAL,1.35
2012,A,IT110,TOTFERR,TOTAL,TOTAL,1.3
2013,A,IT110,TOTFERR,TOTAL,TOTAL,1.28
2014,A,IT110,TOTFERR,TOTAL,TOTAL,1.35
2015,A,IT110,TOTFERR,TOTAL,TOTAL,1.25
2016,A,IT110,TOTFERR,TOTAL,TOTAL,1.33
2017,A,IT110,TOTFERR,TOTAL,TOTAL,1.31
2018,A,IT110,TOTFERR,TOTAL,TOTAL,1.29
2019,A,IT110,TOTFERR,TOTAL,TOTAL,1.26
2020,A,IT110,TOTFERR,TOTAL,TOTAL,1.24
2021,A,IT110,TOTFERR,TOTAL,TOTAL,1.29
2022,A,IT110,TOTFERR,TOTAL,TOTAL,1.25
2023,A,IT110,TOTFERR,TOTAL,TOTAL,1.24
2024,A,IT110,TOTFERR,TOTAL,TOTAL,1.19
2002,A,IT111,TOTFERR,FRG,TOTAL,3.28
2003,A,IT111,TOTFERR,FRG,TOTAL,2.69
2004,A,IT111,TOTFERR,FRG,TOTAL,2.71
2005,A,IT111,TOTFERR,FRG,TOTAL,2.36
2006,A,IT111,TOTFERR,FRG,TOTAL,2.04
2007,A,IT111,TOTFERR,FRG,TOTAL,2.22
2008,A,IT111,TOTFERR,FRG,TOTAL,2.43
2009,A,IT111,TOTFERR,FRG,TOTAL,2.12
2010,A,IT111,TOTFERR,FRG,TOTAL,2.15
2011,A,IT111,TOTFERR,FRG,TOTAL,2.02
2012,A,IT111,TOTFERR,FRG,TOTAL,2.4
2013,A,IT111,TOTFERR,FRG,TOTAL,1.79
2014,A,IT111,TOTFERR,FRG,TOTAL,1.92
2015,A,IT111,TOTFERR,FRG,TOTAL,1.86
2016,A,IT111,TOTFERR,FRG,TOTAL,1.61
2017,A,IT111,TOTFERR,FRG,TOTAL,2.12
2018,A,IT111,TOTFERR,FRG,TOTAL,2.02
2019,A,IT111,TOTFERR,FRG,TOTAL,1.58
2020,A,IT111,TOTFERR,FRG,TOTAL,1.97
2021,A,IT111,TOTFERR,FRG,TOTAL,1.86
2022,A,IT111,TOTFERR,FRG,TOTAL,1.35
2023,A,IT111,TOTFERR,FRG,TOTAL,1.8
2024,A,IT111,TOTFERR,FRG,TOTAL,1.43
2002,A,IT111,TOTFERR,ITL,TOTAL,0.97
2003,A,IT111,TOTFERR,ITL,TOTAL,0.93
2004,A,IT111,TOTFERR,ITL,TOTAL,0.97
2005,A,IT111,TOTFERR,ITL,TOTAL,0.96
2006,A,IT111,TOTFERR,ITL,TOTAL,0.99
2007,A,IT111,TOTFERR,ITL,TOTAL,1.0
2008,A,IT111,TOTFERR,ITL,TOTAL,1.0
2009,A,IT111,TOTFERR,ITL,TOTAL,1.05
2010,A,IT111,TOTFERR,ITL,TOTAL,1.05
2011,A,IT111,TOTFERR,ITL,TOTAL,1.08
2012,A,IT111,TOTFERR,ITL,TOTAL,1.02
2013,A,IT111,TOTFERR,ITL,TOTAL,1.07
2014,A,IT111,TOTFERR,ITL,TOTAL,1.01
2015,A,IT111,TOTFERR,ITL,TOTAL,1.02
2016,A,IT111,TOTFERR,ITL,TOTAL,0.99
2017,A,IT111,TOTFERR,ITL,TOTAL,0.94
2018,A,IT111,TOTFERR,ITL,TOTAL,0.97
2019,A,IT111,TOTFERR,ITL,TOTAL,0.91
2020,A,IT111,TOTFERR,ITL,TOTAL,0.95
2021,A,IT111,TOTFERR,ITL,TOTAL,0.95
2022,A,IT111,TOTFERR,ITL,TOTAL,0.89
2023,A,IT111,TOTFERR,ITL,TOTAL,0.84
2024,A,IT111,TOTFERR,ITL,TOTAL,0.88
2002,A,IT111,TOTFERR,TOTAL,TOTAL,0.98
2003,A,IT111,TOTFERR,TOTAL,TOTAL,0.94
2004,A,IT111,TOTFERR,TOTAL,TOTAL,0.98
2005,A,IT111,TOTFERR,TOTAL,TOTAL,0.97
2006,A,IT111,TOTFERR,TOTAL,TOTAL,1.0
2007,A,IT111,TOTFERR,TOTAL,TOTAL,1.02
2008,A,IT111,TOTFERR,TOTAL,TOTAL,1.02
2009,A,IT111,TOTFERR,TOTAL,TOTAL,1.06
2010,A,IT111,TOTFERR,TOTAL,TOTAL,1.07
2011,A,IT111,TOTFERR,TOTAL,TOTAL,1.1
2012,A,IT111,TOTFERR,TOTAL,TOTAL,1.04
2013,A,IT111,TOTFERR,TOTAL,TOTAL,1.09
2014,A,IT111,TOTFERR,TOTAL,TOTAL,1.03
2015,A,IT111,TOTFERR,TOTAL,TOTAL,1.04
2016,A,IT111,TOTFERR,TOTAL,TOTAL,1.0
2017,A,IT111,TOTFERR,TOTAL,TOTAL,0.97
2018,A,IT111,TOTFERR,TOTAL,TOTAL,1.0
2019,A,IT111,TOTFERR,TOTAL,TOTAL,0.92
2020,A,IT111,TOTFERR,TOTAL,TOTAL,0.97
2021,A,IT111,TOTFERR,TOTAL,TOTAL,0.97
2022,A,IT111,TOTFERR,TOTAL,TOTAL,0.9
2023,A,IT111,TOTFERR,TOTAL,TOTAL,0.87
2024,A,IT111,TOTFERR,TOTAL,TOTAL,0.89
2002,A,ITC,TOTFERR,FRG,TOTAL,3.02
2003,A,ITC,TOTFERR,FRG,TOTAL,2.52
2004,A,ITC,TOTFERR,FRG,TOTAL,2.91
2005,A,ITC,TOTFERR,FRG,TOTAL,2.72
2006,A,ITC,TOTFERR,FRG,TOTAL,2.87
2007,A,ITC,TOTFERR,FRG,TOTAL,2.77
2008,A,ITC,TOTFERR,FRG,TOTAL,2.66
2009,A,ITC,TOTFERR,FRG,TOTAL,2.64
2010,A,ITC,TOTFERR,FRG,TOTAL,2.5
2011,A,ITC,TOTFERR,FRG,TOTAL,2.34
2012,A,ITC,TOTFERR,FRG,TOTAL,2.29
2013,A,ITC,TOTFERR,FRG,TOTAL,2.18
2014,A,ITC,TOTFERR,FRG,TOTAL,2.16
2015,A,ITC,TOTFERR,FRG,TOTAL,2.11
2016,A,ITC,TOTFERR,FRG,TOTAL,2.13
2017,A,ITC,TOTFERR,FRG,TOTAL,2.16
2018,A,ITC,TOTFERR,FRG,TOTAL,2.11
2019,A,ITC,TOTFERR,FRG,TOTAL,2.09
2020,A,ITC,TOTFERR,FRG,TOTAL,1.99
2021,A,ITC,TOTFERR,FRG,TOTAL,1.92
2022,A,ITC,TOTFERR,FRG,TOTAL,1.92
2023,A,ITC,TOTFERR,FRG,TOTAL,1.86
2024,A,ITC,TOTFERR,FRG,TOTAL,1.85
2002,A,ITC,TOTFERR,ITL,TOTAL,1.12
2003,A,ITC,TOTFERR,ITL,TOTAL,1.16
2004,A,ITC,TOTFERR,ITL,TOTAL,1.18
2005,A,ITC,TOTFERR,ITL,TOTAL,1.19
2006,A,ITC,TOTFERR,ITL,TOTAL,1.22
2007,A,ITC,TOTFERR,ITL,TOTAL,1.25
2008,A,ITC,TOTFERR,ITL,TOTAL,1.3
2009,A,ITC,TOTFERR,ITL,TOTAL,1.3
2010,A,ITC,TOTFERR,ITL,TOTAL,1.31
2011,A,ITC,TOTFERR,ITL,TOTAL,1.3
2012,A,ITC,TOTFERR,ITL,TOTAL,1.3
2013,A,ITC,TOTFERR,ITL,TOTAL,1.28
2014,A,ITC,TOTFERR,ITL,TOTAL,1.28
2015,A,ITC,TOTFERR,ITL,TOTAL,1.28
2016,A,ITC,TOTFERR,ITL,TOTAL,1.26
2017,A,ITC,TOTFERR,ITL,TOTAL,1.23
2018,A,ITC,TOTFERR,ITL,TOTAL,1.19
2019,A,ITC,TOTFERR,ITL,TOTAL,1.16
2020,A,ITC,TOTFERR,ITL,TOTAL,1.13
2021,A,ITC,TOTFERR,ITL,TOTAL,1.14
2022,A,ITC,TOTFERR,ITL,TOTAL,1.13
2023,A,ITC,TOTFERR,ITL,TOTAL,1.09
2024,A,ITC,TOTFERR,ITL,TOTAL,1.07
1999,A,ITC,TOTFERR,TOTAL,TOTAL,1.13
2000,A,ITC,TOTFERR,TOTAL,TOTAL,1.18
2001,A,ITC,TOTFERR,TOTAL,TOTAL,1.19
2002,A,ITC,TOTFERR,TOTAL,TOTAL,1.22
2003,A,ITC,TOTFERR,TOTAL,TOTAL,1.24
2004,A,ITC,TOTFERR,TOTAL,TOTAL,1.32
2005,A,ITC,TOTFERR,TOTAL,TOTAL,1.32
2006,A,ITC,TOTFERR,TOTAL,TOTAL,1.38
2007,A,ITC,TOTFERR,TOTAL,TOTAL,1.43
2008,A,ITC,TOTFERR,TOTAL,TOTAL,1.48
2009,A,ITC,TOTFERR,TOTAL,TOTAL,1.5
2010,A,ITC,TOTFERR,TOTAL,TOTAL,1.51
2011,A,ITC,TOTFERR,TOTAL,TOTAL,1.48
2012,A,ITC,TOTFERR,TOTAL,TOTAL,1.48
2013,A,ITC,TOTFERR,TOTAL,TOTAL,1.45
2014,A,ITC,TOTFERR,TOTAL,TOTAL,1.44
2015,A,ITC,TOTFERR,TOTAL,TOTAL,1.42
2016,A,ITC,TOTFERR,TOTAL,TOTAL,1.4
2017,A,ITC,TOTFERR,TOTAL,TOTAL,1.38
2018,A,ITC,TOTFERR,TOTAL,TOTAL,1.33
2019,A,ITC,TOTFERR,TOTAL,TOTAL,1.3
2020,A,ITC,TOTFERR,TOTAL,TOTAL,1.26
2021,A,ITC,TOTFERR,TOTAL,TOTAL,1.26
2022,A,ITC,TOTFERR,TOTAL,TOTAL,1.24
2023,A,ITC,TOTFERR,TOTAL,TOTAL,1.2
2024,A,ITC,TOTFERR,TOTAL,TOTAL,1.17
2002,A,ITC1,TOTFERR,FRG,TOTAL,2.88
2003,A,ITC1,TOTFERR,FRG,TOTAL,2.41
2004,A,ITC1,TOTFERR,FRG,TOTAL,2.73
2005,A,ITC1,TOTFERR,FRG,TOTAL,2.5
2006,A,ITC1,TOTFERR,FRG,TOTAL,2.62
2007,A,ITC1,TOTFERR,FRG,TOTAL,2.51
2008,A,ITC1,TOTFERR,FRG,TOTAL,2.27
2009,A,ITC1,TOTFERR,FRG,TOTAL,2.22
2010,A,ITC1,TOTFERR,FRG,TOTAL,2.14
2011,A,ITC1,TOTFERR,FRG,TOTAL,2.14
2012,A,ITC1,TOTFERR,FRG,TOTAL,2.11
2013,A,ITC1,TOTFERR,FRG,TOTAL,1.99
2014,A,ITC1,TOTFERR,FRG,TOTAL,2.03
2015,A,ITC1,TOTFERR,FRG,TOTAL,1.94
2016,A,ITC1,TOTFERR,FRG,TOTAL,2.0
2017,A,ITC1,TOTFERR,FRG,TOTAL,2.09
2018,A,ITC1,TOTFERR,FRG,TOTAL,2.01
2019,A,ITC1,TOTFERR,FRG,TOTAL,1.97
2020,A,ITC1,TOTFERR,FRG,TOTAL,1.95
2021,A,ITC1,TOTFERR,FRG,TOTAL,1.91
2022,A,ITC1,TOTFERR,FRG,TOTAL,1.86
2023,A,ITC1,TOTFERR,FRG,TOTAL,1.84
2024,A,ITC1,TOTFERR,FRG,TOTAL,1.82
2002,A,ITC1,TOTFERR,ITL,TOTAL,1.11
2003,A,ITC1,TOTFERR,ITL,TOTAL,1.14
2004,A,ITC1,TOTFERR,ITL,TOTAL,1.14
2005,A,ITC1,TOTFERR,ITL,TOTAL,1.16
2006,A,ITC1,TOTFERR,ITL,TOTAL,1.19
2007,A,ITC1,TOTFERR,ITL,TOTAL,1.21
2008,A,ITC1,TOTFERR,ITL,TOTAL,1.26
2009,A,ITC1,TOTFERR,ITL,TOTAL,1.27
2010,A,ITC1,TOTFERR,ITL,TOTAL,1.28
2011,A,ITC1,TOTFERR,ITL,TOTAL,1.28
2012,A,ITC1,TOTFERR,ITL,TOTAL,1.29
2013,A,ITC1,TOTFERR,ITL,TOTAL,1.29
2014,A,ITC1,TOTFERR,ITL,TOTAL,1.28
2015,A,ITC1,TOTFERR,ITL,TOTAL,1.26
2016,A,ITC1,TOTFERR,ITL,TOTAL,1.24
2017,A,ITC1,TOTFERR,ITL,TOTAL,1.22
2018,A,ITC1,TOTFERR,ITL,TOTAL,1.18
2019,A,ITC1,TOTFERR,ITL,TOTAL,1.15
2020,A,ITC1,TOTFERR,ITL,TOTAL,1.13
2021,A,ITC1,TOTFERR,ITL,TOTAL,1.14
2022,A,ITC1,TOTFERR,ITL,TOTAL,1.12
2023,A,ITC1,TOTFERR,ITL,TOTAL,1.08
2024,A,ITC1,TOTFERR,ITL,TOTAL,1.05
1999,A,ITC1,TOTFERR,TOTAL,TOTAL,1.12
2000,A,ITC1,TOTFERR,TOTAL,TOTAL,1.17
2001,A,ITC1,TOTFERR,TOTAL,TOTAL,1.15
2002,A,ITC1,TOTFERR,TOTAL,TOTAL,1.2
2003,A,ITC1,TOTFERR,TOTAL,TOTAL,1.22
2004,A,ITC1,TOTFERR,TOTAL,TOTAL,1.26
2005,A,ITC1,TOTFERR,TOTAL,TOTAL,1.27
2006,A,ITC1,TOTFERR,TOTAL,TOTAL,1.32
2007,A,ITC1,TOTFERR,TOTAL,TOTAL,1.37
2008,A,ITC1,TOTFERR,TOTAL,TOTAL,1.41
2009,A,ITC1,TOTFERR,TOTAL,TOTAL,1.42
2010,A,ITC1,TOTFERR,TOTAL,TOTAL,1.42
2011,A,ITC1,TOTFERR,TOTAL,TOTAL,1.43
2012,A,ITC1,TOTFERR,TOTAL,TOTAL,1.43
2013,A,ITC1,TOTFERR,TOTAL,TOTAL,1.41
2014,A,ITC1,TOTFERR,TOTAL,TOTAL,1.41
2015,A,ITC1,TOTFERR,TOTAL,TOTAL,1.37
2016,A,ITC1,TOTFERR,TOTAL,TOTAL,1.36
2017,A,ITC1,TOTFERR,TOTAL,TOTAL,1.35
2018,A,ITC1,TOTFERR,TOTAL,TOTAL,1.3
2019,A,ITC1,TOTFERR,TOTAL,TOTAL,1.27
2020,A,ITC1,TOTFERR,TOTAL,TOTAL,1.25
2021,A,ITC1,TOTFERR,TOTAL,TOTAL,1.24
2022,A,ITC1,TOTFERR,TOTAL,TOTAL,1.22
2023,A,ITC1,TOTFERR,TOTAL,TOTAL,1.17
2024,A,ITC1,TOTFERR,TOTAL,TOTAL,1.14
2002,A,ITC11,TOTFERR,FRG,TOTAL,2.8
2003,A,ITC11,TOTFERR,FRG,TOTAL,2.34
2004,A,ITC11,TOTFERR,FRG,TOTAL,2.6
2005,A,ITC11,TOTFERR,FRG,TOTAL,2.43
2006,A,ITC11,TOTFERR,FRG,TOTAL,2.58
2007,A,ITC11,TOTFERR,FRG,TOTAL,2.45
2008,A,ITC11,TOTFERR,FRG,TOTAL,2.21
2009,A,ITC11,TOTFERR,FRG,TOTAL,2.1
2010,A,ITC11,TOTFERR,FRG,TOTAL,2.04
2011,A,ITC11,TOTFERR,FRG,TOTAL,2.08
2012,A,ITC11,TOTFERR,FRG,TOTAL,1.97
2013,A,ITC11,TOTFERR,FRG,TOTAL,1.9
2014,A,ITC11,TOTFERR,FRG,TOTAL,1.94
2015,A,ITC11,TOTFERR,FRG,TOTAL,1.9
2016,A,ITC11,TOTFERR,FRG,TOTAL,1.9
2017,A,ITC11,TOTFERR,FRG,TOTAL,2.0
2018,A,ITC11,TOTFERR,FRG,TOTAL,1.93
2019,A,ITC11,TOTFERR,FRG,TOTAL,1.86
2020,A,ITC11,TOTFERR,FRG,TOTAL,1.79
2021,A,ITC11,TOTFERR,FRG,TOTAL,1.78
2022,A,ITC11,TOTFERR,FRG,TOTAL,1.73
2023,A,ITC11,TOTFERR,FRG,TOTAL,1.66
2024,A,ITC11,TOTFERR,FRG,TOTAL,1.6
2002,A,ITC11,TOTFERR,ITL,TOTAL,1.12
2003,A,ITC11,TOTFERR,ITL,TOTAL,1.16
2004,A,ITC11,TOTFERR,ITL,TOTAL,1.16
2005,A,ITC11,TOTFERR,ITL,TOTAL,1.18
2006,A,ITC11,TOTFERR,ITL,TOTAL,1.19
2007,A,ITC11,TOTFERR,ITL,TOTAL,1.23
2008,A,ITC11,TOTFERR,ITL,TOTAL,1.28
2009,A,ITC11,TOTFERR,ITL,TOTAL,1.29
2010,A,ITC11,TOTFERR,ITL,TOTAL,1.31
2011,A,ITC11,TOTFERR,ITL,TOTAL,1.3
2012,A,ITC11,TOTFERR,ITL,TOTAL,1.31
2013,A,ITC11,TOTFERR,ITL,TOTAL,1.3
2014,A,ITC11,TOTFERR,ITL,TOTAL,1.29
2015,A,ITC11,TOTFERR,ITL,TOTAL,1.27
2016,A,ITC11,TOTFERR,ITL,TOTAL,1.23
2017,A,ITC11,TOTFERR,ITL,TOTAL,1.22
2018,A,ITC11,TOTFERR,ITL,TOTAL,1.18
2019,A,ITC11,TOTFERR,ITL,TOTAL,1.16
2020,A,ITC11,TOTFERR,ITL,TOTAL,1.15
2021,A,ITC11,TOTFERR,ITL,TOTAL,1.15
2022,A,ITC11,TOTFERR,ITL,TOTAL,1.13
2023,A,ITC11,TOTFERR,ITL,TOTAL,1.08
2024,A,ITC11,TOTFERR,ITL,TOTAL,1.06
1999,A,ITC11,TOTFERR,TOTAL,TOTAL,1.11
2000,A,ITC11,TOTFERR,TOTAL,TOTAL,1.17
2001,A,ITC11,TOTFERR,TOTAL,TOTAL,1.15
2002,A,ITC11,TOTFERR,TOTAL,TOTAL,1.2
2003,A,ITC11,TOTFERR,TOTAL,TOTAL,1.23
2004,A,ITC11,TOTFERR,TOTAL,TOTAL,1.27
2005,A,ITC11,TOTFERR,TOTAL,TOTAL,1.28
2006,A,ITC11,TOTFERR,TOTAL,TOTAL,1.32
2007,A,ITC11,TOTFERR,TOTAL,TOTAL,1.37
2008,A,ITC11,TOTFERR,TOTAL,TOTAL,1.41
2009,A,ITC11,TOTFERR,TOTAL,TOTAL,1.42
2010,A,ITC11,TOTFERR,TOTAL,TOTAL,1.43
2011,A,ITC11,TOTFERR,TOTAL,TOTAL,1.43
2012,A,ITC11,TOTFERR,TOTAL,TOTAL,1.42
2013,A,ITC11,TOTFERR,TOTAL,TOTAL,1.4
2014,A,ITC11,TOTFERR,TOTAL,TOTAL,1.4
2015,A,ITC11,TOTFERR,TOTAL,TOTAL,1.37
2016,A,ITC11,TOTFERR,TOTAL,TOTAL,1.33
2017,A,ITC11,TOTFERR,TOTAL,TOTAL,1.34
2018,A,ITC11,TOTFERR,TOTAL,TOTAL,1.28
2019,A,ITC11,TOTFERR,TOTAL,TOTAL,1.25
2020,A,ITC11,TOTFERR,TOTAL,TOTAL,1.24
2021,A,ITC11,TOTFERR,TOTAL,TOTAL,1.23
2022,A,ITC11,TOTFERR,TOTAL,TOTAL,1.2
2023,A,ITC11,TOTFERR,TOTAL,TOTAL,1.14
2024,A,ITC11,TOTFERR,TOTAL,TOTAL,1.11
2002,A,ITC12,TOTFERR,FRG,TOTAL,3.27
2003,A,ITC12,TOTFERR,FRG,TOTAL,2.25
2004,A,ITC12,TOTFERR,FRG,TOTAL,3.06
2005,A,ITC12,TOTFERR,FRG,TOTAL,2.67
2006,A,ITC12,TOTFERR,FRG,TOTAL,2.64
2007,A,ITC12,TOTFERR,FRG,TOTAL,2.86
2008,A,ITC12,TOTFERR,FRG,TOTAL,2.19
2009,A,ITC12,TOTFERR,FRG,TOTAL,2.2
2010,A,ITC12,TOTFERR,FRG,TOTAL,2.26
2011,A,ITC12,TOTFERR,FRG,TOTAL,2.26
2012,A,ITC12,TOTFERR,FRG,TOTAL,2.55
2013,A,ITC12,TOTFERR,FRG,TOTAL,2.08
2014,A,ITC12,TOTFERR,FRG,TOTAL,2.12
2015,A,ITC12,TOTFERR,FRG,TOTAL,2.17
2016,A,ITC12,TOTFERR,FRG,TOTAL,2.22
2017,A,ITC12,TOTFERR,FRG,TOTAL,2.37
2018,A,ITC12,TOTFERR,FRG,TOTAL,2.11
2019,A,ITC12,TOTFERR,FRG,TOTAL,2.36
2020,A,ITC12,TOTFERR,FRG,TOTAL,2.44
2021,A,ITC12,TOTFERR,FRG,TOTAL,2.21
2022,A,ITC12,TOTFERR,FRG,TOTAL,2.27
2023,A,ITC12,TOTFERR,FRG,TOTAL,2.38
2024,A,ITC12,TOTFERR,FRG,TOTAL,2.16
2002,A,ITC12,TOTFERR,ITL,TOTAL,1.04
2003,A,ITC12,TOTFERR,ITL,TOTAL,1.12
2004,A,ITC12,TOTFERR,ITL,TOTAL,1.07
2005,A,ITC12,TOTFERR,ITL,TOTAL,1.09
2006,A,ITC12,TOTFERR,ITL,TOTAL,1.11
2007,A,ITC12,TOTFERR,ITL,TOTAL,1.19
2008,A,ITC12,TOTFERR,ITL,TOTAL,1.16
2009,A,ITC12,TOTFERR,ITL,TOTAL,1.2
2010,A,ITC12,TOTFERR,ITL,TOTAL,1.19
2011,A,ITC12,TOTFERR,ITL,TOTAL,1.15
2012,A,ITC12,TOTFERR,ITL,TOTAL,1.22
2013,A,ITC12,TOTFERR,ITL,TOTAL,1.22
2014,A,ITC12,TOTFERR,ITL,TOTAL,1.25
2015,A,ITC12,TOTFERR,ITL,TOTAL,1.16
2016,A,ITC12,TOTFERR,ITL,TOTAL,1.18
2017,A,ITC12,TOTFERR,ITL,TOTAL,1.16
2018,A,ITC12,TOTFERR,ITL,TOTAL,1.15
2019,A,ITC12,TOTFERR,ITL,TOTAL,1.1
2020,A,ITC12,TOTFERR,ITL,TOTAL,1.07
2021,A,ITC12,TOTFERR,ITL,TOTAL,1.11
2022,A,ITC12,TOTFERR,ITL,TOTAL,1.09
2023,A,ITC12,TOTFERR,ITL,TOTAL,1.01
2024,A,ITC12,TOTFERR,ITL,TOTAL,0.97
1999,A,ITC12,TOTFERR,TOTAL,TOTAL,1.07
2000,A,ITC12,TOTFERR,TOTAL,TOTAL,1.13
2001,A,ITC12,TOTFERR,TOTAL,TOTAL,1.09
2002,A,ITC12,TOTFERR,TOTAL,TOTAL,1.15
2003,A,ITC12,TOTFERR,TOTAL,TOTAL,1.18
2004,A,ITC12,TOTFERR,TOTAL,TOTAL,1.21
2005,A,ITC12,TOTFERR,TOTAL,TOTAL,1.22
2006,A,ITC12,TOTFERR,TOTAL,TOTAL,1.24
2007,A,ITC12,TOTFERR,TOTAL,TOTAL,1.36
2008,A,ITC12,TOTFERR,TOTAL,TOTAL,1.29
2009,A,ITC12,TOTFERR,TOTAL,TOTAL,1.34
2010,A,ITC12,TOTFERR,TOTAL,TOTAL,1.34
2011,A,ITC12,TOTFERR,TOTAL,TOTAL,1.32
2012,A,ITC12,TOTFERR,TOTAL,TOTAL,1.42
2013,A,ITC12,TOTFERR,TOTAL,TOTAL,1.34
2014,A,ITC12,TOTFERR,TOTAL,TOTAL,1.37
2015,A,ITC12,TOTFERR,TOTAL,TOTAL,1.3
2016,A,ITC12,TOTFERR,TOTAL,TOTAL,1.32
2017,A,ITC12,TOTFERR,TOTAL,TOTAL,1.3
2018,A,ITC12,TOTFERR,TOTAL,TOTAL,1.27
2019,A,ITC12,TOTFERR,TOTAL,TOTAL,1.26
2020,A,ITC12,TOTFERR,TOTAL,TOTAL,1.24
2021,A,ITC12,TOTFERR,TOTAL,TOTAL,1.25
2022,A,ITC12,TOTFERR,TOTAL,TOTAL,1.24
2023,A,ITC12,TOTFERR,TOTAL,TOTAL,1.19
2024,A,ITC12,TOTFERR,TOTAL,TOTAL,1.13
2002,A,ITC13,TOTFERR,FRG,TOTAL,2.36
2003,A,ITC13,TOTFERR,FRG,TOTAL,2.46
2004,A,ITC13,TOTFERR,FRG,TOTAL,2.58
2005,A,ITC13,TOTFERR,FRG,TOTAL,2.09
2006,A,ITC13,TOTFERR,FRG,TOTAL,2.15
2007,A,ITC13,TOTFERR,FRG,TOTAL,2.41
2008,A,ITC13,TOTFERR,FRG,TOTAL,2.09
2009,A,ITC13,TOTFERR,FRG,TOTAL,2.02
2010,A,ITC13,TOTFERR,FRG,TOTAL,2.0
2011,A,ITC13,TOTFERR,FRG,TOTAL,2.0
2012,A,ITC13,TOTFERR,FRG,TOTAL,2.06
2013,A,ITC13,TOTFERR,FRG,TOTAL,1.83
2014,A,ITC13,TOTFERR,FRG,TOTAL,2.15
2015,A,ITC13,TOTFERR,FRG,TOTAL,1.63
2016,A,ITC13,TOTFERR,FRG,TOTAL,2.05
2017,A,ITC13,TOTFERR,FRG,TOTAL,1.97
2018,A,ITC13,TOTFERR,FRG,TOTAL,1.81
2019,A,ITC13,TOTFERR,FRG,TOTAL,1.9
2020,A,ITC13,TOTFERR,FRG,TOTAL,2.21
2021,A,ITC13,TOTFERR,FRG,TOTAL,1.96
2022,A,ITC13,TOTFERR,FRG,TOTAL,2.03
2023,A,ITC13,TOTFERR,FRG,TOTAL,1.96
2024,A,ITC13,TOTFERR,FRG,TOTAL,1.81
2002,A,ITC13,TOTFERR,ITL,TOTAL,1.07
2003,A,ITC13,TOTFERR,ITL,TOTAL,1.11
2004,A,ITC13,TOTFERR,ITL,TOTAL,1.02
2005,A,ITC13,TOTFERR,ITL,TOTAL,1.12
2006,A,ITC13,TOTFERR,ITL,TOTAL,1.16
2007,A,ITC13,TOTFERR,ITL,TOTAL,1.16
2008,A,ITC13,TOTFERR,ITL,TOTAL,1.2
2009,A,ITC13,TOTFERR,ITL,TOTAL,1.19
2010,A,ITC13,TOTFERR,ITL,TOTAL,1.16
2011,A,ITC13,TOTFERR,ITL,TOTAL,1.18
2012,A,ITC13,TOTFERR,ITL,TOTAL,1.22
2013,A,ITC13,TOTFERR,ITL,TOTAL,1.17
2014,A,ITC13,TOTFERR,ITL,TOTAL,1.2
2015,A,ITC13,TOTFERR,ITL,TOTAL,1.17
2016,A,ITC13,TOTFERR,ITL,TOTAL,1.19
2017,A,ITC13,TOTFERR,ITL,TOTAL,1.12
2018,A,ITC13,TOTFERR,ITL,TOTAL,1.12
2019,A,ITC13,TOTFERR,ITL,TOTAL,1.1
2020,A,ITC13,TOTFERR,ITL,TOTAL,1.02
2021,A,ITC13,TOTFERR,ITL,TOTAL,1.09
2022,A,ITC13,TOTFERR,ITL,TOTAL,1.02
2023,A,ITC13,TOTFERR,ITL,TOTAL,1.04
2024,A,ITC13,TOTFERR,ITL,TOTAL,0.97
1999,A,ITC13,TOTFERR,TOTAL,TOTAL,1.1
2000,A,ITC13,TOTFERR,TOTAL,TOTAL,1.18
2001,A,ITC13,TOTFERR,TOTAL,TOTAL,1.08
2002,A,ITC13,TOTFERR,TOTAL,TOTAL,1.14
2003,A,ITC13,TOTFERR,TOTAL,TOTAL,1.19
2004,A,ITC13,TOTFERR,TOTAL,TOTAL,1.14
2005,A,ITC13,TOTFERR,TOTAL,TOTAL,1.21
2006,A,ITC13,TOTFERR,TOTAL,TOTAL,1.24
2007,A,ITC13,TOTFERR,TOTAL,TOTAL,1.27
2008,A,ITC13,TOTFERR,TOTAL,TOTAL,1.29
2009,A,ITC13,TOTFERR,TOTAL,TOTAL,1.29
2010,A,ITC13,TOTFERR,TOTAL,TOTAL,1.25
2011,A,ITC13,TOTFERR,TOTAL,TOTAL,1.28
2012,A,ITC13,TOTFERR,TOTAL,TOTAL,1.32
2013,A,ITC13,TOTFERR,TOTAL,TOTAL,1.25
2014,A,ITC13,TOTFERR,TOTAL,TOTAL,1.32
2015,A,ITC13,TOTFERR,TOTAL,TOTAL,1.21
2016,A,ITC13,TOTFERR,TOTAL,TOTAL,1.27
2017,A,ITC13,TOTFERR,TOTAL,TOTAL,1.19
2018,A,ITC13,TOTFERR,TOTAL,TOTAL,1.18
2019,A,ITC13,TOTFERR,TOTAL,TOTAL,1.17
2020,A,ITC13,TOTFERR,TOTAL,TOTAL,1.11
2021,A,ITC13,TOTFERR,TOTAL,TOTAL,1.16
2022,A,ITC13,TOTFERR,TOTAL,TOTAL,1.1
2023,A,ITC13,TOTFERR,TOTAL,TOTAL,1.12
2024,A,ITC13,TOTFERR,TOTAL,TOTAL,1.05
2002,A,ITC14,TOTFERR,FRG,TOTAL,2.77
2003,A,ITC14,TOTFERR,FRG,TOTAL,2.1
2004,A,ITC14,TOTFERR,FRG,TOTAL,2.42
2005,A,ITC14,TOTFERR,FRG,TOTAL,2.01
2006,A,ITC14,TOTFERR,FRG,TOTAL,2.7
2007,A,ITC14,TOTFERR,FRG,TOTAL,2.04
2008,A,ITC14,TOTFERR,FRG,TOTAL,2.13
2009,A,ITC14,TOTFERR,FRG,TOTAL,1.89
2010,A,ITC14,TOTFERR,FRG,TOTAL,1.76
2011,A,ITC14,TOTFERR,FRG,TOTAL,1.9
2012,A,ITC14,TOTFERR,FRG,TOTAL,2.1
2013,A,ITC14,TOTFERR,FRG,TOTAL,1.76
2014,A,ITC14,TOTFERR,FRG,TOTAL,2.07
2015,A,ITC14,TOTFERR,FRG,TOTAL,1.96
2016,A,ITC14,TOTFERR,FRG,TOTAL,1.78
2017,A,ITC14,TOTFERR,FRG,TOTAL,1.89
2018,A,ITC14,TOTFERR,FRG,TOTAL,1.82
2019,A,ITC14,TOTFERR,FRG,TOTAL,2.0
2020,A,ITC14,TOTFERR,FRG,TOTAL,1.95
2021,A,ITC14,TOTFERR,FRG,TOTAL,1.97
2022,A,ITC14,TOTFERR,FRG,TOTAL,1.49
2023,A,ITC14,TOTFERR,FRG,TOTAL,1.48
2024,A,ITC14,TOTFERR,FRG,TOTAL,1.66
2002,A,ITC14,TOTFERR,ITL,TOTAL,1.0
2003,A,ITC14,TOTFERR,ITL,TOTAL,1.12
2004,A,ITC14,TOTFERR,ITL,TOTAL,1.13
2005,A,ITC14,TOTFERR,ITL,TOTAL,1.07
2006,A,ITC14,TOTFERR,ITL,TOTAL,1.15
2007,A,ITC14,TOTFERR,ITL,TOTAL,1.12
2008,A,ITC14,TOTFERR,ITL,TOTAL,1.17
2009,A,ITC14,TOTFERR,ITL,TOTAL,1.26
2010,A,ITC14,TOTFERR,ITL,TOTAL,1.28
2011,A,ITC14,TOTFERR,ITL,TOTAL,1.26
2012,A,ITC14,TOTFERR,ITL,TOTAL,1.26
2013,A,ITC14,TOTFERR,ITL,TOTAL,1.21
2014,A,ITC14,TOTFERR,ITL,TOTAL,1.28
2015,A,ITC14,TOTFERR,ITL,TOTAL,1.22
2016,A,ITC14,TOTFERR,ITL,TOTAL,1.17
2017,A,ITC14,TOTFERR,ITL,TOTAL,1.13
2018,A,ITC14,TOTFERR,ITL,TOTAL,1.07
2019,A,ITC14,TOTFERR,ITL,TOTAL,1.02
2020,A,ITC14,TOTFERR,ITL,TOTAL,1.13
2021,A,ITC14,TOTFERR,ITL,TOTAL,1.17
2022,A,ITC14,TOTFERR,ITL,TOTAL,1.05
2023,A,ITC14,TOTFERR,ITL,TOTAL,1.05
2024,A,ITC14,TOTFERR,ITL,TOTAL,1.02
1999,A,ITC14,TOTFERR,TOTAL,TOTAL,1.03
2000,A,ITC14,TOTFERR,TOTAL,TOTAL,1.12
2001,A,ITC14,TOTFERR,TOTAL,TOTAL,1.1
2002,A,ITC14,TOTFERR,TOTAL,TOTAL,1.06
2003,A,ITC14,TOTFERR,TOTAL,TOTAL,1.16
2004,A,ITC14,TOTFERR,TOTAL,TOTAL,1.19
2005,A,ITC14,TOTFERR,TOTAL,TOTAL,1.12
2006,A,ITC14,TOTFERR,TOTAL,TOTAL,1.24
2007,A,ITC14,TOTFERR,TOTAL,TOTAL,1.18
2008,A,ITC14,TOTFERR,TOTAL,TOTAL,1.25
2009,A,ITC14,TOTFERR,TOTAL,TOTAL,1.33
2010,A,ITC14,TOTFERR,TOTAL,TOTAL,1.33
2011,A,ITC14,TOTFERR,TOTAL,TOTAL,1.33
2012,A,ITC14,TOTFERR,TOTAL,TOTAL,1.35
2013,A,ITC14,TOTFERR,TOTAL,TOTAL,1.27
2014,A,ITC14,TOTFERR,TOTAL,TOTAL,1.37
2015,A,ITC14,TOTFERR,TOTAL,TOTAL,1.3
2016,A,ITC14,TOTFERR,TOTAL,TOTAL,1.24
2017,A,ITC14,TOTFERR,TOTAL,TOTAL,1.2
2018,A,ITC14,TOTFERR,TOTAL,TOTAL,1.15
2019,A,ITC14,TOTFERR,TOTAL,TOTAL,1.1
2020,A,ITC14,TOTFERR,TOTAL,TOTAL,1.2
2021,A,ITC14,TOTFERR,TOTAL,TOTAL,1.24
2022,A,ITC14,TOTFERR,TOTAL,TOTAL,1.08
2023,A,ITC14,TOTFERR,TOTAL,TOTAL,1.07
2024,A,ITC14,TOTFERR,TOTAL,TOTAL,1.07
2002,A,ITC15,TOTFERR,FRG,TOTAL,3.22
2003,A,ITC15,TOTFERR,FRG,TOTAL,2.7
2004,A,ITC15,TOTFERR,FRG,TOTAL,2.84
2005,A,ITC15,TOTFERR,FRG,TOTAL,2.84
2006,A,ITC15,TOTFERR,FRG,TOTAL,2.71
2007,A,ITC15,TOTFERR,FRG,TOTAL,2.97
2008,A,ITC15,TOTFERR,FRG,TOTAL,2.64
2009,A,ITC15,TOTFERR,FRG,TOTAL,2.56
2010,A,ITC15,TOTFERR,FRG,TOTAL,2.57
2011,A,ITC15,TOTFERR,FRG,TOTAL,2.41
2012,A,ITC15,TOTFERR,FRG,TOTAL,2.56
2013,A,ITC15,TOTFERR,FRG,TOTAL,2.45
2014,A,ITC15,TOTFERR,FRG,TOTAL,2.35
2015,A,ITC15,TOTFERR,FRG,TOTAL,2.09
2016,A,ITC15,TOTFERR,FRG,TOTAL,2.33
2017,A,ITC15,TOTFERR,FRG,TOTAL,2.48
2018,A,ITC15,TOTFERR,FRG,TOTAL,2.3
2019,A,ITC15,TOTFERR,FRG,TOTAL,2.32
2020,A,ITC15,TOTFERR,FRG,TOTAL,2.39
2021,A,ITC15,TOTFERR,FRG,TOTAL,2.19
2022,A,ITC15,TOTFERR,FRG,TOTAL,2.06
2023,A,ITC15,TOTFERR,FRG,TOTAL,2.07
2024,A,ITC15,TOTFERR,FRG,TOTAL,2.15
2002,A,ITC15,TOTFERR,ITL,TOTAL,1.13
2003,A,ITC15,TOTFERR,ITL,TOTAL,1.13
2004,A,ITC15,TOTFERR,ITL,TOTAL,1.12
2005,A,ITC15,TOTFERR,ITL,TOTAL,1.15
2006,A,ITC15,TOTFERR,ITL,TOTAL,1.23
2007,A,ITC15,TOTFERR,ITL,TOTAL,1.22
2008,A,ITC15,TOTFERR,ITL,TOTAL,1.25
2009,A,ITC15,TOTFERR,ITL,TOTAL,1.23
2010,A,ITC15,TOTFERR,ITL,TOTAL,1.27
2011,A,ITC15,TOTFERR,ITL,TOTAL,1.27
2012,A,ITC15,TOTFERR,ITL,TOTAL,1.23
2013,A,ITC15,TOTFERR,ITL,TOTAL,1.25
2014,A,ITC15,TOTFERR,ITL,TOTAL,1.25
2015,A,ITC15,TOTFERR,ITL,TOTAL,1.24
2016,A,ITC15,TOTFERR,ITL,TOTAL,1.21
2017,A,ITC15,TOTFERR,ITL,TOTAL,1.17
2018,A,ITC15,TOTFERR,ITL,TOTAL,1.18
2019,A,ITC15,TOTFERR,ITL,TOTAL,1.14
2020,A,ITC15,TOTFERR,ITL,TOTAL,1.07
2021,A,ITC15,TOTFERR,ITL,TOTAL,1.11
2022,A,ITC15,TOTFERR,ITL,TOTAL,1.12
2023,A,ITC15,TOTFERR,ITL,TOTAL,1.05
2024,A,ITC15,TOTFERR,ITL,TOTAL,1.02
1999,A,ITC15,TOTFERR,TOTAL,TOTAL,1.13
2000,A,ITC15,TOTFERR,TOTAL,TOTAL,1.16
2001,A,ITC15,TOTFERR,TOTAL,TOTAL,1.12
2002,A,ITC15,TOTFERR,TOTAL,TOTAL,1.23
2003,A,ITC15,TOTFERR,TOTAL,TOTAL,1.22
2004,A,ITC15,TOTFERR,TOTAL,TOTAL,1.25
2005,A,ITC15,TOTFERR,TOTAL,TOTAL,1.27
2006,A,ITC15,TOTFERR,TOTAL,TOTAL,1.36
2007,A,ITC15,TOTFERR,TOTAL,TOTAL,1.4
2008,A,ITC15,TOTFERR,TOTAL,TOTAL,1.42
2009,A,ITC15,TOTFERR,TOTAL,TOTAL,1.42
2010,A,ITC15,TOTFERR,TOTAL,TOTAL,1.47
2011,A,ITC15,TOTFERR,TOTAL,TOTAL,1.46
2012,A,ITC15,TOTFERR,TOTAL,TOTAL,1.46
2013,A,ITC15,TOTFERR,TOTAL,TOTAL,1.45
2014,A,ITC15,TOTFERR,TOTAL,TOTAL,1.43
2015,A,ITC15,TOTFERR,TOTAL,TOTAL,1.38
2016,A,ITC15,TOTFERR,TOTAL,TOTAL,1.39
2017,A,ITC15,TOTFERR,TOTAL,TOTAL,1.38
2018,A,ITC15,TOTFERR,TOTAL,TOTAL,1.35
2019,A,ITC15,TOTFERR,TOTAL,TOTAL,1.32
2020,A,ITC15,TOTFERR,TOTAL,TOTAL,1.28
2021,A,ITC15,TOTFERR,TOTAL,TOTAL,1.27
2022,A,ITC15,TOTFERR,TOTAL,TOTAL,1.26
2023,A,ITC15,TOTFERR,TOTAL,TOTAL,1.2
2024,A,ITC15,TOTFERR,TOTAL,TOTAL,1.19
2002,A,ITC16,TOTFERR,FRG,TOTAL,3.0
2003,A,ITC16,TOTFERR,FRG,TOTAL,2.44
2004,A,ITC16,TOTFERR,FRG,TOTAL,3.1
2005,A,ITC16,TOTFERR,FRG,TOTAL,2.72
2006,A,ITC16,TOTFERR,FRG,TOTAL,2.78
2007,A,ITC16,TOTFERR,FRG,TOTAL,2.46
2008,A,ITC16,TOTFERR,FRG,TOTAL,2.39
2009,A,ITC16,TOTFERR,FRG,TOTAL,2.44
2010,A,ITC16,TOTFERR,FRG,TOTAL,2.29
2011,A,ITC16,TOTFERR,FRG,TOTAL,2.17
2012,A,ITC16,TOTFERR,FRG,TOTAL,2.22
2013,A,ITC16,TOTFERR,FRG,TOTAL,2.13
2014,A,ITC16,TOTFERR,FRG,TOTAL,2.15
2015,A,ITC16,TOTFERR,FRG,TOTAL,2.09
2016,A,ITC16,TOTFERR,FRG,TOTAL,2.09
2017,A,ITC16,TOTFERR,FRG,TOTAL,2.19
2018,A,ITC16,TOTFERR,FRG,TOTAL,2.22
2019,A,ITC16,TOTFERR,FRG,TOTAL,2.11
2020,A,ITC16,TOTFERR,FRG,TOTAL,2.13
2021,A,ITC16,TOTFERR,FRG,TOTAL,2.09
2022,A,ITC16,TOTFERR,FRG,TOTAL,1.98
2023,A,ITC16,TOTFERR,FRG,TOTAL,2.09
2024,A,ITC16,TOTFERR,FRG,TOTAL,2.12
2002,A,ITC16,TOTFERR,ITL,TOTAL,1.18
2003,A,ITC16,TOTFERR,ITL,TOTAL,1.2
2004,A,ITC16,TOTFERR,ITL,TOTAL,1.21
2005,A,ITC16,TOTFERR,ITL,TOTAL,1.22
2006,A,ITC16,TOTFERR,ITL,TOTAL,1.25
2007,A,ITC16,TOTFERR,ITL,TOTAL,1.31
2008,A,ITC16,TOTFERR,ITL,TOTAL,1.35
2009,A,ITC16,TOTFERR,ITL,TOTAL,1.38
2010,A,ITC16,TOTFERR,ITL,TOTAL,1.36
2011,A,ITC16,TOTFERR,ITL,TOTAL,1.38
2012,A,ITC16,TOTFERR,ITL,TOTAL,1.38
2013,A,ITC16,TOTFERR,ITL,TOTAL,1.42
2014,A,ITC16,TOTFERR,ITL,TOTAL,1.4
2015,A,ITC16,TOTFERR,ITL,TOTAL,1.37
2016,A,ITC16,TOTFERR,ITL,TOTAL,1.38
2017,A,ITC16,TOTFERR,ITL,TOTAL,1.35
2018,A,ITC16,TOTFERR,ITL,TOTAL,1.29
2019,A,ITC16,TOTFERR,ITL,TOTAL,1.28
2020,A,ITC16,TOTFERR,ITL,TOTAL,1.24
2021,A,ITC16,TOTFERR,ITL,TOTAL,1.28
2022,A,ITC16,TOTFERR,ITL,TOTAL,1.21
2023,A,ITC16,TOTFERR,ITL,TOTAL,1.18
2024,A,ITC16,TOTFERR,ITL,TOTAL,1.14
1999,A,ITC16,TOTFERR,TOTAL,TOTAL,1.26
2000,A,ITC16,TOTFERR,TOTAL,TOTAL,1.31
2001,A,ITC16,TOTFERR,TOTAL,TOTAL,1.31
2002,A,ITC16,TOTFERR,TOTAL,TOTAL,1.29
2003,A,ITC16,TOTFERR,TOTAL,TOTAL,1.29
2004,A,ITC16,TOTFERR,TOTAL,TOTAL,1.38
2005,A,ITC16,TOTFERR,TOTAL,TOTAL,1.36
2006,A,ITC16,TOTFERR,TOTAL,TOTAL,1.41
2007,A,ITC16,TOTFERR,TOTAL,TOTAL,1.45
2008,A,ITC16,TOTFERR,TOTAL,TOTAL,1.51
2009,A,ITC16,TOTFERR,TOTAL,TOTAL,1.54
2010,A,ITC16,TOTFERR,TOTAL,TOTAL,1.52
2011,A,ITC16,TOTFERR,TOTAL,TOTAL,1.52
2012,A,ITC16,TOTFERR,TOTAL,TOTAL,1.54
2013,A,ITC16,TOTFERR,TOTAL,TOTAL,1.55
2014,A,ITC16,TOTFERR,TOTAL,TOTAL,1.54
2015,A,ITC16,TOTFERR,TOTAL,TOTAL,1.49
2016,A,ITC16,TOTFERR,TOTAL,TOTAL,1.5
2017,A,ITC16,TOTFERR,TOTAL,TOTAL,1.48
2018,A,ITC16,TOTFERR,TOTAL,TOTAL,1.43
2019,A,ITC16,TOTFERR,TOTAL,TOTAL,1.4
2020,A,ITC16,TOTFERR,TOTAL,TOTAL,1.36
2021,A,ITC16,TOTFERR,TOTAL,TOTAL,1.4
2022,A,ITC16,TOTFERR,TOTAL,TOTAL,1.31
2023,A,ITC16,TOTFERR,TOTAL,TOTAL,1.3
2024,A,ITC16,TOTFERR,TOTAL,TOTAL,1.27
2002,A,ITC17,TOTFERR,FRG,TOTAL,3.14
2003,A,ITC17,TOTFERR,FRG,TOTAL,2.72
2004,A,ITC17,TOTFERR,FRG,TOTAL,2.55
2005,A,ITC17,TOTFERR,FRG,TOTAL,2.79
2006,A,ITC17,TOTFERR,FRG,TOTAL,2.8
2007,A,ITC17,TOTFERR,FRG,TOTAL,2.79
2008,A,ITC17,TOTFERR,FRG,TOTAL,2.43
2009,A,ITC17,TOTFERR,FRG,TOTAL,2.54
2010,A,ITC17,TOTFERR,FRG,TOTAL,2.17
2011,A,ITC17,TOTFERR,FRG,TOTAL,2.12
2012,A,ITC17,TOTFERR,FRG,TOTAL,2.19
2013,A,ITC17,TOTFERR,FRG,TOTAL,2.0
2014,A,ITC17,TOTFERR,FRG,TOTAL,1.92
2015,A,ITC17,TOTFERR,FRG,TOTAL,1.78
2016,A,ITC17,TOTFERR,FRG,TOTAL,1.93
2017,A,ITC17,TOTFERR,FRG,TOTAL,2.03
2018,A,ITC17,TOTFERR,FRG,TOTAL,1.88
2019,A,ITC17,TOTFERR,FRG,TOTAL,1.94
2020,A,ITC17,TOTFERR,FRG,TOTAL,1.81
2021,A,ITC17,TOTFERR,FRG,TOTAL,1.92
2022,A,ITC17,TOTFERR,FRG,TOTAL,1.82
2023,A,ITC17,TOTFERR,FRG,TOTAL,2.01
2024,A,ITC17,TOTFERR,FRG,TOTAL,2.13
2002,A,ITC17,TOTFERR,ITL,TOTAL,1.15
2003,A,ITC17,TOTFERR,ITL,TOTAL,1.09
2004,A,ITC17,TOTFERR,ITL,TOTAL,1.15
2005,A,ITC17,TOTFERR,ITL,TOTAL,1.16
2006,A,ITC17,TOTFERR,ITL,TOTAL,1.17
2007,A,ITC17,TOTFERR,ITL,TOTAL,1.15
2008,A,ITC17,TOTFERR,ITL,TOTAL,1.23
2009,A,ITC17,TOTFERR,ITL,TOTAL,1.22
2010,A,ITC17,TOTFERR,ITL,TOTAL,1.21
2011,A,ITC17,TOTFERR,ITL,TOTAL,1.24
2012,A,ITC17,TOTFERR,ITL,TOTAL,1.25
2013,A,ITC17,TOTFERR,ITL,TOTAL,1.31
2014,A,ITC17,TOTFERR,ITL,TOTAL,1.25
2015,A,ITC17,TOTFERR,ITL,TOTAL,1.26
2016,A,ITC17,TOTFERR,ITL,TOTAL,1.27
2017,A,ITC17,TOTFERR,ITL,TOTAL,1.24
2018,A,ITC17,TOTFERR,ITL,TOTAL,1.12
2019,A,ITC17,TOTFERR,ITL,TOTAL,1.13
2020,A,ITC17,TOTFERR,ITL,TOTAL,1.1
2021,A,ITC17,TOTFERR,ITL,TOTAL,1.09
2022,A,ITC17,TOTFERR,ITL,TOTAL,1.1
2023,A,ITC17,TOTFERR,ITL,TOTAL,1.03
2024,A,ITC17,TOTFERR,ITL,TOTAL,1.07
1999,A,ITC17,TOTFERR,TOTAL,TOTAL,1.15
2000,A,ITC17,TOTFERR,TOTAL,TOTAL,1.18
2001,A,ITC17,TOTFERR,TOTAL,TOTAL,1.15
2002,A,ITC17,TOTFERR,TOTAL,TOTAL,1.28
2003,A,ITC17,TOTFERR,TOTAL,TOTAL,1.22
2004,A,ITC17,TOTFERR,TOTAL,TOTAL,1.29
2005,A,ITC17,TOTFERR,TOTAL,TOTAL,1.35
2006,A,ITC17,TOTFERR,TOTAL,TOTAL,1.38
2007,A,ITC17,TOTFERR,TOTAL,TOTAL,1.4
2008,A,ITC17,TOTFERR,TOTAL,TOTAL,1.45
2009,A,ITC17,TOTFERR,TOTAL,TOTAL,1.5
2010,A,ITC17,TOTFERR,TOTAL,TOTAL,1.42
2011,A,ITC17,TOTFERR,TOTAL,TOTAL,1.45
2012,A,ITC17,TOTFERR,TOTAL,TOTAL,1.48
2013,A,ITC17,TOTFERR,TOTAL,TOTAL,1.47
2014,A,ITC17,TOTFERR,TOTAL,TOTAL,1.4
2015,A,ITC17,TOTFERR,TOTAL,TOTAL,1.37
2016,A,ITC17,TOTFERR,TOTAL,TOTAL,1.4
2017,A,ITC17,TOTFERR,TOTAL,TOTAL,1.41
2018,A,ITC17,TOTFERR,TOTAL,TOTAL,1.26
2019,A,ITC17,TOTFERR,TOTAL,TOTAL,1.28
2020,A,ITC17,TOTFERR,TOTAL,TOTAL,1.22
2021,A,ITC17,TOTFERR,TOTAL,TOTAL,1.22
2022,A,ITC17,TOTFERR,TOTAL,TOTAL,1.21
2023,A,ITC17,TOTFERR,TOTAL,TOTAL,1.18
2024,A,ITC17,TOTFERR,TOTAL,TOTAL,1.22
2002,A,ITC18,TOTFERR,FRG,TOTAL,2.75
2003,A,ITC18,TOTFERR,FRG,TOTAL,2.36
2004,A,ITC18,TOTFERR,FRG,TOTAL,2.84
2005,A,ITC18,TOTFERR,FRG,TOTAL,2.28
2006,A,ITC18,TOTFERR,FRG,TOTAL,2.56
2007,A,ITC18,TOTFERR,FRG,TOTAL,2.38
2008,A,ITC18,TOTFERR,FRG,TOTAL,2.16
2009,A,ITC18,TOTFERR,FRG,TOTAL,2.1
2010,A,ITC18,TOTFERR,FRG,TOTAL,2.11
2011,A,ITC18,TOTFERR,FRG,TOTAL,2.18
2012,A,ITC18,TOTFERR,FRG,TOTAL,2.03
2013,A,ITC18,TOTFERR,FRG,TOTAL,1.9
2014,A,ITC18,TOTFERR,FRG,TOTAL,2.01
2015,A,ITC18,TOTFERR,FRG,TOTAL,1.88
2016,A,ITC18,TOTFERR,FRG,TOTAL,2.09
2017,A,ITC18,TOTFERR,FRG,TOTAL,2.03
2018,A,ITC18,TOTFERR,FRG,TOTAL,1.97
2019,A,ITC18,TOTFERR,FRG,TOTAL,1.89
2020,A,ITC18,TOTFERR,FRG,TOTAL,1.97
2021,A,ITC18,TOTFERR,FRG,TOTAL,1.88
2022,A,ITC18,TOTFERR,FRG,TOTAL,2.03
2023,A,ITC18,TOTFERR,FRG,TOTAL,1.86
2024,A,ITC18,TOTFERR,FRG,TOTAL,1.89
2002,A,ITC18,TOTFERR,ITL,TOTAL,0.99
2003,A,ITC18,TOTFERR,ITL,TOTAL,0.98
2004,A,ITC18,TOTFERR,ITL,TOTAL,1.02
2005,A,ITC18,TOTFERR,ITL,TOTAL,1.04
2006,A,ITC18,TOTFERR,ITL,TOTAL,1.09
2007,A,ITC18,TOTFERR,ITL,TOTAL,1.1
2008,A,ITC18,TOTFERR,ITL,TOTAL,1.17
2009,A,ITC18,TOTFERR,ITL,TOTAL,1.15
2010,A,ITC18,TOTFERR,ITL,TOTAL,1.12
2011,A,ITC18,TOTFERR,ITL,TOTAL,1.15
2012,A,ITC18,TOTFERR,ITL,TOTAL,1.16
2013,A,ITC18,TOTFERR,ITL,TOTAL,1.13
2014,A,ITC18,TOTFERR,ITL,TOTAL,1.12
2015,A,ITC18,TOTFERR,ITL,TOTAL,1.14
2016,A,ITC18,TOTFERR,ITL,TOTAL,1.11
2017,A,ITC18,TOTFERR,ITL,TOTAL,1.1
2018,A,ITC18,TOTFERR,ITL,TOTAL,1.06
2019,A,ITC18,TOTFERR,ITL,TOTAL,1.01
2020,A,ITC18,TOTFERR,ITL,TOTAL,0.97
2021,A,ITC18,TOTFERR,ITL,TOTAL,0.97
2022,A,ITC18,TOTFERR,ITL,TOTAL,1.05
2023,A,ITC18,TOTFERR,ITL,TOTAL,1.02
2024,A,ITC18,TOTFERR,ITL,TOTAL,0.93
1999,A,ITC18,TOTFERR,TOTAL,TOTAL,0.97
2000,A,ITC18,TOTFERR,TOTAL,TOTAL,1.0
2001,A,ITC18,TOTFERR,TOTAL,TOTAL,1.06
2002,A,ITC18,TOTFERR,TOTAL,TOTAL,1.08
2003,A,ITC18,TOTFERR,TOTAL,TOTAL,1.08
2004,A,ITC18,TOTFERR,TOTAL,TOTAL,1.18
2005,A,ITC18,TOTFERR,TOTAL,TOTAL,1.16
2006,A,ITC18,TOTFERR,TOTAL,TOTAL,1.26
2007,A,ITC18,TOTFERR,TOTAL,TOTAL,1.28
2008,A,ITC18,TOTFERR,TOTAL,TOTAL,1.34
2009,A,ITC18,TOTFERR,TOTAL,TOTAL,1.32
2010,A,ITC18,TOTFERR,TOTAL,TOTAL,1.32
2011,A,ITC18,TOTFERR,TOTAL,TOTAL,1.37
2012,A,ITC18,TOTFERR,TOTAL,TOTAL,1.36
2013,A,ITC18,TOTFERR,TOTAL,TOTAL,1.3
2014,A,ITC18,TOTFERR,TOTAL,TOTAL,1.31
2015,A,ITC18,TOTFERR,TOTAL,TOTAL,1.29
2016,A,ITC18,TOTFERR,TOTAL,TOTAL,1.3
2017,A,ITC18,TOTFERR,TOTAL,TOTAL,1.27
2018,A,ITC18,TOTFERR,TOTAL,TOTAL,1.22
2019,A,ITC18,TOTFERR,TOTAL,TOTAL,1.17
2020,A,ITC18,TOTFERR,TOTAL,TOTAL,1.15
2021,A,ITC18,TOTFERR,TOTAL,TOTAL,1.13
2022,A,ITC18,TOTFERR,TOTAL,TOTAL,1.21
2023,A,ITC18,TOTFERR,TOTAL,TOTAL,1.16
2024,A,ITC18,TOTFERR,TOTAL,TOTAL,1.1
2002,A,ITC2,TOTFERR,FRG,TOTAL,2.99
2003,A,ITC2,TOTFERR,FRG,TOTAL,2.07
2004,A,ITC2,TOTFERR,FRG,TOTAL,2.41
2005,A,ITC2,TOTFERR,FRG,TOTAL,2.3
2006,A,ITC2,TOTFERR,FRG,TOTAL,2.49
2007,A,ITC2,TOTFERR,FRG,TOTAL,2.15
2008,A,ITC2,TOTFERR,FRG,TOTAL,1.91
2009,A,ITC2,TOTFERR,FRG,TOTAL,2.45
2010,A,ITC2,TOTFERR,FRG,TOTAL,2.41
2011,A,ITC2,TOTFERR,FRG,TOTAL,2.03
2012,A,ITC2,TOTFERR,FRG,TOTAL,2.23
2013,A,ITC2,TOTFERR,FRG,TOTAL,2.02
2014,A,ITC2,TOTFERR,FRG,TOTAL,2.13
2015,A,ITC2,TOTFERR,FRG,TOTAL,2.0
2016,A,ITC2,TOTFERR,FRG,TOTAL,2.17
2017,A,ITC2,TOTFERR,FRG,TOTAL,2.06
2018,A,ITC2,TOTFERR,FRG,TOTAL,2.34
2019,A,ITC2,TOTFERR,FRG,TOTAL,1.99
2020,A,ITC2,TOTFERR,FRG,TOTAL,1.85
2021,A,ITC2,TOTFERR,FRG,TOTAL,2.03
2022,A,ITC2,TOTFERR,FRG,TOTAL,1.63
2023,A,ITC2,TOTFERR,FRG,TOTAL,1.79
2024,A,ITC2,TOTFERR,FRG,TOTAL,1.77
2002,A,ITC2,TOTFERR,ITL,TOTAL,1.17
2003,A,ITC2,TOTFERR,ITL,TOTAL,1.24
2004,A,ITC2,TOTFERR,ITL,TOTAL,1.26
2005,A,ITC2,TOTFERR,ITL,TOTAL,1.27
2006,A,ITC2,TOTFERR,ITL,TOTAL,1.36
2007,A,ITC2,TOTFERR,ITL,TOTAL,1.4
2008,A,ITC2,TOTFERR,ITL,TOTAL,1.53
2009,A,ITC2,TOTFERR,ITL,TOTAL,1.5
2010,A,ITC2,TOTFERR,ITL,TOTAL,1.49
2011,A,ITC2,TOTFERR,ITL,TOTAL,1.53
2012,A,ITC2,TOTFERR,ITL,TOTAL,1.47
2013,A,ITC2,TOTFERR,ITL,TOTAL,1.36
2014,A,ITC2,TOTFERR,ITL,TOTAL,1.45
2015,A,ITC2,TOTFERR,ITL,TOTAL,1.34
2016,A,ITC2,TOTFERR,ITL,TOTAL,1.34
2017,A,ITC2,TOTFERR,ITL,TOTAL,1.27
2018,A,ITC2,TOTFERR,ITL,TOTAL,1.28
2019,A,ITC2,TOTFERR,ITL,TOTAL,1.24
2020,A,ITC2,TOTFERR,ITL,TOTAL,1.16
2021,A,ITC2,TOTFERR,ITL,TOTAL,1.12
2022,A,ITC2,TOTFERR,ITL,TOTAL,1.26
2023,A,ITC2,TOTFERR,ITL,TOTAL,1.12
2024,A,ITC2,TOTFERR,ITL,TOTAL,0.98
1999,A,ITC2,TOTFERR,TOTAL,TOTAL,1.19
2000,A,ITC2,TOTFERR,TOTAL,TOTAL,1.27
2001,A,ITC2,TOTFERR,TOTAL,TOTAL,1.22
2002,A,ITC2,TOTFERR,TOTAL,TOTAL,1.25
2003,A,ITC2,TOTFERR,TOTAL,TOTAL,1.28
2004,A,ITC2,TOTFERR,TOTAL,TOTAL,1.33
2005,A,ITC2,TOTFERR,TOTAL,TOTAL,1.34
2006,A,ITC2,TOTFERR,TOTAL,TOTAL,1.44
2007,A,ITC2,TOTFERR,TOTAL,TOTAL,1.47
2008,A,ITC2,TOTFERR,TOTAL,TOTAL,1.57
2009,A,ITC2,TOTFERR,TOTAL,TOTAL,1.62
2010,A,ITC2,TOTFERR,TOTAL,TOTAL,1.62
2011,A,ITC2,TOTFERR,TOTAL,TOTAL,1.6
2012,A,ITC2,TOTFERR,TOTAL,TOTAL,1.57
2013,A,ITC2,TOTFERR,TOTAL,TOTAL,1.44
2014,A,ITC2,TOTFERR,TOTAL,TOTAL,1.54
2015,A,ITC2,TOTFERR,TOTAL,TOTAL,1.41
2016,A,ITC2,TOTFERR,TOTAL,TOTAL,1.42
2017,A,ITC2,TOTFERR,TOTAL,TOTAL,1.35
2018,A,ITC2,TOTFERR,TOTAL,TOTAL,1.39
2019,A,ITC2,TOTFERR,TOTAL,TOTAL,1.31
2020,A,ITC2,TOTFERR,TOTAL,TOTAL,1.23
2021,A,ITC2,TOTFERR,TOTAL,TOTAL,1.21
2022,A,ITC2,TOTFERR,TOTAL,TOTAL,1.27
2023,A,ITC2,TOTFERR,TOTAL,TOTAL,1.17
2024,A,ITC2,TOTFERR,TOTAL,TOTAL,1.05
2002,A,ITC20,TOTFERR,FRG,TOTAL,2.99
2003,A,ITC20,TOTFERR,FRG,TOTAL,2.07
2004,A,ITC20,TOTFERR,FRG,TOTAL,2.41
2005,A,ITC20,TOTFERR,FRG,TOTAL,2.3
2006,A,ITC20,TOTFERR,FRG,TOTAL,2.49
2007,A,ITC20,TOTFERR,FRG,TOTAL,2.15
2008,A,ITC20,TOTFERR,FRG,TOTAL,1.91
2009,A,ITC20,TOTFERR,FRG,TOTAL,2.45
2010,A,ITC20,TOTFERR,FRG,TOTAL,2.41
2011,A,ITC20,TOTFERR,FRG,TOTAL,2.03
2012,A,ITC20,TOTFERR,FRG,TOTAL,2.23
2013,A,ITC20,TOTFERR,FRG,TOTAL,2.02
2014,A,ITC20,TOTFERR,FRG,TOTAL,2.13
2015,A,ITC20,TOTFERR,FRG,TOTAL,2.0
2016,A,ITC20,TOTFERR,FRG,TOTAL,2.17
2017,A,ITC20,TOTFERR,FRG,TOTAL,2.06
2018,A,ITC20,TOTFERR,FRG,TOTAL,2.34
2019,A,ITC20,TOTFERR,FRG,TOTAL,1.99
2020,A,ITC20,TOTFERR,FRG,TOTAL,1.85
2021,A,ITC20,TOTFERR,FRG,TOTAL,2.03
2022,A,ITC20,TOTFERR,FRG,TOTAL,1.63
2023,A,ITC20,TOTFERR,FRG,TOTAL,1.79
2024,A,ITC20,TOTFERR,FRG,TOTAL,1.77
2002,A,ITC20,TOTFERR,ITL,TOTAL,1.17
2003,A,ITC20,TOTFERR,ITL,TOTAL,1.24
2004,A,ITC20,TOTFERR,ITL,TOTAL,1.26
2005,A,ITC20,TOTFERR,ITL,TOTAL,1.27
2006,A,ITC20,TOTFERR,ITL,TOTAL,1.36
2007,A,ITC20,TOTFERR,ITL,TOTAL,1.4
2008,A,ITC20,TOTFERR,ITL,TOTAL,1.53
2009,A,ITC20,TOTFERR,ITL,TOTAL,1.5
2010,A,ITC20,TOTFERR,ITL,TOTAL,1.49
2011,A,ITC20,TOTFERR,ITL,TOTAL,1.53
2012,A,ITC20,TOTFERR,ITL,TOTAL,1.47
2013,A,ITC20,TOTFERR,ITL,TOTAL,1.36
2014,A,ITC20,TOTFERR,ITL,TOTAL,1.45
2015,A,ITC20,TOTFERR,ITL,TOTAL,1.34
2016,A,ITC20,TOTFERR,ITL,TOTAL,1.34
2017,A,ITC20,TOTFERR,ITL,TOTAL,1.27
2018,A,ITC20,TOTFERR,ITL,TOTAL,1.28
2019,A,ITC20,TOTFERR,ITL,TOTAL,1.24
2020,A,ITC20,TOTFERR,ITL,TOTAL,1.16
2021,A,ITC20,TOTFERR,ITL,TOTAL,1.12
2022,A,ITC20,TOTFERR,ITL,TOTAL,1.26
2023,A,ITC20,TOTFERR,ITL,TOTAL,1.12
2024,A,ITC20,TOTFERR,ITL,TOTAL,0.98
1999,A,ITC20,TOTFERR,TOTAL,TOTAL,1.19
2000,A,ITC20,TOTFERR,TOTAL,TOTAL,1.27
2001,A,ITC20,TOTFERR,TOTAL,TOTAL,1.22
2002,A,ITC20,TOTFERR,TOTAL,TOTAL,1.25
2003,A,ITC20,TOTFERR,TOTAL,TOTAL,1.28
2004,A,ITC20,TOTFERR,TOTAL,TOTAL,1.33
2005,A,ITC20,TOTFERR,TOTAL,TOTAL,1.34
2006,A,ITC20,TOTFERR,TOTAL,TOTAL,1.44
2007,A,ITC20,TOTFERR,TOTAL,TOTAL,1.47
2008,A,ITC20,TOTFERR,TOTAL,TOTAL,1.57
2009,A,ITC20,TOTFERR,TOTAL,TOTAL,1.62
2010,A,ITC20,TOTFERR,TOTAL,TOTAL,1.62
2011,A,ITC20,TOTFERR,TOTAL,TOTAL,1.6
2012,A,ITC20,TOTFERR,TOTAL,TOTAL,1.57
2013,A,ITC20,TOTFERR,TOTAL,TOTAL,1.44
2014,A,ITC20,TOTFERR,TOTAL,TOTAL,1.54
2015,A,ITC20,TOTFERR,TOTAL,TOTAL,1.41
2016,A,ITC20,TOTFERR,TOTAL,TOTAL,1.42
2017,A,ITC20,TOTFERR,TOTAL,TOTAL,1.35
2018,A,ITC20,TOTFERR,TOTAL,TOTAL,1.39
2019,A,ITC20,TOTFERR,TOTAL,TOTAL,1.31
2020,A,ITC20,TOTFERR,TOTAL,TOTAL,1.23
2021,A,ITC20,TOTFERR,TOTAL,TOTAL,1.21
2022,A,ITC20,TOTFERR,TOTAL,TOTAL,1.27
2023,A,ITC20,TOTFERR,TOTAL,TOTAL,1.17
2024,A,ITC20,TOTFERR,TOTAL,TOTAL,1.05
2002,A,ITC3,TOTFERR,FRG,TOTAL,2.65
2003,A,ITC3,TOTFERR,FRG,TOTAL,2.15
2004,A,ITC3,TOTFERR,FRG,TOTAL,2.52
2005,A,ITC3,TOTFERR,FRG,TOTAL,2.31
2006,A,ITC3,TOTFERR,FRG,TOTAL,2.34
2007,A,ITC3,TOTFERR,FRG,TOTAL,2.37
2008,A,ITC3,TOTFERR,FRG,TOTAL,2.35
2009,A,ITC3,TOTFERR,FRG,TOTAL,2.23
2010,A,ITC3,TOTFERR,FRG,TOTAL,2.14
2011,A,ITC3,TOTFERR,FRG,TOTAL,2.07
2012,A,ITC3,TOTFERR,FRG,TOTAL,2.2
2013,A,ITC3,TOTFERR,FRG,TOTAL,2.08
2014,A,ITC3,TOTFERR,FRG,TOTAL,2.01
2015,A,ITC3,TOTFERR,FRG,TOTAL,2.04
2016,A,ITC3,TOTFERR,FRG,TOTAL,2.07
2017,A,ITC3,TOTFERR,FRG,TOTAL,2.09
2018,A,ITC3,TOTFERR,FRG,TOTAL,2.09
2019,A,ITC3,TOTFERR,FRG,TOTAL,2.01
2020,A,ITC3,TOTFERR,FRG,TOTAL,2.06
2021,A,ITC3,TOTFERR,FRG,TOTAL,1.95
2022,A,ITC3,TOTFERR,FRG,TOTAL,1.92
2023,A,ITC3,TOTFERR,FRG,TOTAL,1.89
2024,A,ITC3,TOTFERR,FRG,TOTAL,2.02
2002,A,ITC3,TOTFERR,ITL,TOTAL,1.02
2003,A,ITC3,TOTFERR,ITL,TOTAL,1.04
2004,A,ITC3,TOTFERR,ITL,TOTAL,1.07
2005,A,ITC3,TOTFERR,ITL,TOTAL,1.09
2006,A,ITC3,TOTFERR,ITL,TOTAL,1.14
2007,A,ITC3,TOTFERR,ITL,TOTAL,1.16
2008,A,ITC3,TOTFERR,ITL,TOTAL,1.22
2009,A,ITC3,TOTFERR,ITL,TOTAL,1.22
2010,A,ITC3,TOTFERR,ITL,TOTAL,1.22
2011,A,ITC3,TOTFERR,ITL,TOTAL,1.19
2012,A,ITC3,TOTFERR,ITL,TOTAL,1.23
2013,A,ITC3,TOTFERR,ITL,TOTAL,1.2
2014,A,ITC3,TOTFERR,ITL,TOTAL,1.22
2015,A,ITC3,TOTFERR,ITL,TOTAL,1.18
2016,A,ITC3,TOTFERR,ITL,TOTAL,1.17
2017,A,ITC3,TOTFERR,ITL,TOTAL,1.15
2018,A,ITC3,TOTFERR,ITL,TOTAL,1.1
2019,A,ITC3,TOTFERR,ITL,TOTAL,1.08
2020,A,ITC3,TOTFERR,ITL,TOTAL,1.08
2021,A,ITC3,TOTFERR,ITL,TOTAL,1.08
2022,A,ITC3,TOTFERR,ITL,TOTAL,1.08
2023,A,ITC3,TOTFERR,ITL,TOTAL,1.05
2024,A,ITC3,TOTFERR,ITL,TOTAL,1.03
1999,A,ITC3,TOTFERR,TOTAL,TOTAL,0.99
2000,A,ITC3,TOTFERR,TOTAL,TOTAL,1.04
2001,A,ITC3,TOTFERR,TOTAL,TOTAL,1.06
2002,A,ITC3,TOTFERR,TOTAL,TOTAL,1.09
2003,A,ITC3,TOTFERR,TOTAL,TOTAL,1.11
2004,A,ITC3,TOTFERR,TOTAL,TOTAL,1.18
2005,A,ITC3,TOTFERR,TOTAL,TOTAL,1.19
2006,A,ITC3,TOTFERR,TOTAL,TOTAL,1.24
2007,A,ITC3,TOTFERR,TOTAL,TOTAL,1.28
2008,A,ITC3,TOTFERR,TOTAL,TOTAL,1.35
2009,A,ITC3,TOTFERR,TOTAL,TOTAL,1.36
2010,A,ITC3,TOTFERR,TOTAL,TOTAL,1.35
2011,A,ITC3,TOTFERR,TOTAL,TOTAL,1.33
2012,A,ITC3,TOTFERR,TOTAL,TOTAL,1.38
2013,A,ITC3,TOTFERR,TOTAL,TOTAL,1.35
2014,A,ITC3,TOTFERR,TOTAL,TOTAL,1.35
2015,A,ITC3,TOTFERR,TOTAL,TOTAL,1.32
2016,A,ITC3,TOTFERR,TOTAL,TOTAL,1.31
2017,A,ITC3,TOTFERR,TOTAL,TOTAL,1.29
2018,A,ITC3,TOTFERR,TOTAL,TOTAL,1.24
2019,A,ITC3,TOTFERR,TOTAL,TOTAL,1.21
2020,A,ITC3,TOTFERR,TOTAL,TOTAL,1.23
2021,A,ITC3,TOTFERR,TOTAL,TOTAL,1.21
2022,A,ITC3,TOTFERR,TOTAL,TOTAL,1.2
2023,A,ITC3,TOTFERR,TOTAL,TOTAL,1.17
2024,A,ITC3,TOTFERR,TOTAL,TOTAL,1.17
2002,A,ITC31,TOTFERR,FRG,TOTAL,3.02
2003,A,ITC31,TOTFERR,FRG,TOTAL,2.05
2004,A,ITC31,TOTFERR,FRG,TOTAL,2.87
2005,A,ITC31,TOTFERR,FRG,TOTAL,2.87
2006,A,ITC31,TOTFERR,FRG,TOTAL,2.35
2007,A,ITC31,TOTFERR,FRG,TOTAL,2.76
2008,A,ITC31,TOTFERR,FRG,TOTAL,2.47
2009,A,ITC31,TOTFERR,FRG,TOTAL,2.42
2010,A,ITC31,TOTFERR,FRG,TOTAL,2.18
2011,A,ITC31,TOTFERR,FRG,TOTAL,2.07
2012,A,ITC31,TOTFERR,FRG,TOTAL,2.16
2013,A,ITC31,TOTFERR,FRG,TOTAL,2.16
2014,A,ITC31,TOTFERR,FRG,TOTAL,1.98
2015,A,ITC31,TOTFERR,FRG,TOTAL,2.11
2016,A,ITC31,TOTFERR,FRG,TOTAL,2.01
2017,A,ITC31,TOTFERR,FRG,TOTAL,2.19
2018,A,ITC31,TOTFERR,FRG,TOTAL,2.14
2019,A,ITC31,TOTFERR,FRG,TOTAL,2.05
2020,A,ITC31,TOTFERR,FRG,TOTAL,2.22
2021,A,ITC31,TOTFERR,FRG,TOTAL,2.18
2022,A,ITC31,TOTFERR,FRG,TOTAL,2.11
2023,A,ITC31,TOTFERR,FRG,TOTAL,1.91
2024,A,ITC31,TOTFERR,FRG,TOTAL,2.12
2002,A,ITC31,TOTFERR,ITL,TOTAL,1.06
2003,A,ITC31,TOTFERR,ITL,TOTAL,1.08
2004,A,ITC31,TOTFERR,ITL,TOTAL,1.13
2005,A,ITC31,TOTFERR,ITL,TOTAL,1.21
2006,A,ITC31,TOTFERR,ITL,TOTAL,1.17
2007,A,ITC31,TOTFERR,ITL,TOTAL,1.22
2008,A,ITC31,TOTFERR,ITL,TOTAL,1.27
2009,A,ITC31,TOTFERR,ITL,TOTAL,1.22
2010,A,ITC31,TOTFERR,ITL,TOTAL,1.2
2011,A,ITC31,TOTFERR,ITL,TOTAL,1.2
2012,A,ITC31,TOTFERR,ITL,TOTAL,1.17
2013,A,ITC31,TOTFERR,ITL,TOTAL,1.18
2014,A,ITC31,TOTFERR,ITL,TOTAL,1.17
2015,A,ITC31,TOTFERR,ITL,TOTAL,1.2
2016,A,ITC31,TOTFERR,ITL,TOTAL,1.18
2017,A,ITC31,TOTFERR,ITL,TOTAL,1.13
2018,A,ITC31,TOTFERR,ITL,TOTAL,1.08
2019,A,ITC31,TOTFERR,ITL,TOTAL,1.02
2020,A,ITC31,TOTFERR,ITL,TOTAL,1.1
2021,A,ITC31,TOTFERR,ITL,TOTAL,1.03
2022,A,ITC31,TOTFERR,ITL,TOTAL,1.06
2023,A,ITC31,TOTFERR,ITL,TOTAL,0.99
2024,A,ITC31,TOTFERR,ITL,TOTAL,1.0
1999,A,ITC31,TOTFERR,TOTAL,TOTAL,1.1
2000,A,ITC31,TOTFERR,TOTAL,TOTAL,1.12
2001,A,ITC31,TOTFERR,TOTAL,TOTAL,1.19
2002,A,ITC31,TOTFERR,TOTAL,TOTAL,1.16
2003,A,ITC31,TOTFERR,TOTAL,TOTAL,1.14
2004,A,ITC31,TOTFERR,TOTAL,TOTAL,1.26
2005,A,ITC31,TOTFERR,TOTAL,TOTAL,1.34
2006,A,ITC31,TOTFERR,TOTAL,TOTAL,1.27
2007,A,ITC31,TOTFERR,TOTAL,TOTAL,1.38
2008,A,ITC31,TOTFERR,TOTAL,TOTAL,1.42
2009,A,ITC31,TOTFERR,TOTAL,TOTAL,1.4
2010,A,ITC31,TOTFERR,TOTAL,TOTAL,1.37
2011,A,ITC31,TOTFERR,TOTAL,TOTAL,1.35
2012,A,ITC31,TOTFERR,TOTAL,TOTAL,1.34
2013,A,ITC31,TOTFERR,TOTAL,TOTAL,1.35
2014,A,ITC31,TOTFERR,TOTAL,TOTAL,1.33
2015,A,ITC31,TOTFERR,TOTAL,TOTAL,1.35
2016,A,ITC31,TOTFERR,TOTAL,TOTAL,1.31
2017,A,ITC31,TOTFERR,TOTAL,TOTAL,1.31
2018,A,ITC31,TOTFERR,TOTAL,TOTAL,1.25
2019,A,ITC31,TOTFERR,TOTAL,TOTAL,1.2
2020,A,ITC31,TOTFERR,TOTAL,TOTAL,1.3
2021,A,ITC31,TOTFERR,TOTAL,TOTAL,1.25
2022,A,ITC31,TOTFERR,TOTAL,TOTAL,1.25
2023,A,ITC31,TOTFERR,TOTAL,TOTAL,1.16
2024,A,ITC31,TOTFERR,TOTAL,TOTAL,1.21
2002,A,ITC32,TOTFERR,FRG,TOTAL,3.12
2003,A,ITC32,TOTFERR,FRG,TOTAL,2.6
2004,A,ITC32,TOTFERR,FRG,TOTAL,2.66
2005,A,ITC32,TOTFERR,FRG,TOTAL,2.45
2006,A,ITC32,TOTFERR,FRG,TOTAL,2.5
2007,A,ITC32,TOTFERR,FRG,TOTAL,2.35
2008,A,ITC32,TOTFERR,FRG,TOTAL,2.21
2009,A,ITC32,TOTFERR,FRG,TOTAL,2.19
2010,A,ITC32,TOTFERR,FRG,TOTAL,2.06
2011,A,ITC32,TOTFERR,FRG,TOTAL,2.06
2012,A,ITC32,TOTFERR,FRG,TOTAL,2.29
2013,A,ITC32,TOTFERR,FRG,TOTAL,2.08
2014,A,ITC32,TOTFERR,FRG,TOTAL,2.08
2015,A,ITC32,TOTFERR,FRG,TOTAL,2.29
2016,A,ITC32,TOTFERR,FRG,TOTAL,2.18
2017,A,ITC32,TOTFERR,FRG,TOTAL,2.17
2018,A,ITC32,TOTFERR,FRG,TOTAL,2.17
2019,A,ITC32,TOTFERR,FRG,TOTAL,2.05
2020,A,ITC32,TOTFERR,FRG,TOTAL,2.04
2021,A,ITC32,TOTFERR,FRG,TOTAL,2.03
2022,A,ITC32,TOTFERR,FRG,TOTAL,1.57
2023,A,ITC32,TOTFERR,FRG,TOTAL,1.58
2024,A,ITC32,TOTFERR,FRG,TOTAL,1.94
2002,A,ITC32,TOTFERR,ITL,TOTAL,1.05
2003,A,ITC32,TOTFERR,ITL,TOTAL,1.06
2004,A,ITC32,TOTFERR,ITL,TOTAL,1.1
2005,A,ITC32,TOTFERR,ITL,TOTAL,1.12
2006,A,ITC32,TOTFERR,ITL,TOTAL,1.13
2007,A,ITC32,TOTFERR,ITL,TOTAL,1.17
2008,A,ITC32,TOTFERR,ITL,TOTAL,1.21
2009,A,ITC32,TOTFERR,ITL,TOTAL,1.18
2010,A,ITC32,TOTFERR,ITL,TOTAL,1.2
2011,A,ITC32,TOTFERR,ITL,TOTAL,1.18
2012,A,ITC32,TOTFERR,ITL,TOTAL,1.23
2013,A,ITC32,TOTFERR,ITL,TOTAL,1.16
2014,A,ITC32,TOTFERR,ITL,TOTAL,1.24
2015,A,ITC32,TOTFERR,ITL,TOTAL,1.16
2016,A,ITC32,TOTFERR,ITL,TOTAL,1.12
2017,A,ITC32,TOTFERR,ITL,TOTAL,1.07
2018,A,ITC32,TOTFERR,ITL,TOTAL,1.07
2019,A,ITC32,TOTFERR,ITL,TOTAL,1.02
2020,A,ITC32,TOTFERR,ITL,TOTAL,1.04
2021,A,ITC32,TOTFERR,ITL,TOTAL,1.03
2022,A,ITC32,TOTFERR,ITL,TOTAL,1.15
2023,A,ITC32,TOTFERR,ITL,TOTAL,1.09
2024,A,ITC32,TOTFERR,ITL,TOTAL,0.97
1999,A,ITC32,TOTFERR,TOTAL,TOTAL,0.96
2000,A,ITC32,TOTFERR,TOTAL,TOTAL,1.07
2001,A,ITC32,TOTFERR,TOTAL,TOTAL,1.04
2002,A,ITC32,TOTFERR,TOTAL,TOTAL,1.13
2003,A,ITC32,TOTFERR,TOTAL,TOTAL,1.14
2004,A,ITC32,TOTFERR,TOTAL,TOTAL,1.2
2005,A,ITC32,TOTFERR,TOTAL,TOTAL,1.23
2006,A,ITC32,TOTFERR,TOTAL,TOTAL,1.24
2007,A,ITC32,TOTFERR,TOTAL,TOTAL,1.3
2008,A,ITC32,TOTFERR,TOTAL,TOTAL,1.33
2009,A,ITC32,TOTFERR,TOTAL,TOTAL,1.33
2010,A,ITC32,TOTFERR,TOTAL,TOTAL,1.33
2011,A,ITC32,TOTFERR,TOTAL,TOTAL,1.33
2012,A,ITC32,TOTFERR,TOTAL,TOTAL,1.4
2013,A,ITC32,TOTFERR,TOTAL,TOTAL,1.33
2014,A,ITC32,TOTFERR,TOTAL,TOTAL,1.38
2015,A,ITC32,TOTFERR,TOTAL,TOTAL,1.36
2016,A,ITC32,TOTFERR,TOTAL,TOTAL,1.3
2017,A,ITC32,TOTFERR,TOTAL,TOTAL,1.24
2018,A,ITC32,TOTFERR,TOTAL,TOTAL,1.23
2019,A,ITC32,TOTFERR,TOTAL,TOTAL,1.16
2020,A,ITC32,TOTFERR,TOTAL,TOTAL,1.18
2021,A,ITC32,TOTFERR,TOTAL,TOTAL,1.16
2022,A,ITC32,TOTFERR,TOTAL,TOTAL,1.18
2023,A,ITC32,TOTFERR,TOTAL,TOTAL,1.13
2024,A,ITC32,TOTFERR,TOTAL,TOTAL,1.09
2002,A,ITC33,TOTFERR,FRG,TOTAL,2.39
2003,A,ITC33,TOTFERR,FRG,TOTAL,2.11
2004,A,ITC33,TOTFERR,FRG,TOTAL,2.46
2005,A,ITC33,TOTFERR,FRG,TOTAL,2.22
2006,A,ITC33,TOTFERR,FRG,TOTAL,2.3
2007,A,ITC33,TOTFERR,FRG,TOTAL,2.25
2008,A,ITC33,TOTFERR,FRG,TOTAL,2.41
2009,A,ITC33,TOTFERR,FRG,TOTAL,2.15
2010,A,ITC33,TOTFERR,FRG,TOTAL,2.18
2011,A,ITC33,TOTFERR,FRG,TOTAL,2.13
2012,A,ITC33,TOTFERR,FRG,TOTAL,2.15
2013,A,ITC33,TOTFERR,FRG,TOTAL,2.07
2014,A,ITC33,TOTFERR,FRG,TOTAL,2.02
2015,A,ITC33,TOTFERR,FRG,TOTAL,2.0
2016,A,ITC33,TOTFERR,FRG,TOTAL,2.06
2017,A,ITC33,TOTFERR,FRG,TOTAL,2.08
2018,A,ITC33,TOTFERR,FRG,TOTAL,2.09
2019,A,ITC33,TOTFERR,FRG,TOTAL,1.98
2020,A,ITC33,TOTFERR,FRG,TOTAL,1.98
2021,A,ITC33,TOTFERR,FRG,TOTAL,1.88
2022,A,ITC33,TOTFERR,FRG,TOTAL,1.92
2023,A,ITC33,TOTFERR,FRG,TOTAL,1.92
2024,A,ITC33,TOTFERR,FRG,TOTAL,1.94
2002,A,ITC33,TOTFERR,ITL,TOTAL,1.01
2003,A,ITC33,TOTFERR,ITL,TOTAL,1.04
2004,A,ITC33,TOTFERR,ITL,TOTAL,1.04
2005,A,ITC33,TOTFERR,ITL,TOTAL,1.06
2006,A,ITC33,TOTFERR,ITL,TOTAL,1.12
2007,A,ITC33,TOTFERR,ITL,TOTAL,1.15
2008,A,ITC33,TOTFERR,ITL,TOTAL,1.22
2009,A,ITC33,TOTFERR,ITL,TOTAL,1.24
2010,A,ITC33,TOTFERR,ITL,TOTAL,1.23
2011,A,ITC33,TOTFERR,ITL,TOTAL,1.19
2012,A,ITC33,TOTFERR,ITL,TOTAL,1.25
2013,A,ITC33,TOTFERR,ITL,TOTAL,1.2
2014,A,ITC33,TOTFERR,ITL,TOTAL,1.23
2015,A,ITC33,TOTFERR,ITL,TOTAL,1.18
2016,A,ITC33,TOTFERR,ITL,TOTAL,1.17
2017,A,ITC33,TOTFERR,ITL,TOTAL,1.16
2018,A,ITC33,TOTFERR,ITL,TOTAL,1.1
2019,A,ITC33,TOTFERR,ITL,TOTAL,1.1
2020,A,ITC33,TOTFERR,ITL,TOTAL,1.09
2021,A,ITC33,TOTFERR,ITL,TOTAL,1.1
2022,A,ITC33,TOTFERR,ITL,TOTAL,1.08
2023,A,ITC33,TOTFERR,ITL,TOTAL,1.06
2024,A,ITC33,TOTFERR,ITL,TOTAL,1.05
1999,A,ITC33,TOTFERR,TOTAL,TOTAL,0.98
2000,A,ITC33,TOTFERR,TOTAL,TOTAL,1.02
2001,A,ITC33,TOTFERR,TOTAL,TOTAL,1.06
2002,A,ITC33,TOTFERR,TOTAL,TOTAL,1.07
2003,A,ITC33,TOTFERR,TOTAL,TOTAL,1.1
2004,A,ITC33,TOTFERR,TOTAL,TOTAL,1.15
2005,A,ITC33,TOTFERR,TOTAL,TOTAL,1.16
2006,A,ITC33,TOTFERR,TOTAL,TOTAL,1.23
2007,A,ITC33,TOTFERR,TOTAL,TOTAL,1.25
2008,A,ITC33,TOTFERR,TOTAL,TOTAL,1.35
2009,A,ITC33,TOTFERR,TOTAL,TOTAL,1.36
2010,A,ITC33,TOTFERR,TOTAL,TOTAL,1.37
2011,A,ITC33,TOTFERR,TOTAL,TOTAL,1.33
2012,A,ITC33,TOTFERR,TOTAL,TOTAL,1.39
2013,A,ITC33,TOTFERR,TOTAL,TOTAL,1.34
2014,A,ITC33,TOTFERR,TOTAL,TOTAL,1.36
2015,A,ITC33,TOTFERR,TOTAL,TOTAL,1.3
2016,A,ITC33,TOTFERR,TOTAL,TOTAL,1.3
2017,A,ITC33,TOTFERR,TOTAL,TOTAL,1.29
2018,A,ITC33,TOTFERR,TOTAL,TOTAL,1.24
2019,A,ITC33,TOTFERR,TOTAL,TOTAL,1.22
2020,A,ITC33,TOTFERR,TOTAL,TOTAL,1.22
2021,A,ITC33,TOTFERR,TOTAL,TOTAL,1.21
2022,A,ITC33,TOTFERR,TOTAL,TOTAL,1.2
2023,A,ITC33,TOTFERR,TOTAL,TOTAL,1.18
2024,A,ITC33,TOTFERR,TOTAL,TOTAL,1.18
2002,A,ITC34,TOTFERR,FRG,TOTAL,2.96
2003,A,ITC34,TOTFERR,FRG,TOTAL,1.9
2004,A,ITC34,TOTFERR,FRG,TOTAL,2.26
2005,A,ITC34,TOTFERR,FRG,TOTAL,2.07
2006,A,ITC34,TOTFERR,FRG,TOTAL,2.4
2007,A,ITC34,TOTFERR,FRG,TOTAL,2.36
2008,A,ITC34,TOTFERR,FRG,TOTAL,2.22
2009,A,ITC34,TOTFERR,FRG,TOTAL,2.37
2010,A,ITC34,TOTFERR,FRG,TOTAL,1.98
2011,A,ITC34,TOTFERR,FRG,TOTAL,1.83
2012,A,ITC34,TOTFERR,FRG,TOTAL,2.34
2013,A,ITC34,TOTFERR,FRG,TOTAL,2.04
2014,A,ITC34,TOTFERR,FRG,TOTAL,1.89
2015,A,ITC34,TOTFERR,FRG,TOTAL,1.79
2016,A,ITC34,TOTFERR,FRG,TOTAL,2.01
2017,A,ITC34,TOTFERR,FRG,TOTAL,1.9
2018,A,ITC34,TOTFERR,FRG,TOTAL,1.94
2019,A,ITC34,TOTFERR,FRG,TOTAL,2.02
2020,A,ITC34,TOTFERR,FRG,TOTAL,2.18
2021,A,ITC34,TOTFERR,FRG,TOTAL,1.84
2022,A,ITC34,TOTFERR,FRG,TOTAL,2.07
2023,A,ITC34,TOTFERR,FRG,TOTAL,2.13
2024,A,ITC34,TOTFERR,FRG,TOTAL,2.24
2002,A,ITC34,TOTFERR,ITL,TOTAL,0.98
2003,A,ITC34,TOTFERR,ITL,TOTAL,1.0
2004,A,ITC34,TOTFERR,ITL,TOTAL,1.1
2005,A,ITC34,TOTFERR,ITL,TOTAL,1.05
2006,A,ITC34,TOTFERR,ITL,TOTAL,1.18
2007,A,ITC34,TOTFERR,ITL,TOTAL,1.15
2008,A,ITC34,TOTFERR,ITL,TOTAL,1.19
2009,A,ITC34,TOTFERR,ITL,TOTAL,1.18
2010,A,ITC34,TOTFERR,ITL,TOTAL,1.18
2011,A,ITC34,TOTFERR,ITL,TOTAL,1.21
2012,A,ITC34,TOTFERR,ITL,TOTAL,1.19
2013,A,ITC34,TOTFERR,ITL,TOTAL,1.23
2014,A,ITC34,TOTFERR,ITL,TOTAL,1.19
2015,A,ITC34,TOTFERR,ITL,TOTAL,1.17
2016,A,ITC34,TOTFERR,ITL,TOTAL,1.24
2017,A,ITC34,TOTFERR,ITL,TOTAL,1.22
2018,A,ITC34,TOTFERR,ITL,TOTAL,1.15
2019,A,ITC34,TOTFERR,ITL,TOTAL,1.12
2020,A,ITC34,TOTFERR,ITL,TOTAL,1.07
2021,A,ITC34,TOTFERR,ITL,TOTAL,1.11
2022,A,ITC34,TOTFERR,ITL,TOTAL,1.02
2023,A,ITC34,TOTFERR,ITL,TOTAL,1.03
2024,A,ITC34,TOTFERR,ITL,TOTAL,1.02
1999,A,ITC34,TOTFERR,TOTAL,TOTAL,0.94
2000,A,ITC34,TOTFERR,TOTAL,TOTAL,0.99
2001,A,ITC34,TOTFERR,TOTAL,TOTAL,1.06
2002,A,ITC34,TOTFERR,TOTAL,TOTAL,1.06
2003,A,ITC34,TOTFERR,TOTAL,TOTAL,1.05
2004,A,ITC34,TOTFERR,TOTAL,TOTAL,1.18
2005,A,ITC34,TOTFERR,TOTAL,TOTAL,1.13
2006,A,ITC34,TOTFERR,TOTAL,TOTAL,1.27
2007,A,ITC34,TOTFERR,TOTAL,TOTAL,1.27
2008,A,ITC34,TOTFERR,TOTAL,TOTAL,1.3
2009,A,ITC34,TOTFERR,TOTAL,TOTAL,1.33
2010,A,ITC34,TOTFERR,TOTAL,TOTAL,1.3
2011,A,ITC34,TOTFERR,TOTAL,TOTAL,1.31
2012,A,ITC34,TOTFERR,TOTAL,TOTAL,1.37
2013,A,ITC34,TOTFERR,TOTAL,TOTAL,1.36
2014,A,ITC34,TOTFERR,TOTAL,TOTAL,1.29
2015,A,ITC34,TOTFERR,TOTAL,TOTAL,1.27
2016,A,ITC34,TOTFERR,TOTAL,TOTAL,1.37
2017,A,ITC34,TOTFERR,TOTAL,TOTAL,1.32
2018,A,ITC34,TOTFERR,TOTAL,TOTAL,1.26
2019,A,ITC34,TOTFERR,TOTAL,TOTAL,1.26
2020,A,ITC34,TOTFERR,TOTAL,TOTAL,1.24
2021,A,ITC34,TOTFERR,TOTAL,TOTAL,1.21
2022,A,ITC34,TOTFERR,TOTAL,TOTAL,1.17
2023,A,ITC34,TOTFERR,TOTAL,TOTAL,1.19
2024,A,ITC34,TOTFERR,TOTAL,TOTAL,1.19
2002,A,ITC4,TOTFERR,FRG,TOTAL,3.12
2003,A,ITC4,TOTFERR,FRG,TOTAL,2.62
2004,A,ITC4,TOTFERR,FRG,TOTAL,3.05
2005,A,ITC4,TOTFERR,FRG,TOTAL,2.87
2006,A,ITC4,TOTFERR,FRG,TOTAL,3.04
2007,A,ITC4,TOTFERR,FRG,TOTAL,2.95
2008,A,ITC4,TOTFERR,FRG,TOTAL,2.89
2009,A,ITC4,TOTFERR,FRG,TOTAL,2.9
2010,A,ITC4,TOTFERR,FRG,TOTAL,2.7
2011,A,ITC4,TOTFERR,FRG,TOTAL,2.47
2012,A,ITC4,TOTFERR,FRG,TOTAL,2.37
2013,A,ITC4,TOTFERR,FRG,TOTAL,2.28
2014,A,ITC4,TOTFERR,FRG,TOTAL,2.22
2015,A,ITC4,TOTFERR,FRG,TOTAL,2.19
2016,A,ITC4,TOTFERR,FRG,TOTAL,2.19
2017,A,ITC4,TOTFERR,FRG,TOTAL,2.2
2018,A,ITC4,TOTFERR,FRG,TOTAL,2.14
2019,A,ITC4,TOTFERR,FRG,TOTAL,2.14
2020,A,ITC4,TOTFERR,FRG,TOTAL,1.99
2021,A,ITC4,TOTFERR,FRG,TOTAL,1.92
2022,A,ITC4,TOTFERR,FRG,TOTAL,1.93
2023,A,ITC4,TOTFERR,FRG,TOTAL,1.87
2024,A,ITC4,TOTFERR,FRG,TOTAL,1.85
2002,A,ITC4,TOTFERR,ITL,TOTAL,1.14
2003,A,ITC4,TOTFERR,ITL,TOTAL,1.18
2004,A,ITC4,TOTFERR,ITL,TOTAL,1.22
2005,A,ITC4,TOTFERR,ITL,TOTAL,1.21
2006,A,ITC4,TOTFERR,ITL,TOTAL,1.25
2007,A,ITC4,TOTFERR,ITL,TOTAL,1.28
2008,A,ITC4,TOTFERR,ITL,TOTAL,1.32
2009,A,ITC4,TOTFERR,ITL,TOTAL,1.32
2010,A,ITC4,TOTFERR,ITL,TOTAL,1.34
2011,A,ITC4,TOTFERR,ITL,TOTAL,1.32
2012,A,ITC4,TOTFERR,ITL,TOTAL,1.31
2013,A,ITC4,TOTFERR,ITL,TOTAL,1.29
2014,A,ITC4,TOTFERR,ITL,TOTAL,1.29
2015,A,ITC4,TOTFERR,ITL,TOTAL,1.29
2016,A,ITC4,TOTFERR,ITL,TOTAL,1.28
2017,A,ITC4,TOTFERR,ITL,TOTAL,1.25
2018,A,ITC4,TOTFERR,ITL,TOTAL,1.21
2019,A,ITC4,TOTFERR,ITL,TOTAL,1.17
2020,A,ITC4,TOTFERR,ITL,TOTAL,1.13
2021,A,ITC4,TOTFERR,ITL,TOTAL,1.15
2022,A,ITC4,TOTFERR,ITL,TOTAL,1.14
2023,A,ITC4,TOTFERR,ITL,TOTAL,1.1
2024,A,ITC4,TOTFERR,ITL,TOTAL,1.08
1999,A,ITC4,TOTFERR,TOTAL,TOTAL,1.16
2000,A,ITC4,TOTFERR,TOTAL,TOTAL,1.21
2001,A,ITC4,TOTFERR,TOTAL,TOTAL,1.22
2002,A,ITC4,TOTFERR,TOTAL,TOTAL,1.26
2003,A,ITC4,TOTFERR,TOTAL,TOTAL,1.27
2004,A,ITC4,TOTFERR,TOTAL,TOTAL,1.36
2005,A,ITC4,TOTFERR,TOTAL,TOTAL,1.37
2006,A,ITC4,TOTFERR,TOTAL,TOTAL,1.43
2007,A,ITC4,TOTFERR,TOTAL,TOTAL,1.47
2008,A,ITC4,TOTFERR,TOTAL,TOTAL,1.53
2009,A,ITC4,TOTFERR,TOTAL,TOTAL,1.56
2010,A,ITC4,TOTFERR,TOTAL,TOTAL,1.56
2011,A,ITC4,TOTFERR,TOTAL,TOTAL,1.52
2012,A,ITC4,TOTFERR,TOTAL,TOTAL,1.51
2013,A,ITC4,TOTFERR,TOTAL,TOTAL,1.47
2014,A,ITC4,TOTFERR,TOTAL,TOTAL,1.46
2015,A,ITC4,TOTFERR,TOTAL,TOTAL,1.45
2016,A,ITC4,TOTFERR,TOTAL,TOTAL,1.43
2017,A,ITC4,TOTFERR,TOTAL,TOTAL,1.4
2018,A,ITC4,TOTFERR,TOTAL,TOTAL,1.36
2019,A,ITC4,TOTFERR,TOTAL,TOTAL,1.33
2020,A,ITC4,TOTFERR,TOTAL,TOTAL,1.27
2021,A,ITC4,TOTFERR,TOTAL,TOTAL,1.27
2022,A,ITC4,TOTFERR,TOTAL,TOTAL,1.25
2023,A,ITC4,TOTFERR,TOTAL,TOTAL,1.21
2024,A,ITC4,TOTFERR,TOTAL,TOTAL,1.19
2002,A,ITC41,TOTFERR,FRG,TOTAL,2.85
2003,A,ITC41,TOTFERR,FRG,TOTAL,2.48
2004,A,ITC41,TOTFERR,FRG,TOTAL,2.87
2005,A,ITC41,TOTFERR,FRG,TOTAL,2.75
2006,A,ITC41,TOTFERR,FRG,TOTAL,2.9
2007,A,ITC41,TOTFERR,FRG,TOTAL,2.74
2008,A,ITC41,TOTFERR,FRG,TOTAL,2.72
2009,A,ITC41,TOTFERR,FRG,TOTAL,2.7
2010,A,ITC41,TOTFERR,FRG,TOTAL,2.5
2011,A,ITC41,TOTFERR,FRG,TOTAL,2.42
2012,A,ITC41,TOTFERR,FRG,TOTAL,2.39
2013,A,ITC41,TOTFERR,FRG,TOTAL,2.42
2014,A,ITC41,TOTFERR,FRG,TOTAL,2.22
2015,A,ITC41,TOTFERR,FRG,TOTAL,2.23
2016,A,ITC41,TOTFERR,FRG,TOTAL,2.1
2017,A,ITC41,TOTFERR,FRG,TOTAL,2.1
2018,A,ITC41,TOTFERR,FRG,TOTAL,2.05
2019,A,ITC41,TOTFERR,FRG,TOTAL,2.1
2020,A,ITC41,TOTFERR,FRG,TOTAL,1.94
2021,A,ITC41,TOTFERR,FRG,TOTAL,2.07
2022,A,ITC41,TOTFERR,FRG,TOTAL,2.01
2023,A,ITC41,TOTFERR,FRG,TOTAL,1.99
2024,A,ITC41,TOTFERR,FRG,TOTAL,2.06
2002,A,ITC41,TOTFERR,ITL,TOTAL,1.13
2003,A,ITC41,TOTFERR,ITL,TOTAL,1.15
2004,A,ITC41,TOTFERR,ITL,TOTAL,1.2
2005,A,ITC41,TOTFERR,ITL,TOTAL,1.2
2006,A,ITC41,TOTFERR,ITL,TOTAL,1.25
2007,A,ITC41,TOTFERR,ITL,TOTAL,1.26
2008,A,ITC41,TOTFERR,ITL,TOTAL,1.31
2009,A,ITC41,TOTFERR,ITL,TOTAL,1.33
2010,A,ITC41,TOTFERR,ITL,TOTAL,1.34
2011,A,ITC41,TOTFERR,ITL,TOTAL,1.32
2012,A,ITC41,TOTFERR,ITL,TOTAL,1.32
2013,A,ITC41,TOTFERR,ITL,TOTAL,1.34
2014,A,ITC41,TOTFERR,ITL,TOTAL,1.33
2015,A,ITC41,TOTFERR,ITL,TOTAL,1.34
2016,A,ITC41,TOTFERR,ITL,TOTAL,1.3
2017,A,ITC41,TOTFERR,ITL,TOTAL,1.26
2018,A,ITC41,TOTFERR,ITL,TOTAL,1.27
2019,A,ITC41,TOTFERR,ITL,TOTAL,1.22
2020,A,ITC41,TOTFERR,ITL,TOTAL,1.16
2021,A,ITC41,TOTFERR,ITL,TOTAL,1.21
2022,A,ITC41,TOTFERR,ITL,TOTAL,1.16
2023,A,ITC41,TOTFERR,ITL,TOTAL,1.1
2024,A,ITC41,TOTFERR,ITL,TOTAL,1.08
1999,A,ITC41,TOTFERR,TOTAL,TOTAL,1.14
2000,A,ITC41,TOTFERR,TOTAL,TOTAL,1.17
2001,A,ITC41,TOTFERR,TOTAL,TOTAL,1.17
2002,A,ITC41,TOTFERR,TOTAL,TOTAL,1.2
2003,A,ITC41,TOTFERR,TOTAL,TOTAL,1.22
2004,A,ITC41,TOTFERR,TOTAL,TOTAL,1.31
2005,A,ITC41,TOTFERR,TOTAL,TOTAL,1.32
2006,A,ITC41,TOTFERR,TOTAL,TOTAL,1.39
2007,A,ITC41,TOTFERR,TOTAL,TOTAL,1.4
2008,A,ITC41,TOTFERR,TOTAL,TOTAL,1.46
2009,A,ITC41,TOTFERR,TOTAL,TOTAL,1.49
2010,A,ITC41,TOTFERR,TOTAL,TOTAL,1.49
2011,A,ITC41,TOTFERR,TOTAL,TOTAL,1.48
2012,A,ITC41,TOTFERR,TOTAL,TOTAL,1.47
2013,A,ITC41,TOTFERR,TOTAL,TOTAL,1.49
2014,A,ITC41,TOTFERR,TOTAL,TOTAL,1.45
2015,A,ITC41,TOTFERR,TOTAL,TOTAL,1.46
2016,A,ITC41,TOTFERR,TOTAL,TOTAL,1.4
2017,A,ITC41,TOTFERR,TOTAL,TOTAL,1.37
2018,A,ITC41,TOTFERR,TOTAL,TOTAL,1.36
2019,A,ITC41,TOTFERR,TOTAL,TOTAL,1.33
2020,A,ITC41,TOTFERR,TOTAL,TOTAL,1.25
2021,A,ITC41,TOTFERR,TOTAL,TOTAL,1.3
2022,A,ITC41,TOTFERR,TOTAL,TOTAL,1.25
2023,A,ITC41,TOTFERR,TOTAL,TOTAL,1.2
2024,A,ITC41,TOTFERR,TOTAL,TOTAL,1.19
2002,A,ITC42,TOTFERR,FRG,TOTAL,3.21
2003,A,ITC42,TOTFERR,FRG,TOTAL,2.63
2004,A,ITC42,TOTFERR,FRG,TOTAL,2.68
2005,A,ITC42,TOTFERR,FRG,TOTAL,2.78
2006,A,ITC42,TOTFERR,FRG,TOTAL,3.04
2007,A,ITC42,TOTFERR,FRG,TOTAL,2.92
2008,A,ITC42,TOTFERR,FRG,TOTAL,2.75
2009,A,ITC42,TOTFERR,FRG,TOTAL,2.95
2010,A,ITC42,TOTFERR,FRG,TOTAL,2.7
2011,A,ITC42,TOTFERR,FRG,TOTAL,2.41
2012,A,ITC42,TOTFERR,FRG,TOTAL,2.41
2013,A,ITC42,TOTFERR,FRG,TOTAL,2.19
2014,A,ITC42,TOTFERR,FRG,TOTAL,2.12
2015,A,ITC42,TOTFERR,FRG,TOTAL,2.31
2016,A,ITC42,TOTFERR,FRG,TOTAL,2.27
2017,A,ITC42,TOTFERR,FRG,TOTAL,2.06
2018,A,ITC42,TOTFERR,FRG,TOTAL,2.01
2019,A,ITC42,TOTFERR,FRG,TOTAL,2.21
2020,A,ITC42,TOTFERR,FRG,TOTAL,1.93
2021,A,ITC42,TOTFERR,FRG,TOTAL,1.87
2022,A,ITC42,TOTFERR,FRG,TOTAL,1.98
2023,A,ITC42,TOTFERR,FRG,TOTAL,1.92
2024,A,ITC42,TOTFERR,FRG,TOTAL,1.78
2002,A,ITC42,TOTFERR,ITL,TOTAL,1.12
2003,A,ITC42,TOTFERR,ITL,TOTAL,1.18
2004,A,ITC42,TOTFERR,ITL,TOTAL,1.23
2005,A,ITC42,TOTFERR,ITL,TOTAL,1.23
2006,A,ITC42,TOTFERR,ITL,TOTAL,1.23
2007,A,ITC42,TOTFERR,ITL,TOTAL,1.28
2008,A,ITC42,TOTFERR,ITL,TOTAL,1.31
2009,A,ITC42,TOTFERR,ITL,TOTAL,1.34
2010,A,ITC42,TOTFERR,ITL,TOTAL,1.33
2011,A,ITC42,TOTFERR,ITL,TOTAL,1.31
2012,A,ITC42,TOTFERR,ITL,TOTAL,1.35
2013,A,ITC42,TOTFERR,ITL,TOTAL,1.33
2014,A,ITC42,TOTFERR,ITL,TOTAL,1.3
2015,A,ITC42,TOTFERR,ITL,TOTAL,1.33
2016,A,ITC42,TOTFERR,ITL,TOTAL,1.32
2017,A,ITC42,TOTFERR,ITL,TOTAL,1.27
2018,A,ITC42,TOTFERR,ITL,TOTAL,1.22
2019,A,ITC42,TOTFERR,ITL,TOTAL,1.19
2020,A,ITC42,TOTFERR,ITL,TOTAL,1.17
2021,A,ITC42,TOTFERR,ITL,TOTAL,1.17
2022,A,ITC42,TOTFERR,ITL,TOTAL,1.12
2023,A,ITC42,TOTFERR,ITL,TOTAL,1.1
2024,A,ITC42,TOTFERR,ITL,TOTAL,1.11
1999,A,ITC42,TOTFERR,TOTAL,TOTAL,1.19
2000,A,ITC42,TOTFERR,TOTAL,TOTAL,1.21
2001,A,ITC42,TOTFERR,TOTAL,TOTAL,1.24
2002,A,ITC42,TOTFERR,TOTAL,TOTAL,1.21
2003,A,ITC42,TOTFERR,TOTAL,TOTAL,1.25
2004,A,ITC42,TOTFERR,TOTAL,TOTAL,1.32
2005,A,ITC42,TOTFERR,TOTAL,TOTAL,1.34
2006,A,ITC42,TOTFERR,TOTAL,TOTAL,1.37
2007,A,ITC42,TOTFERR,TOTAL,TOTAL,1.41
2008,A,ITC42,TOTFERR,TOTAL,TOTAL,1.45
2009,A,ITC42,TOTFERR,TOTAL,TOTAL,1.52
2010,A,ITC42,TOTFERR,TOTAL,TOTAL,1.49
2011,A,ITC42,TOTFERR,TOTAL,TOTAL,1.45
2012,A,ITC42,TOTFERR,TOTAL,TOTAL,1.49
2013,A,ITC42,TOTFERR,TOTAL,TOTAL,1.44
2014,A,ITC42,TOTFERR,TOTAL,TOTAL,1.41
2015,A,ITC42,TOTFERR,TOTAL,TOTAL,1.45
2016,A,ITC42,TOTFERR,TOTAL,TOTAL,1.44
2017,A,ITC42,TOTFERR,TOTAL,TOTAL,1.36
2018,A,ITC42,TOTFERR,TOTAL,TOTAL,1.31
2019,A,ITC42,TOTFERR,TOTAL,TOTAL,1.31
2020,A,ITC42,TOTFERR,TOTAL,TOTAL,1.25
2021,A,ITC42,TOTFERR,TOTAL,TOTAL,1.24
2022,A,ITC42,TOTFERR,TOTAL,TOTAL,1.2
2023,A,ITC42,TOTFERR,TOTAL,TOTAL,1.19
2024,A,ITC42,TOTFERR,TOTAL,TOTAL,1.18
2002,A,ITC43,TOTFERR,FRG,TOTAL,2.42
2003,A,ITC43,TOTFERR,FRG,TOTAL,2.4
2004,A,ITC43,TOTFERR,FRG,TOTAL,3.47
2005,A,ITC43,TOTFERR,FRG,TOTAL,2.99
2006,A,ITC43,TOTFERR,FRG,TOTAL,3.22
2007,A,ITC43,TOTFERR,FRG,TOTAL,3.08
2008,A,ITC43,TOTFERR,FRG,TOTAL,3.08
2009,A,ITC43,TOTFERR,FRG,TOTAL,2.87
2010,A,ITC43,TOTFERR,FRG,TOTAL,2.95
2011,A,ITC43,TOTFERR,FRG,TOTAL,2.41
2012,A,ITC43,TOTFERR,FRG,TOTAL,2.5
2013,A,ITC43,TOTFERR,FRG,TOTAL,2.32
2014,A,ITC43,TOTFERR,FRG,TOTAL,2.25
2015,A,ITC43,TOTFERR,FRG,TOTAL,2.31
2016,A,ITC43,TOTFERR,FRG,TOTAL,2.35
2017,A,ITC43,TOTFERR,FRG,TOTAL,2.53
2018,A,ITC43,TOTFERR,FRG,TOTAL,2.38
2019,A,ITC43,TOTFERR,FRG,TOTAL,2.36
2020,A,ITC43,TOTFERR,FRG,TOTAL,2.25
2021,A,ITC43,TOTFERR,FRG,TOTAL,1.94
2022,A,ITC43,TOTFERR,FRG,TOTAL,1.96
2023,A,ITC43,TOTFERR,FRG,TOTAL,1.96
2024,A,ITC43,TOTFERR,FRG,TOTAL,2.08
2002,A,ITC43,TOTFERR,ITL,TOTAL,1.19
2003,A,ITC43,TOTFERR,ITL,TOTAL,1.17
2004,A,ITC43,TOTFERR,ITL,TOTAL,1.23
2005,A,ITC43,TOTFERR,ITL,TOTAL,1.28
2006,A,ITC43,TOTFERR,ITL,TOTAL,1.28
2007,A,ITC43,TOTFERR,ITL,TOTAL,1.33
2008,A,ITC43,TOTFERR,ITL,TOTAL,1.35
2009,A,ITC43,TOTFERR,ITL,TOTAL,1.37
2010,A,ITC43,TOTFERR,ITL,TOTAL,1.4
2011,A,ITC43,TOTFERR,ITL,TOTAL,1.4
2012,A,ITC43,TOTFERR,ITL,TOTAL,1.35
2013,A,ITC43,TOTFERR,ITL,TOTAL,1.34
2014,A,ITC43,TOTFERR,ITL,TOTAL,1.31
2015,A,ITC43,TOTFERR,ITL,TOTAL,1.38
2016,A,ITC43,TOTFERR,ITL,TOTAL,1.27
2017,A,ITC43,TOTFERR,ITL,TOTAL,1.32
2018,A,ITC43,TOTFERR,ITL,TOTAL,1.21
2019,A,ITC43,TOTFERR,ITL,TOTAL,1.19
2020,A,ITC43,TOTFERR,ITL,TOTAL,1.14
2021,A,ITC43,TOTFERR,ITL,TOTAL,1.14
2022,A,ITC43,TOTFERR,ITL,TOTAL,1.18
2023,A,ITC43,TOTFERR,ITL,TOTAL,1.13
2024,A,ITC43,TOTFERR,ITL,TOTAL,1.12
1999,A,ITC43,TOTFERR,TOTAL,TOTAL,1.24
2000,A,ITC43,TOTFERR,TOTAL,TOTAL,1.27
2001,A,ITC43,TOTFERR,TOTAL,TOTAL,1.21
2002,A,ITC43,TOTFERR,TOTAL,TOTAL,1.25
2003,A,ITC43,TOTFERR,TOTAL,TOTAL,1.22
2004,A,ITC43,TOTFERR,TOTAL,TOTAL,1.37
2005,A,ITC43,TOTFERR,TOTAL,TOTAL,1.39
2006,A,ITC43,TOTFERR,TOTAL,TOTAL,1.42
2007,A,ITC43,TOTFERR,TOTAL,TOTAL,1.48
2008,A,ITC43,TOTFERR,TOTAL,TOTAL,1.53
2009,A,ITC43,TOTFERR,TOTAL,TOTAL,1.55
2010,A,ITC43,TOTFERR,TOTAL,TOTAL,1.6
2011,A,ITC43,TOTFERR,TOTAL,TOTAL,1.54
2012,A,ITC43,TOTFERR,TOTAL,TOTAL,1.53
2013,A,ITC43,TOTFERR,TOTAL,TOTAL,1.48
2014,A,ITC43,TOTFERR,TOTAL,TOTAL,1.45
2015,A,ITC43,TOTFERR,TOTAL,TOTAL,1.5
2016,A,ITC43,TOTFERR,TOTAL,TOTAL,1.41
2017,A,ITC43,TOTFERR,TOTAL,TOTAL,1.47
2018,A,ITC43,TOTFERR,TOTAL,TOTAL,1.37
2019,A,ITC43,TOTFERR,TOTAL,TOTAL,1.34
2020,A,ITC43,TOTFERR,TOTAL,TOTAL,1.27
2021,A,ITC43,TOTFERR,TOTAL,TOTAL,1.23
2022,A,ITC43,TOTFERR,TOTAL,TOTAL,1.26
2023,A,ITC43,TOTFERR,TOTAL,TOTAL,1.21
2024,A,ITC43,TOTFERR,TOTAL,TOTAL,1.23
2002,A,ITC44,TOTFERR,FRG,TOTAL,2.79
2003,A,ITC44,TOTFERR,FRG,TOTAL,2.59
2004,A,ITC44,TOTFERR,FRG,TOTAL,2.26
2005,A,ITC44,TOTFERR,FRG,TOTAL,2.91
2006,A,ITC44,TOTFERR,FRG,TOTAL,2.83
2007,A,ITC44,TOTFERR,FRG,TOTAL,2.78
2008,A,ITC44,TOTFERR,FRG,TOTAL,2.96
2009,A,ITC44,TOTFERR,FRG,TOTAL,2.42
2010,A,ITC44,TOTFERR,FRG,TOTAL,2.97
2011,A,ITC44,TOTFERR,FRG,TOTAL,2.5
2012,A,ITC44,TOTFERR,FRG,TOTAL,2.41
2013,A,ITC44,TOTFERR,FRG,TOTAL,2.72
2014,A,ITC44,TOTFERR,FRG,TOTAL,2.17
2015,A,ITC44,TOTFERR,FRG,TOTAL,2.37
2016,A,ITC44,TOTFERR,FRG,TOTAL,2.67
2017,A,ITC44,TOTFERR,FRG,TOTAL,2.35
2018,A,ITC44,TOTFERR,FRG,TOTAL,2.4
2019,A,ITC44,TOTFERR,FRG,TOTAL,2.39
2020,A,ITC44,TOTFERR,FRG,TOTAL,2.3
2021,A,ITC44,TOTFERR,FRG,TOTAL,2.46
2022,A,ITC44,TOTFERR,FRG,TOTAL,2.24
2023,A,ITC44,TOTFERR,FRG,TOTAL,2.06
2024,A,ITC44,TOTFERR,FRG,TOTAL,2.1
2002,A,ITC44,TOTFERR,ITL,TOTAL,1.23
2003,A,ITC44,TOTFERR,ITL,TOTAL,1.23
2004,A,ITC44,TOTFERR,ITL,TOTAL,1.24
2005,A,ITC44,TOTFERR,ITL,TOTAL,1.24
2006,A,ITC44,TOTFERR,ITL,TOTAL,1.3
2007,A,ITC44,TOTFERR,ITL,TOTAL,1.26
2008,A,ITC44,TOTFERR,ITL,TOTAL,1.34
2009,A,ITC44,TOTFERR,ITL,TOTAL,1.29
2010,A,ITC44,TOTFERR,ITL,TOTAL,1.36
2011,A,ITC44,TOTFERR,ITL,TOTAL,1.4
2012,A,ITC44,TOTFERR,ITL,TOTAL,1.42
2013,A,ITC44,TOTFERR,ITL,TOTAL,1.29
2014,A,ITC44,TOTFERR,ITL,TOTAL,1.42
2015,A,ITC44,TOTFERR,ITL,TOTAL,1.37
2016,A,ITC44,TOTFERR,ITL,TOTAL,1.4
2017,A,ITC44,TOTFERR,ITL,TOTAL,1.38
2018,A,ITC44,TOTFERR,ITL,TOTAL,1.34
2019,A,ITC44,TOTFERR,ITL,TOTAL,1.33
2020,A,ITC44,TOTFERR,ITL,TOTAL,1.19
2021,A,ITC44,TOTFERR,ITL,TOTAL,1.25
2022,A,ITC44,TOTFERR,ITL,TOTAL,1.24
2023,A,ITC44,TOTFERR,ITL,TOTAL,1.19
2024,A,ITC44,TOTFERR,ITL,TOTAL,1.21
1999,A,ITC44,TOTFERR,TOTAL,TOTAL,1.2
2000,A,ITC44,TOTFERR,TOTAL,TOTAL,1.25
2001,A,ITC44,TOTFERR,TOTAL,TOTAL,1.18
2002,A,ITC44,TOTFERR,TOTAL,TOTAL,1.27
2003,A,ITC44,TOTFERR,TOTAL,TOTAL,1.27
2004,A,ITC44,TOTFERR,TOTAL,TOTAL,1.27
2005,A,ITC44,TOTFERR,TOTAL,TOTAL,1.31
2006,A,ITC44,TOTFERR,TOTAL,TOTAL,1.37
2007,A,ITC44,TOTFERR,TOTAL,TOTAL,1.33
2008,A,ITC44,TOTFERR,TOTAL,TOTAL,1.43
2009,A,ITC44,TOTFERR,TOTAL,TOTAL,1.37
2010,A,ITC44,TOTFERR,TOTAL,TOTAL,1.48
2011,A,ITC44,TOTFERR,TOTAL,TOTAL,1.49
2012,A,ITC44,TOTFERR,TOTAL,TOTAL,1.51
2013,A,ITC44,TOTFERR,TOTAL,TOTAL,1.42
2014,A,ITC44,TOTFERR,TOTAL,TOTAL,1.49
2015,A,ITC44,TOTFERR,TOTAL,TOTAL,1.45
2016,A,ITC44,TOTFERR,TOTAL,TOTAL,1.49
2017,A,ITC44,TOTFERR,TOTAL,TOTAL,1.45
2018,A,ITC44,TOTFERR,TOTAL,TOTAL,1.42
2019,A,ITC44,TOTFERR,TOTAL,TOTAL,1.42
2020,A,ITC44,TOTFERR,TOTAL,TOTAL,1.29
2021,A,ITC44,TOTFERR,TOTAL,TOTAL,1.36
2022,A,ITC44,TOTFERR,TOTAL,TOTAL,1.33
2023,A,ITC44,TOTFERR,TOTAL,TOTAL,1.26
2024,A,ITC44,TOTFERR,TOTAL,TOTAL,1.28
2002,A,ITC45,TOTFERR,FRG,TOTAL,2.8
2003,A,ITC45,TOTFERR,FRG,TOTAL,2.47
2004,A,ITC45,TOTFERR,FRG,TOTAL,2.61
2005,A,ITC45,TOTFERR,FRG,TOTAL,2.64
2006,A,ITC45,TOTFERR,FRG,TOTAL,2.75
2007,A,ITC45,TOTFERR,FRG,TOTAL,2.69
2008,A,ITC45,TOTFERR,FRG,TOTAL,2.64
2009,A,ITC45,TOTFERR,FRG,TOTAL,2.71
2010,A,ITC45,TOTFERR,FRG,TOTAL,2.47
2011,A,ITC45,TOTFERR,FRG,TOTAL,2.28
2012,A,ITC45,TOTFERR,FRG,TOTAL,2.21
2013,A,ITC45,TOTFERR,FRG,TOTAL,2.17
2014,A,ITC45,TOTFERR,FRG,TOTAL,2.11
2015,A,ITC45,TOTFERR,FRG,TOTAL,2.05
2016,A,ITC45,TOTFERR,FRG,TOTAL,2.07
2017,A,ITC45,TOTFERR,FRG,TOTAL,2.08
2018,A,ITC45,TOTFERR,FRG,TOTAL,1.95
2019,A,ITC45,TOTFERR,FRG,TOTAL,1.9
2020,A,ITC45,TOTFERR,FRG,TOTAL,1.71
2021,A,ITC45,TOTFERR,FRG,TOTAL,1.64
2022,A,ITC45,TOTFERR,FRG,TOTAL,1.72
2023,A,ITC45,TOTFERR,FRG,TOTAL,1.54
2024,A,ITC45,TOTFERR,FRG,TOTAL,1.55
2002,A,ITC45,TOTFERR,ITL,TOTAL,1.12
2003,A,ITC45,TOTFERR,ITL,TOTAL,1.17
2004,A,ITC45,TOTFERR,ITL,TOTAL,1.24
2005,A,ITC45,TOTFERR,ITL,TOTAL,1.21
2006,A,ITC45,TOTFERR,ITL,TOTAL,1.23
2007,A,ITC45,TOTFERR,ITL,TOTAL,1.28
2008,A,ITC45,TOTFERR,ITL,TOTAL,1.32
2009,A,ITC45,TOTFERR,ITL,TOTAL,1.31
2010,A,ITC45,TOTFERR,ITL,TOTAL,1.34
2011,A,ITC45,TOTFERR,ITL,TOTAL,1.31
2012,A,ITC45,TOTFERR,ITL,TOTAL,1.31
2013,A,ITC45,TOTFERR,ITL,TOTAL,1.28
2014,A,ITC45,TOTFERR,ITL,TOTAL,1.29
2015,A,ITC45,TOTFERR,ITL,TOTAL,1.28
2016,A,ITC45,TOTFERR,ITL,TOTAL,1.28
2017,A,ITC45,TOTFERR,ITL,TOTAL,1.24
2018,A,ITC45,TOTFERR,ITL,TOTAL,1.21
2019,A,ITC45,TOTFERR,ITL,TOTAL,1.16
2020,A,ITC45,TOTFERR,ITL,TOTAL,1.13
2021,A,ITC45,TOTFERR,ITL,TOTAL,1.15
2022,A,ITC45,TOTFERR,ITL,TOTAL,1.13
2023,A,ITC45,TOTFERR,ITL,TOTAL,1.1
2024,A,ITC45,TOTFERR,ITL,TOTAL,1.06
1999,A,ITC45,TOTFERR,TOTAL,TOTAL,1.12
2000,A,ITC45,TOTFERR,TOTAL,TOTAL,1.19
2001,A,ITC45,TOTFERR,TOTAL,TOTAL,1.2
2002,A,ITC45,TOTFERR,TOTAL,TOTAL,1.24
2003,A,ITC45,TOTFERR,TOTAL,TOTAL,1.26
2004,A,ITC45,TOTFERR,TOTAL,TOTAL,1.35
2005,A,ITC45,TOTFERR,TOTAL,TOTAL,1.35
2006,A,ITC45,TOTFERR,TOTAL,TOTAL,1.4
2007,A,ITC45,TOTFERR,TOTAL,TOTAL,1.45
2008,A,ITC45,TOTFERR,TOTAL,TOTAL,1.5
2009,A,ITC45,TOTFERR,TOTAL,TOTAL,1.52
2010,A,ITC45,TOTFERR,TOTAL,TOTAL,1.53
2011,A,ITC45,TOTFERR,TOTAL,TOTAL,1.49
2012,A,ITC45,TOTFERR,TOTAL,TOTAL,1.49
2013,A,ITC45,TOTFERR,TOTAL,TOTAL,1.47
2014,A,ITC45,TOTFERR,TOTAL,TOTAL,1.46
2015,A,ITC45,TOTFERR,TOTAL,TOTAL,1.44
2016,A,ITC45,TOTFERR,TOTAL,TOTAL,1.44
2017,A,ITC45,TOTFERR,TOTAL,TOTAL,1.4
2018,A,ITC45,TOTFERR,TOTAL,TOTAL,1.34
2019,A,ITC45,TOTFERR,TOTAL,TOTAL,1.29
2020,A,ITC45,TOTFERR,TOTAL,TOTAL,1.24
2021,A,ITC45,TOTFERR,TOTAL,TOTAL,1.24
2022,A,ITC45,TOTFERR,TOTAL,TOTAL,1.22
2023,A,ITC45,TOTFERR,TOTAL,TOTAL,1.17
2024,A,ITC45,TOTFERR,TOTAL,TOTAL,1.13
2002,A,ITC46,TOTFERR,FRG,TOTAL,3.53
2003,A,ITC46,TOTFERR,FRG,TOTAL,3.15
2004,A,ITC46,TOTFERR,FRG,TOTAL,3.62
2005,A,ITC46,TOTFERR,FRG,TOTAL,3.27
2006,A,ITC46,TOTFERR,FRG,TOTAL,3.36
2007,A,ITC46,TOTFERR,FRG,TOTAL,3.32
2008,A,ITC46,TOTFERR,FRG,TOTAL,3.29
2009,A,ITC46,TOTFERR,FRG,TOTAL,3.35
2010,A,ITC46,TOTFERR,FRG,TOTAL,3.03
2011,A,ITC46,TOTFERR,FRG,TOTAL,2.79
2012,A,ITC46,TOTFERR,FRG,TOTAL,2.62
2013,A,ITC46,TOTFERR,FRG,TOTAL,2.43
2014,A,ITC46,TOTFERR,FRG,TOTAL,2.44
2015,A,ITC46,TOTFERR,FRG,TOTAL,2.28
2016,A,ITC46,TOTFERR,FRG,TOTAL,2.39
2017,A,ITC46,TOTFERR,FRG,TOTAL,2.49
2018,A,ITC46,TOTFERR,FRG,TOTAL,2.32
2019,A,ITC46,TOTFERR,FRG,TOTAL,2.41
2020,A,ITC46,TOTFERR,FRG,TOTAL,2.19
2021,A,ITC46,TOTFERR,FRG,TOTAL,2.04
2022,A,ITC46,TOTFERR,FRG,TOTAL,2.03
2023,A,ITC46,TOTFERR,FRG,TOTAL,2.12
2024,A,ITC46,TOTFERR,FRG,TOTAL,2.08
2002,A,ITC46,TOTFERR,ITL,TOTAL,1.27
2003,A,ITC46,TOTFERR,ITL,TOTAL,1.29
2004,A,ITC46,TOTFERR,ITL,TOTAL,1.31
2005,A,ITC46,TOTFERR,ITL,TOTAL,1.29
2006,A,ITC46,TOTFERR,ITL,TOTAL,1.33
2007,A,ITC46,TOTFERR,ITL,TOTAL,1.34
2008,A,ITC46,TOTFERR,ITL,TOTAL,1.4
2009,A,ITC46,TOTFERR,ITL,TOTAL,1.39
2010,A,ITC46,TOTFERR,ITL,TOTAL,1.38
2011,A,ITC46,TOTFERR,ITL,TOTAL,1.37
2012,A,ITC46,TOTFERR,ITL,TOTAL,1.36
2013,A,ITC46,TOTFERR,ITL,TOTAL,1.33
2014,A,ITC46,TOTFERR,ITL,TOTAL,1.32
2015,A,ITC46,TOTFERR,ITL,TOTAL,1.31
2016,A,ITC46,TOTFERR,ITL,TOTAL,1.33
2017,A,ITC46,TOTFERR,ITL,TOTAL,1.27
2018,A,ITC46,TOTFERR,ITL,TOTAL,1.23
2019,A,ITC46,TOTFERR,ITL,TOTAL,1.17
2020,A,ITC46,TOTFERR,ITL,TOTAL,1.13
2021,A,ITC46,TOTFERR,ITL,TOTAL,1.18
2022,A,ITC46,TOTFERR,ITL,TOTAL,1.15
2023,A,ITC46,TOTFERR,ITL,TOTAL,1.11
2024,A,ITC46,TOTFERR,ITL,TOTAL,1.11
1999,A,ITC46,TOTFERR,TOTAL,TOTAL,1.27
2000,A,ITC46,TOTFERR,TOTAL,TOTAL,1.33
2001,A,ITC46,TOTFERR,TOTAL,TOTAL,1.34
2002,A,ITC46,TOTFERR,TOTAL,TOTAL,1.38
2003,A,ITC46,TOTFERR,TOTAL,TOTAL,1.4
2004,A,ITC46,TOTFERR,TOTAL,TOTAL,1.47
2005,A,ITC46,TOTFERR,TOTAL,TOTAL,1.46
2006,A,ITC46,TOTFERR,TOTAL,TOTAL,1.52
2007,A,ITC46,TOTFERR,TOTAL,TOTAL,1.55
2008,A,ITC46,TOTFERR,TOTAL,TOTAL,1.64
2009,A,ITC46,TOTFERR,TOTAL,TOTAL,1.68
2010,A,ITC46,TOTFERR,TOTAL,TOTAL,1.66
2011,A,ITC46,TOTFERR,TOTAL,TOTAL,1.62
2012,A,ITC46,TOTFERR,TOTAL,TOTAL,1.59
2013,A,ITC46,TOTFERR,TOTAL,TOTAL,1.53
2014,A,ITC46,TOTFERR,TOTAL,TOTAL,1.51
2015,A,ITC46,TOTFERR,TOTAL,TOTAL,1.47
2016,A,ITC46,TOTFERR,TOTAL,TOTAL,1.49
2017,A,ITC46,TOTFERR,TOTAL,TOTAL,1.46
2018,A,ITC46,TOTFERR,TOTAL,TOTAL,1.39
2019,A,ITC46,TOTFERR,TOTAL,TOTAL,1.36
2020,A,ITC46,TOTFERR,TOTAL,TOTAL,1.28
2021,A,ITC46,TOTFERR,TOTAL,TOTAL,1.3
2022,A,ITC46,TOTFERR,TOTAL,TOTAL,1.27
2023,A,ITC46,TOTFERR,TOTAL,TOTAL,1.24
2024,A,ITC46,TOTFERR,TOTAL,TOTAL,1.24
2002,A,ITC47,TOTFERR,FRG,TOTAL,3.63
2003,A,ITC47,TOTFERR,FRG,TOTAL,2.85
2004,A,ITC47,TOTFERR,FRG,TOTAL,3.59
2005,A,ITC47,TOTFERR,FRG,TOTAL,3.15
2006,A,ITC47,TOTFERR,FRG,TOTAL,3.44
2007,A,ITC47,TOTFERR,FRG,TOTAL,3.21
2008,A,ITC47,TOTFERR,FRG,TOTAL,3.23
2009,A,ITC47,TOTFERR,FRG,TOTAL,3.17
2010,A,ITC47,TOTFERR,FRG,TOTAL,2.99
2011,A,ITC47,TOTFERR,FRG,TOTAL,2.69
2012,A,ITC47,TOTFERR,FRG,TOTAL,2.52
2013,A,ITC47,TOTFERR,FRG,TOTAL,2.36
2014,A,ITC47,TOTFERR,FRG,TOTAL,2.34
2015,A,ITC47,TOTFERR,FRG,TOTAL,2.35
2016,A,ITC47,TOTFERR,FRG,TOTAL,2.23
2017,A,ITC47,TOTFERR,FRG,TOTAL,2.32
2018,A,ITC47,TOTFERR,FRG,TOTAL,2.3
2019,A,ITC47,TOTFERR,FRG,TOTAL,2.34
2020,A,ITC47,TOTFERR,FRG,TOTAL,2.31
2021,A,ITC47,TOTFERR,FRG,TOTAL,2.21
2022,A,ITC47,TOTFERR,FRG,TOTAL,2.19
2023,A,ITC47,TOTFERR,FRG,TOTAL,2.27
2024,A,ITC47,TOTFERR,FRG,TOTAL,2.17
2002,A,ITC47,TOTFERR,ITL,TOTAL,1.21
2003,A,ITC47,TOTFERR,ITL,TOTAL,1.22
2004,A,ITC47,TOTFERR,ITL,TOTAL,1.23
2005,A,ITC47,TOTFERR,ITL,TOTAL,1.21
2006,A,ITC47,TOTFERR,ITL,TOTAL,1.27
2007,A,ITC47,TOTFERR,ITL,TOTAL,1.33
2008,A,ITC47,TOTFERR,ITL,TOTAL,1.32
2009,A,ITC47,TOTFERR,ITL,TOTAL,1.32
2010,A,ITC47,TOTFERR,ITL,TOTAL,1.35
2011,A,ITC47,TOTFERR,ITL,TOTAL,1.31
2012,A,ITC47,TOTFERR,ITL,TOTAL,1.28
2013,A,ITC47,TOTFERR,ITL,TOTAL,1.27
2014,A,ITC47,TOTFERR,ITL,TOTAL,1.26
2015,A,ITC47,TOTFERR,ITL,TOTAL,1.28
2016,A,ITC47,TOTFERR,ITL,TOTAL,1.28
2017,A,ITC47,TOTFERR,ITL,TOTAL,1.24
2018,A,ITC47,TOTFERR,ITL,TOTAL,1.21
2019,A,ITC47,TOTFERR,ITL,TOTAL,1.15
2020,A,ITC47,TOTFERR,ITL,TOTAL,1.12
2021,A,ITC47,TOTFERR,ITL,TOTAL,1.13
2022,A,ITC47,TOTFERR,ITL,TOTAL,1.13
2023,A,ITC47,TOTFERR,ITL,TOTAL,1.11
2024,A,ITC47,TOTFERR,ITL,TOTAL,1.08
1999,A,ITC47,TOTFERR,TOTAL,TOTAL,1.27
2000,A,ITC47,TOTFERR,TOTAL,TOTAL,1.3
2001,A,ITC47,TOTFERR,TOTAL,TOTAL,1.33
2002,A,ITC47,TOTFERR,TOTAL,TOTAL,1.38
2003,A,ITC47,TOTFERR,TOTAL,TOTAL,1.36
2004,A,ITC47,TOTFERR,TOTAL,TOTAL,1.48
2005,A,ITC47,TOTFERR,TOTAL,TOTAL,1.45
2006,A,ITC47,TOTFERR,TOTAL,TOTAL,1.56
2007,A,ITC47,TOTFERR,TOTAL,TOTAL,1.61
2008,A,ITC47,TOTFERR,TOTAL,TOTAL,1.65
2009,A,ITC47,TOTFERR,TOTAL,TOTAL,1.67
2010,A,ITC47,TOTFERR,TOTAL,TOTAL,1.69
2011,A,ITC47,TOTFERR,TOTAL,TOTAL,1.61
2012,A,ITC47,TOTFERR,TOTAL,TOTAL,1.55
2013,A,ITC47,TOTFERR,TOTAL,TOTAL,1.51
2014,A,ITC47,TOTFERR,TOTAL,TOTAL,1.49
2015,A,ITC47,TOTFERR,TOTAL,TOTAL,1.5
2016,A,ITC47,TOTFERR,TOTAL,TOTAL,1.46
2017,A,ITC47,TOTFERR,TOTAL,TOTAL,1.44
2018,A,ITC47,TOTFERR,TOTAL,TOTAL,1.4
2019,A,ITC47,TOTFERR,TOTAL,TOTAL,1.36
2020,A,ITC47,TOTFERR,TOTAL,TOTAL,1.33
2021,A,ITC47,TOTFERR,TOTAL,TOTAL,1.31
2022,A,ITC47,TOTFERR,TOTAL,TOTAL,1.3
2023,A,ITC47,TOTFERR,TOTAL,TOTAL,1.28
2024,A,ITC47,TOTFERR,TOTAL,TOTAL,1.24
2002,A,ITC48,TOTFERR,FRG,TOTAL,3.61
2003,A,ITC48,TOTFERR,FRG,TOTAL,2.54
2004,A,ITC48,TOTFERR,FRG,TOTAL,3.02
2005,A,ITC48,TOTFERR,FRG,TOTAL,3.15
2006,A,ITC48,TOTFERR,FRG,TOTAL,3.21
2007,A,ITC48,TOTFERR,FRG,TOTAL,2.99
2008,A,ITC48,TOTFERR,FRG,TOTAL,2.79
2009,A,ITC48,TOTFERR,FRG,TOTAL,2.61
2010,A,ITC48,TOTFERR,FRG,TOTAL,2.47
2011,A,ITC48,TOTFERR,FRG,TOTAL,2.23
2012,A,ITC48,TOTFERR,FRG,TOTAL,2.3
2013,A,ITC48,TOTFERR,FRG,TOTAL,2.11
2014,A,ITC48,TOTFERR,FRG,TOTAL,1.96
2015,A,ITC48,TOTFERR,FRG,TOTAL,2.14
2016,A,ITC48,TOTFERR,FRG,TOTAL,2.1
2017,A,ITC48,TOTFERR,FRG,TOTAL,2.03
2018,A,ITC48,TOTFERR,FRG,TOTAL,2.15
2019,A,ITC48,TOTFERR,FRG,TOTAL,2.09
2020,A,ITC48,TOTFERR,FRG,TOTAL,2.0
2021,A,ITC48,TOTFERR,FRG,TOTAL,1.89
2022,A,ITC48,TOTFERR,FRG,TOTAL,1.87
2023,A,ITC48,TOTFERR,FRG,TOTAL,1.87
2024,A,ITC48,TOTFERR,FRG,TOTAL,1.98
2002,A,ITC48,TOTFERR,ITL,TOTAL,1.0
2003,A,ITC48,TOTFERR,ITL,TOTAL,1.07
2004,A,ITC48,TOTFERR,ITL,TOTAL,1.05
2005,A,ITC48,TOTFERR,ITL,TOTAL,1.12
2006,A,ITC48,TOTFERR,ITL,TOTAL,1.17
2007,A,ITC48,TOTFERR,ITL,TOTAL,1.14
2008,A,ITC48,TOTFERR,ITL,TOTAL,1.2
2009,A,ITC48,TOTFERR,ITL,TOTAL,1.22
2010,A,ITC48,TOTFERR,ITL,TOTAL,1.18
2011,A,ITC48,TOTFERR,ITL,TOTAL,1.21
2012,A,ITC48,TOTFERR,ITL,TOTAL,1.2
2013,A,ITC48,TOTFERR,ITL,TOTAL,1.2
2014,A,ITC48,TOTFERR,ITL,TOTAL,1.2
2015,A,ITC48,TOTFERR,ITL,TOTAL,1.22
2016,A,ITC48,TOTFERR,ITL,TOTAL,1.15
2017,A,ITC48,TOTFERR,ITL,TOTAL,1.14
2018,A,ITC48,TOTFERR,ITL,TOTAL,1.13
2019,A,ITC48,TOTFERR,ITL,TOTAL,1.11
2020,A,ITC48,TOTFERR,ITL,TOTAL,1.05
2021,A,ITC48,TOTFERR,ITL,TOTAL,1.06
2022,A,ITC48,TOTFERR,ITL,TOTAL,1.1
2023,A,ITC48,TOTFERR,ITL,TOTAL,1.04
2024,A,ITC48,TOTFERR,ITL,TOTAL,1.02
1999,A,ITC48,TOTFERR,TOTAL,TOTAL,1.02
2000,A,ITC48,TOTFERR,TOTAL,TOTAL,1.05
2001,A,ITC48,TOTFERR,TOTAL,TOTAL,1.09
2002,A,ITC48,TOTFERR,TOTAL,TOTAL,1.11
2003,A,ITC48,TOTFERR,TOTAL,TOTAL,1.14
2004,A,ITC48,TOTFERR,TOTAL,TOTAL,1.18
2005,A,ITC48,TOTFERR,TOTAL,TOTAL,1.26
2006,A,ITC48,TOTFERR,TOTAL,TOTAL,1.34
2007,A,ITC48,TOTFERR,TOTAL,TOTAL,1.34
2008,A,ITC48,TOTFERR,TOTAL,TOTAL,1.42
2009,A,ITC48,TOTFERR,TOTAL,TOTAL,1.44
2010,A,ITC48,TOTFERR,TOTAL,TOTAL,1.39
2011,A,ITC48,TOTFERR,TOTAL,TOTAL,1.39
2012,A,ITC48,TOTFERR,TOTAL,TOTAL,1.4
2013,A,ITC48,TOTFERR,TOTAL,TOTAL,1.37
2014,A,ITC48,TOTFERR,TOTAL,TOTAL,1.34
2015,A,ITC48,TOTFERR,TOTAL,TOTAL,1.39
2016,A,ITC48,TOTFERR,TOTAL,TOTAL,1.33
2017,A,ITC48,TOTFERR,TOTAL,TOTAL,1.3
2018,A,ITC48,TOTFERR,TOTAL,TOTAL,1.32
2019,A,ITC48,TOTFERR,TOTAL,TOTAL,1.29
2020,A,ITC48,TOTFERR,TOTAL,TOTAL,1.22
2021,A,ITC48,TOTFERR,TOTAL,TOTAL,1.21
2022,A,ITC48,TOTFERR,TOTAL,TOTAL,1.24
2023,A,ITC48,TOTFERR,TOTAL,TOTAL,1.18
2024,A,ITC48,TOTFERR,TOTAL,TOTAL,1.19
2002,A,ITC49,TOTFERR,FRG,TOTAL,3.56
2003,A,ITC49,TOTFERR,FRG,TOTAL,2.99
2004,A,ITC49,TOTFERR,FRG,TOTAL,3.3
2005,A,ITC49,TOTFERR,FRG,TOTAL,3.19
2006,A,ITC49,TOTFERR,FRG,TOTAL,3.64
2007,A,ITC49,TOTFERR,FRG,TOTAL,2.78
2008,A,ITC49,TOTFERR,FRG,TOTAL,2.76
2009,A,ITC49,TOTFERR,FRG,TOTAL,3.07
2010,A,ITC49,TOTFERR,FRG,TOTAL,2.61
2011,A,ITC49,TOTFERR,FRG,TOTAL,2.32
2012,A,ITC49,TOTFERR,FRG,TOTAL,2.44
2013,A,ITC49,TOTFERR,FRG,TOTAL,2.27
2014,A,ITC49,TOTFERR,FRG,TOTAL,2.31
2015,A,ITC49,TOTFERR,FRG,TOTAL,2.28
2016,A,ITC49,TOTFERR,FRG,TOTAL,2.33
2017,A,ITC49,TOTFERR,FRG,TOTAL,2.24
2018,A,ITC49,TOTFERR,FRG,TOTAL,2.35
2019,A,ITC49,TOTFERR,FRG,TOTAL,2.22
2020,A,ITC49,TOTFERR,FRG,TOTAL,2.22
2021,A,ITC49,TOTFERR,FRG,TOTAL,2.26
2022,A,ITC49,TOTFERR,FRG,TOTAL,2.03
2023,A,ITC49,TOTFERR,FRG,TOTAL,2.02
2024,A,ITC49,TOTFERR,FRG,TOTAL,2.21
2002,A,ITC49,TOTFERR,ITL,TOTAL,1.07
2003,A,ITC49,TOTFERR,ITL,TOTAL,1.19
2004,A,ITC49,TOTFERR,ITL,TOTAL,1.19
2005,A,ITC49,TOTFERR,ITL,TOTAL,1.16
2006,A,ITC49,TOTFERR,ITL,TOTAL,1.18
2007,A,ITC49,TOTFERR,ITL,TOTAL,1.2
2008,A,ITC49,TOTFERR,ITL,TOTAL,1.28
2009,A,ITC49,TOTFERR,ITL,TOTAL,1.32
2010,A,ITC49,TOTFERR,ITL,TOTAL,1.26
2011,A,ITC49,TOTFERR,ITL,TOTAL,1.28
2012,A,ITC49,TOTFERR,ITL,TOTAL,1.25
2013,A,ITC49,TOTFERR,ITL,TOTAL,1.25
2014,A,ITC49,TOTFERR,ITL,TOTAL,1.25
2015,A,ITC49,TOTFERR,ITL,TOTAL,1.26
2016,A,ITC49,TOTFERR,ITL,TOTAL,1.29
2017,A,ITC49,TOTFERR,ITL,TOTAL,1.28
2018,A,ITC49,TOTFERR,ITL,TOTAL,1.17
2019,A,ITC49,TOTFERR,ITL,TOTAL,1.16
2020,A,ITC49,TOTFERR,ITL,TOTAL,1.07
2021,A,ITC49,TOTFERR,ITL,TOTAL,1.15
2022,A,ITC49,TOTFERR,ITL,TOTAL,1.18
2023,A,ITC49,TOTFERR,ITL,TOTAL,1.09
2024,A,ITC49,TOTFERR,ITL,TOTAL,1.1
1999,A,ITC49,TOTFERR,TOTAL,TOTAL,1.17
2000,A,ITC49,TOTFERR,TOTAL,TOTAL,1.14
2001,A,ITC49,TOTFERR,TOTAL,TOTAL,1.18
2002,A,ITC49,TOTFERR,TOTAL,TOTAL,1.19
2003,A,ITC49,TOTFERR,TOTAL,TOTAL,1.29
2004,A,ITC49,TOTFERR,TOTAL,TOTAL,1.36
2005,A,ITC49,TOTFERR,TOTAL,TOTAL,1.35
2006,A,ITC49,TOTFERR,TOTAL,TOTAL,1.44
2007,A,ITC49,TOTFERR,TOTAL,TOTAL,1.39
2008,A,ITC49,TOTFERR,TOTAL,TOTAL,1.5
2009,A,ITC49,TOTFERR,TOTAL,TOTAL,1.62
2010,A,ITC49,TOTFERR,TOTAL,TOTAL,1.51
2011,A,ITC49,TOTFERR,TOTAL,TOTAL,1.48
2012,A,ITC49,TOTFERR,TOTAL,TOTAL,1.48
2013,A,ITC49,TOTFERR,TOTAL,TOTAL,1.46
2014,A,ITC49,TOTFERR,TOTAL,TOTAL,1.46
2015,A,ITC49,TOTFERR,TOTAL,TOTAL,1.46
2016,A,ITC49,TOTFERR,TOTAL,TOTAL,1.47
2017,A,ITC49,TOTFERR,TOTAL,TOTAL,1.45
2018,A,ITC49,TOTFERR,TOTAL,TOTAL,1.4
2019,A,ITC49,TOTFERR,TOTAL,TOTAL,1.34
2020,A,ITC49,TOTFERR,TOTAL,TOTAL,1.28
2021,A,ITC49,TOTFERR,TOTAL,TOTAL,1.34
2022,A,ITC49,TOTFERR,TOTAL,TOTAL,1.31
2023,A,ITC49,TOTFERR,TOTAL,TOTAL,1.24
2024,A,ITC49,TOTFERR,TOTAL,TOTAL,1.28
2002,A,ITC4A,TOTFERR,FRG,TOTAL,3.4
2003,A,ITC4A,TOTFERR,FRG,TOTAL,2.56
2004,A,ITC4A,TOTFERR,FRG,TOTAL,3.1
2005,A,ITC4A,TOTFERR,FRG,TOTAL,2.77
2006,A,ITC4A,TOTFERR,FRG,TOTAL,2.82
2007,A,ITC4A,TOTFERR,FRG,TOTAL,2.81
2008,A,ITC4A,TOTFERR,FRG,TOTAL,2.97
2009,A,ITC4A,TOTFERR,FRG,TOTAL,2.81
2010,A,ITC4A,TOTFERR,FRG,TOTAL,2.61
2011,A,ITC4A,TOTFERR,FRG,TOTAL,2.38
2012,A,ITC4A,TOTFERR,FRG,TOTAL,2.41
2013,A,ITC4A,TOTFERR,FRG,TOTAL,2.17
2014,A,ITC4A,TOTFERR,FRG,TOTAL,2.31
2015,A,ITC4A,TOTFERR,FRG,TOTAL,2.21
2016,A,ITC4A,TOTFERR,FRG,TOTAL,2.2
2017,A,ITC4A,TOTFERR,FRG,TOTAL,2.22
2018,A,ITC4A,TOTFERR,FRG,TOTAL,2.31
2019,A,ITC4A,TOTFERR,FRG,TOTAL,2.16
2020,A,ITC4A,TOTFERR,FRG,TOTAL,2.15
2021,A,ITC4A,TOTFERR,FRG,TOTAL,2.38
2022,A,ITC4A,TOTFERR,FRG,TOTAL,2.19
2023,A,ITC4A,TOTFERR,FRG,TOTAL,2.1
2024,A,ITC4A,TOTFERR,FRG,TOTAL,2.11
2002,A,ITC4A,TOTFERR,ITL,TOTAL,1.05
2003,A,ITC4A,TOTFERR,ITL,TOTAL,1.06
2004,A,ITC4A,TOTFERR,ITL,TOTAL,1.08
2005,A,ITC4A,TOTFERR,ITL,TOTAL,1.15
2006,A,ITC4A,TOTFERR,ITL,TOTAL,1.12
2007,A,ITC4A,TOTFERR,ITL,TOTAL,1.19
2008,A,ITC4A,TOTFERR,ITL,TOTAL,1.24
2009,A,ITC4A,TOTFERR,ITL,TOTAL,1.22
2010,A,ITC4A,TOTFERR,ITL,TOTAL,1.24
2011,A,ITC4A,TOTFERR,ITL,TOTAL,1.21
2012,A,ITC4A,TOTFERR,ITL,TOTAL,1.25
2013,A,ITC4A,TOTFERR,ITL,TOTAL,1.19
2014,A,ITC4A,TOTFERR,ITL,TOTAL,1.22
2015,A,ITC4A,TOTFERR,ITL,TOTAL,1.18
2016,A,ITC4A,TOTFERR,ITL,TOTAL,1.16
2017,A,ITC4A,TOTFERR,ITL,TOTAL,1.18
2018,A,ITC4A,TOTFERR,ITL,TOTAL,1.11
2019,A,ITC4A,TOTFERR,ITL,TOTAL,1.16
2020,A,ITC4A,TOTFERR,ITL,TOTAL,1.07
2021,A,ITC4A,TOTFERR,ITL,TOTAL,1.09
2022,A,ITC4A,TOTFERR,ITL,TOTAL,1.05
2023,A,ITC4A,TOTFERR,ITL,TOTAL,1.06
2024,A,ITC4A,TOTFERR,ITL,TOTAL,1.08
1999,A,ITC4A,TOTFERR,TOTAL,TOTAL,1.11
2000,A,ITC4A,TOTFERR,TOTAL,TOTAL,1.15
2001,A,ITC4A,TOTFERR,TOTAL,TOTAL,1.19
2002,A,ITC4A,TOTFERR,TOTAL,TOTAL,1.2
2003,A,ITC4A,TOTFERR,TOTAL,TOTAL,1.17
2004,A,ITC4A,TOTFERR,TOTAL,TOTAL,1.26
2005,A,ITC4A,TOTFERR,TOTAL,TOTAL,1.31
2006,A,ITC4A,TOTFERR,TOTAL,TOTAL,1.32
2007,A,ITC4A,TOTFERR,TOTAL,TOTAL,1.41
2008,A,ITC4A,TOTFERR,TOTAL,TOTAL,1.53
2009,A,ITC4A,TOTFERR,TOTAL,TOTAL,1.51
2010,A,ITC4A,TOTFERR,TOTAL,TOTAL,1.5
2011,A,ITC4A,TOTFERR,TOTAL,TOTAL,1.44
2012,A,ITC4A,TOTFERR,TOTAL,TOTAL,1.47
2013,A,ITC4A,TOTFERR,TOTAL,TOTAL,1.39
2014,A,ITC4A,TOTFERR,TOTAL,TOTAL,1.43
2015,A,ITC4A,TOTFERR,TOTAL,TOTAL,1.37
2016,A,ITC4A,TOTFERR,TOTAL,TOTAL,1.34
2017,A,ITC4A,TOTFERR,TOTAL,TOTAL,1.36
2018,A,ITC4A,TOTFERR,TOTAL,TOTAL,1.33
2019,A,ITC4A,TOTFERR,TOTAL,TOTAL,1.34
2020,A,ITC4A,TOTFERR,TOTAL,TOTAL,1.26
2021,A,ITC4A,TOTFERR,TOTAL,TOTAL,1.31
2022,A,ITC4A,TOTFERR,TOTAL,TOTAL,1.23
2023,A,ITC4A,TOTFERR,TOTAL,TOTAL,1.23
2024,A,ITC4A,TOTFERR,TOTAL,TOTAL,1.24
2002,A,ITC4B,TOTFERR,FRG,TOTAL,3.26
2003,A,ITC4B,TOTFERR,FRG,TOTAL,2.72
2004,A,ITC4B,TOTFERR,FRG,TOTAL,3.63
2005,A,ITC4B,TOTFERR,FRG,TOTAL,2.93
2006,A,ITC4B,TOTFERR,FRG,TOTAL,3.05
2007,A,ITC4B,TOTFERR,FRG,TOTAL,3.3
2008,A,ITC4B,TOTFERR,FRG,TOTAL,3.03
2009,A,ITC4B,TOTFERR,FRG,TOTAL,2.88
2010,A,ITC4B,TOTFERR,FRG,TOTAL,2.76
2011,A,ITC4B,TOTFERR,FRG,TOTAL,2.64
2012,A,ITC4B,TOTFERR,FRG,TOTAL,2.43
2013,A,ITC4B,TOTFERR,FRG,TOTAL,2.41
2014,A,ITC4B,TOTFERR,FRG,TOTAL,2.24
2015,A,ITC4B,TOTFERR,FRG,TOTAL,2.21
2016,A,ITC4B,TOTFERR,FRG,TOTAL,2.3
2017,A,ITC4B,TOTFERR,FRG,TOTAL,2.29
2018,A,ITC4B,TOTFERR,FRG,TOTAL,2.38
2019,A,ITC4B,TOTFERR,FRG,TOTAL,2.47
2020,A,ITC4B,TOTFERR,FRG,TOTAL,2.4
2021,A,ITC4B,TOTFERR,FRG,TOTAL,2.27
2022,A,ITC4B,TOTFERR,FRG,TOTAL,2.29
2023,A,ITC4B,TOTFERR,FRG,TOTAL,2.24
2024,A,ITC4B,TOTFERR,FRG,TOTAL,2.07
2002,A,ITC4B,TOTFERR,ITL,TOTAL,1.04
2003,A,ITC4B,TOTFERR,ITL,TOTAL,1.03
2004,A,ITC4B,TOTFERR,ITL,TOTAL,1.1
2005,A,ITC4B,TOTFERR,ITL,TOTAL,1.13
2006,A,ITC4B,TOTFERR,ITL,TOTAL,1.15
2007,A,ITC4B,TOTFERR,ITL,TOTAL,1.19
2008,A,ITC4B,TOTFERR,ITL,TOTAL,1.21
2009,A,ITC4B,TOTFERR,ITL,TOTAL,1.25
2010,A,ITC4B,TOTFERR,ITL,TOTAL,1.29
2011,A,ITC4B,TOTFERR,ITL,TOTAL,1.24
2012,A,ITC4B,TOTFERR,ITL,TOTAL,1.19
2013,A,ITC4B,TOTFERR,ITL,TOTAL,1.23
2014,A,ITC4B,TOTFERR,ITL,TOTAL,1.22
2015,A,ITC4B,TOTFERR,ITL,TOTAL,1.21
2016,A,ITC4B,TOTFERR,ITL,TOTAL,1.19
2017,A,ITC4B,TOTFERR,ITL,TOTAL,1.15
2018,A,ITC4B,TOTFERR,ITL,TOTAL,1.13
2019,A,ITC4B,TOTFERR,ITL,TOTAL,1.11
2020,A,ITC4B,TOTFERR,ITL,TOTAL,1.05
2021,A,ITC4B,TOTFERR,ITL,TOTAL,1.04
2022,A,ITC4B,TOTFERR,ITL,TOTAL,1.02
2023,A,ITC4B,TOTFERR,ITL,TOTAL,1.02
2024,A,ITC4B,TOTFERR,ITL,TOTAL,1.02
1999,A,ITC4B,TOTFERR,TOTAL,TOTAL,1.13
2000,A,ITC4B,TOTFERR,TOTAL,TOTAL,1.13
2001,A,ITC4B,TOTFERR,TOTAL,TOTAL,1.15
2002,A,ITC4B,TOTFERR,TOTAL,TOTAL,1.2
2003,A,ITC4B,TOTFERR,TOTAL,TOTAL,1.18
2004,A,ITC4B,TOTFERR,TOTAL,TOTAL,1.36
2005,A,ITC4B,TOTFERR,TOTAL,TOTAL,1.34
2006,A,ITC4B,TOTFERR,TOTAL,TOTAL,1.4
2007,A,ITC4B,TOTFERR,TOTAL,TOTAL,1.52
2008,A,ITC4B,TOTFERR,TOTAL,TOTAL,1.55
2009,A,ITC4B,TOTFERR,TOTAL,TOTAL,1.6
2010,A,ITC4B,TOTFERR,TOTAL,TOTAL,1.61
2011,A,ITC4B,TOTFERR,TOTAL,TOTAL,1.57
2012,A,ITC4B,TOTFERR,TOTAL,TOTAL,1.49
2013,A,ITC4B,TOTFERR,TOTAL,TOTAL,1.51
2014,A,ITC4B,TOTFERR,TOTAL,TOTAL,1.47
2015,A,ITC4B,TOTFERR,TOTAL,TOTAL,1.43
2016,A,ITC4B,TOTFERR,TOTAL,TOTAL,1.42
2017,A,ITC4B,TOTFERR,TOTAL,TOTAL,1.37
2018,A,ITC4B,TOTFERR,TOTAL,TOTAL,1.38
2019,A,ITC4B,TOTFERR,TOTAL,TOTAL,1.37
2020,A,ITC4B,TOTFERR,TOTAL,TOTAL,1.32
2021,A,ITC4B,TOTFERR,TOTAL,TOTAL,1.29
2022,A,ITC4B,TOTFERR,TOTAL,TOTAL,1.27
2023,A,ITC4B,TOTFERR,TOTAL,TOTAL,1.26
2024,A,ITC4B,TOTFERR,TOTAL,TOTAL,1.22
2002,A,ITCD,TOTFERR,FRG,TOTAL,2.97
2003,A,ITCD,TOTFERR,FRG,TOTAL,2.53
2004,A,ITCD,TOTFERR,FRG,TOTAL,2.95
2005,A,ITCD,TOTFERR,FRG,TOTAL,2.76
2006,A,ITCD,TOTFERR,FRG,TOTAL,2.84
2007,A,ITCD,TOTFERR,FRG,TOTAL,2.74
2008,A,ITCD,TOTFERR,FRG,TOTAL,2.64
2009,A,ITCD,TOTFERR,FRG,TOTAL,2.59
2010,A,ITCD,TOTFERR,FRG,TOTAL,2.44
2011,A,ITCD,TOTFERR,FRG,TOTAL,2.32
2012,A,ITCD,TOTFERR,FRG,TOTAL,2.28
2013,A,ITCD,TOTFERR,FRG,TOTAL,2.18
2014,A,ITCD,TOTFERR,FRG,TOTAL,2.15
2015,A,ITCD,TOTFERR,FRG,TOTAL,2.11
2016,A,ITCD,TOTFERR,FRG,TOTAL,2.14
2017,A,ITCD,TOTFERR,FRG,TOTAL,2.17
2018,A,ITCD,TOTFERR,FRG,TOTAL,2.13
2019,A,ITCD,TOTFERR,FRG,TOTAL,2.11
2020,A,ITCD,TOTFERR,FRG,TOTAL,2.0
2021,A,ITCD,TOTFERR,FRG,TOTAL,1.96
2022,A,ITCD,TOTFERR,FRG,TOTAL,1.95
2023,A,ITCD,TOTFERR,FRG,TOTAL,1.9
2024,A,ITCD,TOTFERR,FRG,TOTAL,1.91
2002,A,ITCD,TOTFERR,ITL,TOTAL,1.13
2003,A,ITCD,TOTFERR,ITL,TOTAL,1.16
2004,A,ITCD,TOTFERR,ITL,TOTAL,1.19
2005,A,ITCD,TOTFERR,ITL,TOTAL,1.19
2006,A,ITCD,TOTFERR,ITL,TOTAL,1.22
2007,A,ITCD,TOTFERR,ITL,TOTAL,1.25
2008,A,ITCD,TOTFERR,ITL,TOTAL,1.3
2009,A,ITCD,TOTFERR,ITL,TOTAL,1.29
2010,A,ITCD,TOTFERR,ITL,TOTAL,1.31
2011,A,ITCD,TOTFERR,ITL,TOTAL,1.3
2012,A,ITCD,TOTFERR,ITL,TOTAL,1.3
2013,A,ITCD,TOTFERR,ITL,TOTAL,1.28
2014,A,ITCD,TOTFERR,ITL,TOTAL,1.28
2015,A,ITCD,TOTFERR,ITL,TOTAL,1.27
2016,A,ITCD,TOTFERR,ITL,TOTAL,1.26
2017,A,ITCD,TOTFERR,ITL,TOTAL,1.23
2018,A,ITCD,TOTFERR,ITL,TOTAL,1.2
2019,A,ITCD,TOTFERR,ITL,TOTAL,1.16
2020,A,ITCD,TOTFERR,ITL,TOTAL,1.14
2021,A,ITCD,TOTFERR,ITL,TOTAL,1.16
2022,A,ITCD,TOTFERR,ITL,TOTAL,1.15
2023,A,ITCD,TOTFERR,ITL,TOTAL,1.11
2024,A,ITCD,TOTFERR,ITL,TOTAL,1.08
2002,A,ITCD,TOTFERR,TOTAL,TOTAL,1.23
2003,A,ITCD,TOTFERR,TOTAL,TOTAL,1.25
2004,A,ITCD,TOTFERR,TOTAL,TOTAL,1.33
2005,A,ITCD,TOTFERR,TOTAL,TOTAL,1.34
2006,A,ITCD,TOTFERR,TOTAL,TOTAL,1.39
2007,A,ITCD,TOTFERR,TOTAL,TOTAL,1.43
2008,A,ITCD,TOTFERR,TOTAL,TOTAL,1.49
2009,A,ITCD,TOTFERR,TOTAL,TOTAL,1.5
2010,A,ITCD,TOTFERR,TOTAL,TOTAL,1.5
2011,A,ITCD,TOTFERR,TOTAL,TOTAL,1.48
2012,A,ITCD,TOTFERR,TOTAL,TOTAL,1.48
2013,A,ITCD,TOTFERR,TOTAL,TOTAL,1.45
2014,A,ITCD,TOTFERR,TOTAL,TOTAL,1.44
2015,A,ITCD,TOTFERR,TOTAL,TOTAL,1.42
2016,A,ITCD,TOTFERR,TOTAL,TOTAL,1.41
2017,A,ITCD,TOTFERR,TOTAL,TOTAL,1.38
2018,A,ITCD,TOTFERR,TOTAL,TOTAL,1.35
2019,A,ITCD,TOTFERR,TOTAL,TOTAL,1.31
2020,A,ITCD,TOTFERR,TOTAL,TOTAL,1.27
2021,A,ITCD,TOTFERR,TOTAL,TOTAL,1.28
2022,A,ITCD,TOTFERR,TOTAL,TOTAL,1.26
2023,A,ITCD,TOTFERR,TOTAL,TOTAL,1.21
2024,A,ITCD,TOTFERR,TOTAL,TOTAL,1.19
2002,A,ITD,TOTFERR,FRG,TOTAL,2.9
2003,A,ITD,TOTFERR,FRG,TOTAL,2.53
2004,A,ITD,TOTFERR,FRG,TOTAL,3.0
2005,A,ITD,TOTFERR,FRG,TOTAL,2.8
2006,A,ITD,TOTFERR,FRG,TOTAL,2.81
2007,A,ITD,TOTFERR,FRG,TOTAL,2.71
2008,A,ITD,TOTFERR,FRG,TOTAL,2.61
2009,A,ITD,TOTFERR,FRG,TOTAL,2.52
2010,A,ITD,TOTFERR,FRG,TOTAL,2.38
2011,A,ITD,TOTFERR,FRG,TOTAL,2.29
2012,A,ITD,TOTFERR,FRG,TOTAL,2.27
2013,A,ITD,TOTFERR,FRG,TOTAL,2.18
2014,A,ITD,TOTFERR,FRG,TOTAL,2.14
2015,A,ITD,TOTFERR,FRG,TOTAL,2.11
2016,A,ITD,TOTFERR,FRG,TOTAL,2.15
2017,A,ITD,TOTFERR,FRG,TOTAL,2.18
2018,A,ITD,TOTFERR,FRG,TOTAL,2.17
2019,A,ITD,TOTFERR,FRG,TOTAL,2.13
2020,A,ITD,TOTFERR,FRG,TOTAL,2.02
2021,A,ITD,TOTFERR,FRG,TOTAL,2.01
2022,A,ITD,TOTFERR,FRG,TOTAL,2.0
2023,A,ITD,TOTFERR,FRG,TOTAL,1.94
2024,A,ITD,TOTFERR,FRG,TOTAL,1.98
2002,A,ITD,TOTFERR,ITL,TOTAL,1.14
2003,A,ITD,TOTFERR,ITL,TOTAL,1.16
2004,A,ITD,TOTFERR,ITL,TOTAL,1.19
2005,A,ITD,TOTFERR,ITL,TOTAL,1.2
2006,A,ITD,TOTFERR,ITL,TOTAL,1.23
2007,A,ITD,TOTFERR,ITL,TOTAL,1.26
2008,A,ITD,TOTFERR,ITL,TOTAL,1.29
2009,A,ITD,TOTFERR,ITL,TOTAL,1.29
2010,A,ITD,TOTFERR,ITL,TOTAL,1.31
2011,A,ITD,TOTFERR,ITL,TOTAL,1.29
2012,A,ITD,TOTFERR,ITL,TOTAL,1.3
2013,A,ITD,TOTFERR,ITL,TOTAL,1.28
2014,A,ITD,TOTFERR,ITL,TOTAL,1.28
2015,A,ITD,TOTFERR,ITL,TOTAL,1.27
2016,A,ITD,TOTFERR,ITL,TOTAL,1.26
2017,A,ITD,TOTFERR,ITL,TOTAL,1.23
2018,A,ITD,TOTFERR,ITL,TOTAL,1.21
2019,A,ITD,TOTFERR,ITL,TOTAL,1.17
2020,A,ITD,TOTFERR,ITL,TOTAL,1.17
2021,A,ITD,TOTFERR,ITL,TOTAL,1.19
2022,A,ITD,TOTFERR,ITL,TOTAL,1.18
2023,A,ITD,TOTFERR,ITL,TOTAL,1.12
2024,A,ITD,TOTFERR,ITL,TOTAL,1.1
1999,A,ITD,TOTFERR,TOTAL,TOTAL,1.15
2000,A,ITD,TOTFERR,TOTAL,TOTAL,1.21
2001,A,ITD,TOTFERR,TOTAL,TOTAL,1.21
2002,A,ITD,TOTFERR,TOTAL,TOTAL,1.25
2003,A,ITD,TOTFERR,TOTAL,TOTAL,1.26
2004,A,ITD,TOTFERR,TOTAL,TOTAL,1.35
2005,A,ITD,TOTFERR,TOTAL,TOTAL,1.36
2006,A,ITD,TOTFERR,TOTAL,TOTAL,1.4
2007,A,ITD,TOTFERR,TOTAL,TOTAL,1.44
2008,A,ITD,TOTFERR,TOTAL,TOTAL,1.49
2009,A,ITD,TOTFERR,TOTAL,TOTAL,1.5
2010,A,ITD,TOTFERR,TOTAL,TOTAL,1.5
2011,A,ITD,TOTFERR,TOTAL,TOTAL,1.48
2012,A,ITD,TOTFERR,TOTAL,TOTAL,1.49
2013,A,ITD,TOTFERR,TOTAL,TOTAL,1.45
2014,A,ITD,TOTFERR,TOTAL,TOTAL,1.44
2015,A,ITD,TOTFERR,TOTAL,TOTAL,1.42
2016,A,ITD,TOTFERR,TOTAL,TOTAL,1.41
2017,A,ITD,TOTFERR,TOTAL,TOTAL,1.38
2018,A,ITD,TOTFERR,TOTAL,TOTAL,1.36
2019,A,ITD,TOTFERR,TOTAL,TOTAL,1.32
2020,A,ITD,TOTFERR,TOTAL,TOTAL,1.3
2021,A,ITD,TOTFERR,TOTAL,TOTAL,1.31
2022,A,ITD,TOTFERR,TOTAL,TOTAL,1.29
2023,A,ITD,TOTFERR,TOTAL,TOTAL,1.24
2024,A,ITD,TOTFERR,TOTAL,TOTAL,1.21
2002,A,ITD1,TOTFERR,FRG,TOTAL,3.06
2003,A,ITD1,TOTFERR,FRG,TOTAL,2.67
2004,A,ITD1,TOTFERR,FRG,TOTAL,3.51
2005,A,ITD1,TOTFERR,FRG,TOTAL,3.07
2006,A,ITD1,TOTFERR,FRG,TOTAL,2.79
2007,A,ITD1,TOTFERR,FRG,TOTAL,2.87
2008,A,ITD1,TOTFERR,FRG,TOTAL,2.64
2009,A,ITD1,TOTFERR,FRG,TOTAL,2.42
2010,A,ITD1,TOTFERR,FRG,TOTAL,2.48
2011,A,ITD1,TOTFERR,FRG,TOTAL,2.39
2012,A,ITD1,TOTFERR,FRG,TOTAL,2.38
2013,A,ITD1,TOTFERR,FRG,TOTAL,2.47
2014,A,ITD1,TOTFERR,FRG,TOTAL,2.54
2015,A,ITD1,TOTFERR,FRG,TOTAL,2.45
2016,A,ITD1,TOTFERR,FRG,TOTAL,2.54
2017,A,ITD1,TOTFERR,FRG,TOTAL,2.59
2018,A,ITD1,TOTFERR,FRG,TOTAL,2.48
2019,A,ITD1,TOTFERR,FRG,TOTAL,2.6
2020,A,ITD1,TOTFERR,FRG,TOTAL,2.4
2021,A,ITD1,TOTFERR,FRG,TOTAL,2.33
2022,A,ITD1,TOTFERR,FRG,TOTAL,2.49
2023,A,ITD1,TOTFERR,FRG,TOTAL,2.24
2024,A,ITD1,TOTFERR,FRG,TOTAL,2.18
2002,A,ITD1,TOTFERR,ITL,TOTAL,1.38
2003,A,ITD1,TOTFERR,ITL,TOTAL,1.46
2004,A,ITD1,TOTFERR,ITL,TOTAL,1.44
2005,A,ITD1,TOTFERR,ITL,TOTAL,1.5
2006,A,ITD1,TOTFERR,ITL,TOTAL,1.49
2007,A,ITD1,TOTFERR,ITL,TOTAL,1.51
2008,A,ITD1,TOTFERR,ITL,TOTAL,1.51
2009,A,ITD1,TOTFERR,ITL,TOTAL,1.47
2010,A,ITD1,TOTFERR,ITL,TOTAL,1.53
2011,A,ITD1,TOTFERR,ITL,TOTAL,1.52
2012,A,ITD1,TOTFERR,ITL,TOTAL,1.58
2013,A,ITD1,TOTFERR,ITL,TOTAL,1.54
2014,A,ITD1,TOTFERR,ITL,TOTAL,1.64
2015,A,ITD1,TOTFERR,ITL,TOTAL,1.62
2016,A,ITD1,TOTFERR,ITL,TOTAL,1.67
2017,A,ITD1,TOTFERR,ITL,TOTAL,1.64
2018,A,ITD1,TOTFERR,ITL,TOTAL,1.63
2019,A,ITD1,TOTFERR,ITL,TOTAL,1.6
2020,A,ITD1,TOTFERR,ITL,TOTAL,1.62
2021,A,ITD1,TOTFERR,ITL,TOTAL,1.64
2022,A,ITD1,TOTFERR,ITL,TOTAL,1.55
2023,A,ITD1,TOTFERR,ITL,TOTAL,1.49
2024,A,ITD1,TOTFERR,ITL,TOTAL,1.44
1999,A,ITD1,TOTFERR,TOTAL,TOTAL,1.51
2000,A,ITD1,TOTFERR,TOTAL,TOTAL,1.48
2001,A,ITD1,TOTFERR,TOTAL,TOTAL,1.51
2002,A,ITD1,TOTFERR,TOTAL,TOTAL,1.45
2003,A,ITD1,TOTFERR,TOTAL,TOTAL,1.52
2004,A,ITD1,TOTFERR,TOTAL,TOTAL,1.56
2005,A,ITD1,TOTFERR,TOTAL,TOTAL,1.6
2006,A,ITD1,TOTFERR,TOTAL,TOTAL,1.58
2007,A,ITD1,TOTFERR,TOTAL,TOTAL,1.62
2008,A,ITD1,TOTFERR,TOTAL,TOTAL,1.61
2009,A,ITD1,TOTFERR,TOTAL,TOTAL,1.56
2010,A,ITD1,TOTFERR,TOTAL,TOTAL,1.62
2011,A,ITD1,TOTFERR,TOTAL,TOTAL,1.61
2012,A,ITD1,TOTFERR,TOTAL,TOTAL,1.67
2013,A,ITD1,TOTFERR,TOTAL,TOTAL,1.65
2014,A,ITD1,TOTFERR,TOTAL,TOTAL,1.75
2015,A,ITD1,TOTFERR,TOTAL,TOTAL,1.71
2016,A,ITD1,TOTFERR,TOTAL,TOTAL,1.77
2017,A,ITD1,TOTFERR,TOTAL,TOTAL,1.75
2018,A,ITD1,TOTFERR,TOTAL,TOTAL,1.73
2019,A,ITD1,TOTFERR,TOTAL,TOTAL,1.71
2020,A,ITD1,TOTFERR,TOTAL,TOTAL,1.71
2021,A,ITD1,TOTFERR,TOTAL,TOTAL,1.72
2022,A,ITD1,TOTFERR,TOTAL,TOTAL,1.64
2023,A,ITD1,TOTFERR,TOTAL,TOTAL,1.57
2024,A,ITD1,TOTFERR,TOTAL,TOTAL,1.51
2002,A,ITD10,TOTFERR,FRG,TOTAL,3.06
2003,A,ITD10,TOTFERR,FRG,TOTAL,2.67
2004,A,ITD10,TOTFERR,FRG,TOTAL,3.51
2005,A,ITD10,TOTFERR,FRG,TOTAL,3.07
2006,A,ITD10,TOTFERR,FRG,TOTAL,2.79
2007,A,ITD10,TOTFERR,FRG,TOTAL,2.87
2008,A,ITD10,TOTFERR,FRG,TOTAL,2.64
2009,A,ITD10,TOTFERR,FRG,TOTAL,2.42
2010,A,ITD10,TOTFERR,FRG,TOTAL,2.48
2011,A,ITD10,TOTFERR,FRG,TOTAL,2.39
2012,A,ITD10,TOTFERR,FRG,TOTAL,2.38
2013,A,ITD10,TOTFERR,FRG,TOTAL,2.47
2014,A,ITD10,TOTFERR,FRG,TOTAL,2.54
2015,A,ITD10,TOTFERR,FRG,TOTAL,2.45
2016,A,ITD10,TOTFERR,FRG,TOTAL,2.54
2017,A,ITD10,TOTFERR,FRG,TOTAL,2.59
2018,A,ITD10,TOTFERR,FRG,TOTAL,2.48
2019,A,ITD10,TOTFERR,FRG,TOTAL,2.6
2020,A,ITD10,TOTFERR,FRG,TOTAL,2.4
2021,A,ITD10,TOTFERR,FRG,TOTAL,2.33
2022,A,ITD10,TOTFERR,FRG,TOTAL,2.49
2023,A,ITD10,TOTFERR,FRG,TOTAL,2.24
2024,A,ITD10,TOTFERR,FRG,TOTAL,2.18
2002,A,ITD10,TOTFERR,ITL,TOTAL,1.38
2003,A,ITD10,TOTFERR,ITL,TOTAL,1.46
2004,A,ITD10,TOTFERR,ITL,TOTAL,1.44
2005,A,ITD10,TOTFERR,ITL,TOTAL,1.5
2006,A,ITD10,TOTFERR,ITL,TOTAL,1.49
2007,A,ITD10,TOTFERR,ITL,TOTAL,1.51
2008,A,ITD10,TOTFERR,ITL,TOTAL,1.51
2009,A,ITD10,TOTFERR,ITL,TOTAL,1.47
2010,A,ITD10,TOTFERR,ITL,TOTAL,1.53
2011,A,ITD10,TOTFERR,ITL,TOTAL,1.52
2012,A,ITD10,TOTFERR,ITL,TOTAL,1.58
2013,A,ITD10,TOTFERR,ITL,TOTAL,1.54
2014,A,ITD10,TOTFERR,ITL,TOTAL,1.64
2015,A,ITD10,TOTFERR,ITL,TOTAL,1.62
2016,A,ITD10,TOTFERR,ITL,TOTAL,1.67
2017,A,ITD10,TOTFERR,ITL,TOTAL,1.64
2018,A,ITD10,TOTFERR,ITL,TOTAL,1.63
2019,A,ITD10,TOTFERR,ITL,TOTAL,1.6
2020,A,ITD10,TOTFERR,ITL,TOTAL,1.62
2021,A,ITD10,TOTFERR,ITL,TOTAL,1.64
2022,A,ITD10,TOTFERR,ITL,TOTAL,1.55
2023,A,ITD10,TOTFERR,ITL,TOTAL,1.49
2024,A,ITD10,TOTFERR,ITL,TOTAL,1.44
1999,A,ITD10,TOTFERR,TOTAL,TOTAL,1.51
2000,A,ITD10,TOTFERR,TOTAL,TOTAL,1.48
2001,A,ITD10,TOTFERR,TOTAL,TOTAL,1.51
2002,A,ITD10,TOTFERR,TOTAL,TOTAL,1.45
2003,A,ITD10,TOTFERR,TOTAL,TOTAL,1.52
2004,A,ITD10,TOTFERR,TOTAL,TOTAL,1.56
2005,A,ITD10,TOTFERR,TOTAL,TOTAL,1.6
2006,A,ITD10,TOTFERR,TOTAL,TOTAL,1.58
2007,A,ITD10,TOTFERR,TOTAL,TOTAL,1.62
2008,A,ITD10,TOTFERR,TOTAL,TOTAL,1.61
2009,A,ITD10,TOTFERR,TOTAL,TOTAL,1.56
2010,A,ITD10,TOTFERR,TOTAL,TOTAL,1.62
2011,A,ITD10,TOTFERR,TOTAL,TOTAL,1.61
2012,A,ITD10,TOTFERR,TOTAL,TOTAL,1.67
2013,A,ITD10,TOTFERR,TOTAL,TOTAL,1.65
2014,A,ITD10,TOTFERR,TOTAL,TOTAL,1.75
2015,A,ITD10,TOTFERR,TOTAL,TOTAL,1.71
2016,A,ITD10,TOTFERR,TOTAL,TOTAL,1.77
2017,A,ITD10,TOTFERR,TOTAL,TOTAL,1.75
2018,A,ITD10,TOTFERR,TOTAL,TOTAL,1.73
2019,A,ITD10,TOTFERR,TOTAL,TOTAL,1.71
2020,A,ITD10,TOTFERR,TOTAL,TOTAL,1.71
2021,A,ITD10,TOTFERR,TOTAL,TOTAL,1.72
2022,A,ITD10,TOTFERR,TOTAL,TOTAL,1.64
2023,A,ITD10,TOTFERR,TOTAL,TOTAL,1.57
2024,A,ITD10,TOTFERR,TOTAL,TOTAL,1.51
2002,A,ITD2,TOTFERR,FRG,TOTAL,2.91
2003,A,ITD2,TOTFERR,FRG,TOTAL,2.31
2004,A,ITD2,TOTFERR,FRG,TOTAL,2.92
2005,A,ITD2,TOTFERR,FRG,TOTAL,2.81
2006,A,ITD2,TOTFERR,FRG,TOTAL,2.71
2007,A,ITD2,TOTFERR,FRG,TOTAL,2.55
2008,A,ITD2,TOTFERR,FRG,TOTAL,2.48
2009,A,ITD2,TOTFERR,FRG,TOTAL,2.45
2010,A,ITD2,TOTFERR,FRG,TOTAL,2.33
2011,A,ITD2,TOTFERR,FRG,TOTAL,2.26
2012,A,ITD2,TOTFERR,FRG,TOTAL,2.43
2013,A,ITD2,TOTFERR,FRG,TOTAL,2.29
2014,A,ITD2,TOTFERR,FRG,TOTAL,2.13
2015,A,ITD2,TOTFERR,FRG,TOTAL,2.26
2016,A,ITD2,TOTFERR,FRG,TOTAL,2.33
2017,A,ITD2,TOTFERR,FRG,TOTAL,2.24
2018,A,ITD2,TOTFERR,FRG,TOTAL,2.28
2019,A,ITD2,TOTFERR,FRG,TOTAL,2.3
2020,A,ITD2,TOTFERR,FRG,TOTAL,2.13
2021,A,ITD2,TOTFERR,FRG,TOTAL,2.1
2022,A,ITD2,TOTFERR,FRG,TOTAL,2.15
2023,A,ITD2,TOTFERR,FRG,TOTAL,2.08
2024,A,ITD2,TOTFERR,FRG,TOTAL,2.03
2002,A,ITD2,TOTFERR,ITL,TOTAL,1.34
2003,A,ITD2,TOTFERR,ITL,TOTAL,1.34
2004,A,ITD2,TOTFERR,ITL,TOTAL,1.43
2005,A,ITD2,TOTFERR,ITL,TOTAL,1.36
2006,A,ITD2,TOTFERR,ITL,TOTAL,1.38
2007,A,ITD2,TOTFERR,ITL,TOTAL,1.38
2008,A,ITD2,TOTFERR,ITL,TOTAL,1.47
2009,A,ITD2,TOTFERR,ITL,TOTAL,1.44
2010,A,ITD2,TOTFERR,ITL,TOTAL,1.52
2011,A,ITD2,TOTFERR,ITL,TOTAL,1.49
2012,A,ITD2,TOTFERR,ITL,TOTAL,1.44
2013,A,ITD2,TOTFERR,ITL,TOTAL,1.47
2014,A,ITD2,TOTFERR,ITL,TOTAL,1.44
2015,A,ITD2,TOTFERR,ITL,TOTAL,1.44
2016,A,ITD2,TOTFERR,ITL,TOTAL,1.39
2017,A,ITD2,TOTFERR,ITL,TOTAL,1.38
2018,A,ITD2,TOTFERR,ITL,TOTAL,1.34
2019,A,ITD2,TOTFERR,ITL,TOTAL,1.3
2020,A,ITD2,TOTFERR,ITL,TOTAL,1.27
2021,A,ITD2,TOTFERR,ITL,TOTAL,1.34
2022,A,ITD2,TOTFERR,ITL,TOTAL,1.28
2023,A,ITD2,TOTFERR,ITL,TOTAL,1.21
2024,A,ITD2,TOTFERR,ITL,TOTAL,1.19
1999,A,ITD2,TOTFERR,TOTAL,TOTAL,1.39
2000,A,ITD2,TOTFERR,TOTAL,TOTAL,1.43
2001,A,ITD2,TOTFERR,TOTAL,TOTAL,1.42
2002,A,ITD2,TOTFERR,TOTAL,TOTAL,1.44
2003,A,ITD2,TOTFERR,TOTAL,TOTAL,1.41
2004,A,ITD2,TOTFERR,TOTAL,TOTAL,1.55
2005,A,ITD2,TOTFERR,TOTAL,TOTAL,1.49
2006,A,ITD2,TOTFERR,TOTAL,TOTAL,1.51
2007,A,ITD2,TOTFERR,TOTAL,TOTAL,1.52
2008,A,ITD2,TOTFERR,TOTAL,TOTAL,1.6
2009,A,ITD2,TOTFERR,TOTAL,TOTAL,1.6
2010,A,ITD2,TOTFERR,TOTAL,TOTAL,1.65
2011,A,ITD2,TOTFERR,TOTAL,TOTAL,1.61
2012,A,ITD2,TOTFERR,TOTAL,TOTAL,1.6
2013,A,ITD2,TOTFERR,TOTAL,TOTAL,1.6
2014,A,ITD2,TOTFERR,TOTAL,TOTAL,1.54
2015,A,ITD2,TOTFERR,TOTAL,TOTAL,1.56
2016,A,ITD2,TOTFERR,TOTAL,TOTAL,1.52
2017,A,ITD2,TOTFERR,TOTAL,TOTAL,1.49
2018,A,ITD2,TOTFERR,TOTAL,TOTAL,1.45
2019,A,ITD2,TOTFERR,TOTAL,TOTAL,1.42
2020,A,ITD2,TOTFERR,TOTAL,TOTAL,1.36
2021,A,ITD2,TOTFERR,TOTAL,TOTAL,1.42
2022,A,ITD2,TOTFERR,TOTAL,TOTAL,1.36
2023,A,ITD2,TOTFERR,TOTAL,TOTAL,1.28
2024,A,ITD2,TOTFERR,TOTAL,TOTAL,1.27
2002,A,ITD20,TOTFERR,FRG,TOTAL,2.91
2003,A,ITD20,TOTFERR,FRG,TOTAL,2.31
2004,A,ITD20,TOTFERR,FRG,TOTAL,2.92
2005,A,ITD20,TOTFERR,FRG,TOTAL,2.81
2006,A,ITD20,TOTFERR,FRG,TOTAL,2.71
2007,A,ITD20,TOTFERR,FRG,TOTAL,2.55
2008,A,ITD20,TOTFERR,FRG,TOTAL,2.48
2009,A,ITD20,TOTFERR,FRG,TOTAL,2.45
2010,A,ITD20,TOTFERR,FRG,TOTAL,2.33
2011,A,ITD20,TOTFERR,FRG,TOTAL,2.26
2012,A,ITD20,TOTFERR,FRG,TOTAL,2.43
2013,A,ITD20,TOTFERR,FRG,TOTAL,2.29
2014,A,ITD20,TOTFERR,FRG,TOTAL,2.13
2015,A,ITD20,TOTFERR,FRG,TOTAL,2.26
2016,A,ITD20,TOTFERR,FRG,TOTAL,2.33
2017,A,ITD20,TOTFERR,FRG,TOTAL,2.24
2018,A,ITD20,TOTFERR,FRG,TOTAL,2.28
2019,A,ITD20,TOTFERR,FRG,TOTAL,2.3
2020,A,ITD20,TOTFERR,FRG,TOTAL,2.13
2021,A,ITD20,TOTFERR,FRG,TOTAL,2.1
2022,A,ITD20,TOTFERR,FRG,TOTAL,2.15
2023,A,ITD20,TOTFERR,FRG,TOTAL,2.08
2024,A,ITD20,TOTFERR,FRG,TOTAL,2.03
2002,A,ITD20,TOTFERR,ITL,TOTAL,1.34
2003,A,ITD20,TOTFERR,ITL,TOTAL,1.34
2004,A,ITD20,TOTFERR,ITL,TOTAL,1.43
2005,A,ITD20,TOTFERR,ITL,TOTAL,1.36
2006,A,ITD20,TOTFERR,ITL,TOTAL,1.38
2007,A,ITD20,TOTFERR,ITL,TOTAL,1.38
2008,A,ITD20,TOTFERR,ITL,TOTAL,1.47
2009,A,ITD20,TOTFERR,ITL,TOTAL,1.44
2010,A,ITD20,TOTFERR,ITL,TOTAL,1.52
2011,A,ITD20,TOTFERR,ITL,TOTAL,1.49
2012,A,ITD20,TOTFERR,ITL,TOTAL,1.44
2013,A,ITD20,TOTFERR,ITL,TOTAL,1.47
2014,A,ITD20,TOTFERR,ITL,TOTAL,1.44
2015,A,ITD20,TOTFERR,ITL,TOTAL,1.44
2016,A,ITD20,TOTFERR,ITL,TOTAL,1.39
2017,A,ITD20,TOTFERR,ITL,TOTAL,1.38
2018,A,ITD20,TOTFERR,ITL,TOTAL,1.34
2019,A,ITD20,TOTFERR,ITL,TOTAL,1.3
2020,A,ITD20,TOTFERR,ITL,TOTAL,1.27
2021,A,ITD20,TOTFERR,ITL,TOTAL,1.34
2022,A,ITD20,TOTFERR,ITL,TOTAL,1.28
2023,A,ITD20,TOTFERR,ITL,TOTAL,1.21
2024,A,ITD20,TOTFERR,ITL,TOTAL,1.19
1999,A,ITD20,TOTFERR,TOTAL,TOTAL,1.39
2000,A,ITD20,TOTFERR,TOTAL,TOTAL,1.43
2001,A,ITD20,TOTFERR,TOTAL,TOTAL,1.42
2002,A,ITD20,TOTFERR,TOTAL,TOTAL,1.44
2003,A,ITD20,TOTFERR,TOTAL,TOTAL,1.41
2004,A,ITD20,TOTFERR,TOTAL,TOTAL,1.55
2005,A,ITD20,TOTFERR,TOTAL,TOTAL,1.49
2006,A,ITD20,TOTFERR,TOTAL,TOTAL,1.51
2007,A,ITD20,TOTFERR,TOTAL,TOTAL,1.52
2008,A,ITD20,TOTFERR,TOTAL,TOTAL,1.6
2009,A,ITD20,TOTFERR,TOTAL,TOTAL,1.6
2010,A,ITD20,TOTFERR,TOTAL,TOTAL,1.65
2011,A,ITD20,TOTFERR,TOTAL,TOTAL,1.61
2012,A,ITD20,TOTFERR,TOTAL,TOTAL,1.6
2013,A,ITD20,TOTFERR,TOTAL,TOTAL,1.6
2014,A,ITD20,TOTFERR,TOTAL,TOTAL,1.54
2015,A,ITD20,TOTFERR,TOTAL,TOTAL,1.56
2016,A,ITD20,TOTFERR,TOTAL,TOTAL,1.52
2017,A,ITD20,TOTFERR,TOTAL,TOTAL,1.49
2018,A,ITD20,TOTFERR,TOTAL,TOTAL,1.45
2019,A,ITD20,TOTFERR,TOTAL,TOTAL,1.42
2020,A,ITD20,TOTFERR,TOTAL,TOTAL,1.36
2021,A,ITD20,TOTFERR,TOTAL,TOTAL,1.42
2022,A,ITD20,TOTFERR,TOTAL,TOTAL,1.36
2023,A,ITD20,TOTFERR,TOTAL,TOTAL,1.28
2024,A,ITD20,TOTFERR,TOTAL,TOTAL,1.27
2002,A,ITD3,TOTFERR,FRG,TOTAL,3.08
2003,A,ITD3,TOTFERR,FRG,TOTAL,2.54
2004,A,ITD3,TOTFERR,FRG,TOTAL,3.08
2005,A,ITD3,TOTFERR,FRG,TOTAL,2.82
2006,A,ITD3,TOTFERR,FRG,TOTAL,2.82
2007,A,ITD3,TOTFERR,FRG,TOTAL,2.68
2008,A,ITD3,TOTFERR,FRG,TOTAL,2.62
2009,A,ITD3,TOTFERR,FRG,TOTAL,2.48
2010,A,ITD3,TOTFERR,FRG,TOTAL,2.33
2011,A,ITD3,TOTFERR,FRG,TOTAL,2.28
2012,A,ITD3,TOTFERR,FRG,TOTAL,2.26
2013,A,ITD3,TOTFERR,FRG,TOTAL,2.14
2014,A,ITD3,TOTFERR,FRG,TOTAL,2.13
2015,A,ITD3,TOTFERR,FRG,TOTAL,2.06
2016,A,ITD3,TOTFERR,FRG,TOTAL,2.08
2017,A,ITD3,TOTFERR,FRG,TOTAL,2.17
2018,A,ITD3,TOTFERR,FRG,TOTAL,2.15
2019,A,ITD3,TOTFERR,FRG,TOTAL,2.1
2020,A,ITD3,TOTFERR,FRG,TOTAL,2.06
2021,A,ITD3,TOTFERR,FRG,TOTAL,2.03
2022,A,ITD3,TOTFERR,FRG,TOTAL,2.01
2023,A,ITD3,TOTFERR,FRG,TOTAL,1.95
2024,A,ITD3,TOTFERR,FRG,TOTAL,1.99
2002,A,ITD3,TOTFERR,ITL,TOTAL,1.13
2003,A,ITD3,TOTFERR,ITL,TOTAL,1.16
2004,A,ITD3,TOTFERR,ITL,TOTAL,1.2
2005,A,ITD3,TOTFERR,ITL,TOTAL,1.2
2006,A,ITD3,TOTFERR,ITL,TOTAL,1.22
2007,A,ITD3,TOTFERR,ITL,TOTAL,1.25
2008,A,ITD3,TOTFERR,ITL,TOTAL,1.28
2009,A,ITD3,TOTFERR,ITL,TOTAL,1.28
2010,A,ITD3,TOTFERR,ITL,TOTAL,1.3
2011,A,ITD3,TOTFERR,ITL,TOTAL,1.28
2012,A,ITD3,TOTFERR,ITL,TOTAL,1.3
2013,A,ITD3,TOTFERR,ITL,TOTAL,1.26
2014,A,ITD3,TOTFERR,ITL,TOTAL,1.26
2015,A,ITD3,TOTFERR,ITL,TOTAL,1.26
2016,A,ITD3,TOTFERR,ITL,TOTAL,1.26
2017,A,ITD3,TOTFERR,ITL,TOTAL,1.22
2018,A,ITD3,TOTFERR,ITL,TOTAL,1.21
2019,A,ITD3,TOTFERR,ITL,TOTAL,1.16
2020,A,ITD3,TOTFERR,ITL,TOTAL,1.15
2021,A,ITD3,TOTFERR,ITL,TOTAL,1.18
2022,A,ITD3,TOTFERR,ITL,TOTAL,1.16
2023,A,ITD3,TOTFERR,ITL,TOTAL,1.11
2024,A,ITD3,TOTFERR,ITL,TOTAL,1.09
1999,A,ITD3,TOTFERR,TOTAL,TOTAL,1.17
2000,A,ITD3,TOTFERR,TOTAL,TOTAL,1.22
2001,A,ITD3,TOTFERR,TOTAL,TOTAL,1.2
2002,A,ITD3,TOTFERR,TOTAL,TOTAL,1.24
2003,A,ITD3,TOTFERR,TOTAL,TOTAL,1.26
2004,A,ITD3,TOTFERR,TOTAL,TOTAL,1.36
2005,A,ITD3,TOTFERR,TOTAL,TOTAL,1.36
2006,A,ITD3,TOTFERR,TOTAL,TOTAL,1.4
2007,A,ITD3,TOTFERR,TOTAL,TOTAL,1.44
2008,A,ITD3,TOTFERR,TOTAL,TOTAL,1.49
2009,A,ITD3,TOTFERR,TOTAL,TOTAL,1.48
2010,A,ITD3,TOTFERR,TOTAL,TOTAL,1.49
2011,A,ITD3,TOTFERR,TOTAL,TOTAL,1.47
2012,A,ITD3,TOTFERR,TOTAL,TOTAL,1.48
2013,A,ITD3,TOTFERR,TOTAL,TOTAL,1.43
2014,A,ITD3,TOTFERR,TOTAL,TOTAL,1.42
2015,A,ITD3,TOTFERR,TOTAL,TOTAL,1.39
2016,A,ITD3,TOTFERR,TOTAL,TOTAL,1.39
2017,A,ITD3,TOTFERR,TOTAL,TOTAL,1.37
2018,A,ITD3,TOTFERR,TOTAL,TOTAL,1.34
2019,A,ITD3,TOTFERR,TOTAL,TOTAL,1.29
2020,A,ITD3,TOTFERR,TOTAL,TOTAL,1.28
2021,A,ITD3,TOTFERR,TOTAL,TOTAL,1.3
2022,A,ITD3,TOTFERR,TOTAL,TOTAL,1.26
2023,A,ITD3,TOTFERR,TOTAL,TOTAL,1.21
2024,A,ITD3,TOTFERR,TOTAL,TOTAL,1.2
2002,A,ITD31,TOTFERR,FRG,TOTAL,3.1
2003,A,ITD31,TOTFERR,FRG,TOTAL,2.19
2004,A,ITD31,TOTFERR,FRG,TOTAL,3.62
2005,A,ITD31,TOTFERR,FRG,TOTAL,2.96
2006,A,ITD31,TOTFERR,FRG,TOTAL,2.89
2007,A,ITD31,TOTFERR,FRG,TOTAL,2.66
2008,A,ITD31,TOTFERR,FRG,TOTAL,2.61
2009,A,ITD31,TOTFERR,FRG,TOTAL,2.49
2010,A,ITD31,TOTFERR,FRG,TOTAL,2.37
2011,A,ITD31,TOTFERR,FRG,TOTAL,2.26
2012,A,ITD31,TOTFERR,FRG,TOTAL,2.21
2013,A,ITD31,TOTFERR,FRG,TOTAL,2.12
2014,A,ITD31,TOTFERR,FRG,TOTAL,2.21
2015,A,ITD31,TOTFERR,FRG,TOTAL,2.15
2016,A,ITD31,TOTFERR,FRG,TOTAL,2.16
2017,A,ITD31,TOTFERR,FRG,TOTAL,2.32
2018,A,ITD31,TOTFERR,FRG,TOTAL,2.26
2019,A,ITD31,TOTFERR,FRG,TOTAL,2.21
2020,A,ITD31,TOTFERR,FRG,TOTAL,2.07
2021,A,ITD31,TOTFERR,FRG,TOTAL,1.92
2022,A,ITD31,TOTFERR,FRG,TOTAL,1.87
2023,A,ITD31,TOTFERR,FRG,TOTAL,1.86
2024,A,ITD31,TOTFERR,FRG,TOTAL,1.87
2002,A,ITD31,TOTFERR,ITL,TOTAL,1.17
2003,A,ITD31,TOTFERR,ITL,TOTAL,1.18
2004,A,ITD31,TOTFERR,ITL,TOTAL,1.26
2005,A,ITD31,TOTFERR,ITL,TOTAL,1.25
2006,A,ITD31,TOTFERR,ITL,TOTAL,1.27
2007,A,ITD31,TOTFERR,ITL,TOTAL,1.3
2008,A,ITD31,TOTFERR,ITL,TOTAL,1.33
2009,A,ITD31,TOTFERR,ITL,TOTAL,1.32
2010,A,ITD31,TOTFERR,ITL,TOTAL,1.34
2011,A,ITD31,TOTFERR,ITL,TOTAL,1.32
2012,A,ITD31,TOTFERR,ITL,TOTAL,1.31
2013,A,ITD31,TOTFERR,ITL,TOTAL,1.27
2014,A,ITD31,TOTFERR,ITL,TOTAL,1.29
2015,A,ITD31,TOTFERR,ITL,TOTAL,1.31
2016,A,ITD31,TOTFERR,ITL,TOTAL,1.3
2017,A,ITD31,TOTFERR,ITL,TOTAL,1.25
2018,A,ITD31,TOTFERR,ITL,TOTAL,1.25
2019,A,ITD31,TOTFERR,ITL,TOTAL,1.21
2020,A,ITD31,TOTFERR,ITL,TOTAL,1.18
2021,A,ITD31,TOTFERR,ITL,TOTAL,1.19
2022,A,ITD31,TOTFERR,ITL,TOTAL,1.18
2023,A,ITD31,TOTFERR,ITL,TOTAL,1.12
2024,A,ITD31,TOTFERR,ITL,TOTAL,1.11
1999,A,ITD31,TOTFERR,TOTAL,TOTAL,1.25
2000,A,ITD31,TOTFERR,TOTAL,TOTAL,1.29
2001,A,ITD31,TOTFERR,TOTAL,TOTAL,1.28
2002,A,ITD31,TOTFERR,TOTAL,TOTAL,1.31
2003,A,ITD31,TOTFERR,TOTAL,TOTAL,1.26
2004,A,ITD31,TOTFERR,TOTAL,TOTAL,1.48
2005,A,ITD31,TOTFERR,TOTAL,TOTAL,1.42
2006,A,ITD31,TOTFERR,TOTAL,TOTAL,1.46
2007,A,ITD31,TOTFERR,TOTAL,TOTAL,1.49
2008,A,ITD31,TOTFERR,TOTAL,TOTAL,1.54
2009,A,ITD31,TOTFERR,TOTAL,TOTAL,1.54
2010,A,ITD31,TOTFERR,TOTAL,TOTAL,1.54
2011,A,ITD31,TOTFERR,TOTAL,TOTAL,1.51
2012,A,ITD31,TOTFERR,TOTAL,TOTAL,1.49
2013,A,ITD31,TOTFERR,TOTAL,TOTAL,1.44
2014,A,ITD31,TOTFERR,TOTAL,TOTAL,1.47
2015,A,ITD31,TOTFERR,TOTAL,TOTAL,1.46
2016,A,ITD31,TOTFERR,TOTAL,TOTAL,1.45
2017,A,ITD31,TOTFERR,TOTAL,TOTAL,1.43
2018,A,ITD31,TOTFERR,TOTAL,TOTAL,1.41
2019,A,ITD31,TOTFERR,TOTAL,TOTAL,1.37
2020,A,ITD31,TOTFERR,TOTAL,TOTAL,1.32
2021,A,ITD31,TOTFERR,TOTAL,TOTAL,1.3
2022,A,ITD31,TOTFERR,TOTAL,TOTAL,1.27
2023,A,ITD31,TOTFERR,TOTAL,TOTAL,1.22
2024,A,ITD31,TOTFERR,TOTAL,TOTAL,1.21
2002,A,ITD32,TOTFERR,FRG,TOTAL,3.03
2003,A,ITD32,TOTFERR,FRG,TOTAL,2.48
2004,A,ITD32,TOTFERR,FRG,TOTAL,2.93
2005,A,ITD32,TOTFERR,FRG,TOTAL,2.65
2006,A,ITD32,TOTFERR,FRG,TOTAL,2.71
2007,A,ITD32,TOTFERR,FRG,TOTAL,2.68
2008,A,ITD32,TOTFERR,FRG,TOTAL,2.7
2009,A,ITD32,TOTFERR,FRG,TOTAL,2.51
2010,A,ITD32,TOTFERR,FRG,TOTAL,2.39
2011,A,ITD32,TOTFERR,FRG,TOTAL,2.34
2012,A,ITD32,TOTFERR,FRG,TOTAL,2.32
2013,A,ITD32,TOTFERR,FRG,TOTAL,2.21
2014,A,ITD32,TOTFERR,FRG,TOTAL,2.23
2015,A,ITD32,TOTFERR,FRG,TOTAL,2.11
2016,A,ITD32,TOTFERR,FRG,TOTAL,2.08
2017,A,ITD32,TOTFERR,FRG,TOTAL,2.1
2018,A,ITD32,TOTFERR,FRG,TOTAL,2.24
2019,A,ITD32,TOTFERR,FRG,TOTAL,2.18
2020,A,ITD32,TOTFERR,FRG,TOTAL,2.24
2021,A,ITD32,TOTFERR,FRG,TOTAL,2.18
2022,A,ITD32,TOTFERR,FRG,TOTAL,2.19
2023,A,ITD32,TOTFERR,FRG,TOTAL,2.12
2024,A,ITD32,TOTFERR,FRG,TOTAL,2.3
2002,A,ITD32,TOTFERR,ITL,TOTAL,1.25
2003,A,ITD32,TOTFERR,ITL,TOTAL,1.24
2004,A,ITD32,TOTFERR,ITL,TOTAL,1.31
2005,A,ITD32,TOTFERR,ITL,TOTAL,1.29
2006,A,ITD32,TOTFERR,ITL,TOTAL,1.29
2007,A,ITD32,TOTFERR,ITL,TOTAL,1.32
2008,A,ITD32,TOTFERR,ITL,TOTAL,1.34
2009,A,ITD32,TOTFERR,ITL,TOTAL,1.33
2010,A,ITD32,TOTFERR,ITL,TOTAL,1.36
2011,A,ITD32,TOTFERR,ITL,TOTAL,1.33
2012,A,ITD32,TOTFERR,ITL,TOTAL,1.35
2013,A,ITD32,TOTFERR,ITL,TOTAL,1.31
2014,A,ITD32,TOTFERR,ITL,TOTAL,1.32
2015,A,ITD32,TOTFERR,ITL,TOTAL,1.31
2016,A,ITD32,TOTFERR,ITL,TOTAL,1.28
2017,A,ITD32,TOTFERR,ITL,TOTAL,1.27
2018,A,ITD32,TOTFERR,ITL,TOTAL,1.26
2019,A,ITD32,TOTFERR,ITL,TOTAL,1.2
2020,A,ITD32,TOTFERR,ITL,TOTAL,1.22
2021,A,ITD32,TOTFERR,ITL,TOTAL,1.27
2022,A,ITD32,TOTFERR,ITL,TOTAL,1.22
2023,A,ITD32,TOTFERR,ITL,TOTAL,1.16
2024,A,ITD32,TOTFERR,ITL,TOTAL,1.16
1999,A,ITD32,TOTFERR,TOTAL,TOTAL,1.28
2000,A,ITD32,TOTFERR,TOTAL,TOTAL,1.33
2001,A,ITD32,TOTFERR,TOTAL,TOTAL,1.34
2002,A,ITD32,TOTFERR,TOTAL,TOTAL,1.39
2003,A,ITD32,TOTFERR,TOTAL,TOTAL,1.35
2004,A,ITD32,TOTFERR,TOTAL,TOTAL,1.5
2005,A,ITD32,TOTFERR,TOTAL,TOTAL,1.47
2006,A,ITD32,TOTFERR,TOTAL,TOTAL,1.5
2007,A,ITD32,TOTFERR,TOTAL,TOTAL,1.53
2008,A,ITD32,TOTFERR,TOTAL,TOTAL,1.57
2009,A,ITD32,TOTFERR,TOTAL,TOTAL,1.54
2010,A,ITD32,TOTFERR,TOTAL,TOTAL,1.55
2011,A,ITD32,TOTFERR,TOTAL,TOTAL,1.51
2012,A,ITD32,TOTFERR,TOTAL,TOTAL,1.53
2013,A,ITD32,TOTFERR,TOTAL,TOTAL,1.47
2014,A,ITD32,TOTFERR,TOTAL,TOTAL,1.48
2015,A,ITD32,TOTFERR,TOTAL,TOTAL,1.44
2016,A,ITD32,TOTFERR,TOTAL,TOTAL,1.4
2017,A,ITD32,TOTFERR,TOTAL,TOTAL,1.38
2018,A,ITD32,TOTFERR,TOTAL,TOTAL,1.39
2019,A,ITD32,TOTFERR,TOTAL,TOTAL,1.33
2020,A,ITD32,TOTFERR,TOTAL,TOTAL,1.34
2021,A,ITD32,TOTFERR,TOTAL,TOTAL,1.38
2022,A,ITD32,TOTFERR,TOTAL,TOTAL,1.33
2023,A,ITD32,TOTFERR,TOTAL,TOTAL,1.27
2024,A,ITD32,TOTFERR,TOTAL,TOTAL,1.28
2002,A,ITD33,TOTFERR,FRG,TOTAL,2.91
2003,A,ITD33,TOTFERR,FRG,TOTAL,2.18
2004,A,ITD33,TOTFERR,FRG,TOTAL,2.66
2005,A,ITD33,TOTFERR,FRG,TOTAL,2.48
2006,A,ITD33,TOTFERR,FRG,TOTAL,2.38
2007,A,ITD33,TOTFERR,FRG,TOTAL,2.06
2008,A,ITD33,TOTFERR,FRG,TOTAL,2.23
2009,A,ITD33,TOTFERR,FRG,TOTAL,2.06
2010,A,ITD33,TOTFERR,FRG,TOTAL,2.19
2011,A,ITD33,TOTFERR,FRG,TOTAL,2.25
2012,A,ITD33,TOTFERR,FRG,TOTAL,2.17
2013,A,ITD33,TOTFERR,FRG,TOTAL,2.24
2014,A,ITD33,TOTFERR,FRG,TOTAL,1.94
2015,A,ITD33,TOTFERR,FRG,TOTAL,2.28
2016,A,ITD33,TOTFERR,FRG,TOTAL,2.15
2017,A,ITD33,TOTFERR,FRG,TOTAL,2.2
2018,A,ITD33,TOTFERR,FRG,TOTAL,2.03
2019,A,ITD33,TOTFERR,FRG,TOTAL,1.79
2020,A,ITD33,TOTFERR,FRG,TOTAL,1.82
2021,A,ITD33,TOTFERR,FRG,TOTAL,2.11
2022,A,ITD33,TOTFERR,FRG,TOTAL,1.78
2023,A,ITD33,TOTFERR,FRG,TOTAL,1.79
2024,A,ITD33,TOTFERR,FRG,TOTAL,1.71
2002,A,ITD33,TOTFERR,ITL,TOTAL,1.15
2003,A,ITD33,TOTFERR,ITL,TOTAL,1.12
2004,A,ITD33,TOTFERR,ITL,TOTAL,1.14
2005,A,ITD33,TOTFERR,ITL,TOTAL,1.12
2006,A,ITD33,TOTFERR,ITL,TOTAL,1.17
2007,A,ITD33,TOTFERR,ITL,TOTAL,1.17
2008,A,ITD33,TOTFERR,ITL,TOTAL,1.25
2009,A,ITD33,TOTFERR,ITL,TOTAL,1.26
2010,A,ITD33,TOTFERR,ITL,TOTAL,1.31
2011,A,ITD33,TOTFERR,ITL,TOTAL,1.27
2012,A,ITD33,TOTFERR,ITL,TOTAL,1.27
2013,A,ITD33,TOTFERR,ITL,TOTAL,1.2
2014,A,ITD33,TOTFERR,ITL,TOTAL,1.24
2015,A,ITD33,TOTFERR,ITL,TOTAL,1.22
2016,A,ITD33,TOTFERR,ITL,TOTAL,1.2
2017,A,ITD33,TOTFERR,ITL,TOTAL,1.18
2018,A,ITD33,TOTFERR,ITL,TOTAL,1.23
2019,A,ITD33,TOTFERR,ITL,TOTAL,1.16
2020,A,ITD33,TOTFERR,ITL,TOTAL,1.2
2021,A,ITD33,TOTFERR,ITL,TOTAL,1.15
2022,A,ITD33,TOTFERR,ITL,TOTAL,1.14
2023,A,ITD33,TOTFERR,ITL,TOTAL,1.07
2024,A,ITD33,TOTFERR,ITL,TOTAL,1.09
1999,A,ITD33,TOTFERR,TOTAL,TOTAL,1.11
2000,A,ITD33,TOTFERR,TOTAL,TOTAL,1.22
2001,A,ITD33,TOTFERR,TOTAL,TOTAL,1.11
2002,A,ITD33,TOTFERR,TOTAL,TOTAL,1.22
2003,A,ITD33,TOTFERR,TOTAL,TOTAL,1.18
2004,A,ITD33,TOTFERR,TOTAL,TOTAL,1.23
2005,A,ITD33,TOTFERR,TOTAL,TOTAL,1.22
2006,A,ITD33,TOTFERR,TOTAL,TOTAL,1.26
2007,A,ITD33,TOTFERR,TOTAL,TOTAL,1.25
2008,A,ITD33,TOTFERR,TOTAL,TOTAL,1.35
2009,A,ITD33,TOTFERR,TOTAL,TOTAL,1.35
2010,A,ITD33,TOTFERR,TOTAL,TOTAL,1.42
2011,A,ITD33,TOTFERR,TOTAL,TOTAL,1.39
2012,A,ITD33,TOTFERR,TOTAL,TOTAL,1.38
2013,A,ITD33,TOTFERR,TOTAL,TOTAL,1.32
2014,A,ITD33,TOTFERR,TOTAL,TOTAL,1.32
2015,A,ITD33,TOTFERR,TOTAL,TOTAL,1.34
2016,A,ITD33,TOTFERR,TOTAL,TOTAL,1.29
2017,A,ITD33,TOTFERR,TOTAL,TOTAL,1.28
2018,A,ITD33,TOTFERR,TOTAL,TOTAL,1.3
2019,A,ITD33,TOTFERR,TOTAL,TOTAL,1.21
2020,A,ITD33,TOTFERR,TOTAL,TOTAL,1.26
2021,A,ITD33,TOTFERR,TOTAL,TOTAL,1.24
2022,A,ITD33,TOTFERR,TOTAL,TOTAL,1.2
2023,A,ITD33,TOTFERR,TOTAL,TOTAL,1.13
2024,A,ITD33,TOTFERR,TOTAL,TOTAL,1.14
2002,A,ITD34,TOTFERR,FRG,TOTAL,3.28
2003,A,ITD34,TOTFERR,FRG,TOTAL,2.89
2004,A,ITD34,TOTFERR,FRG,TOTAL,3.03
2005,A,ITD34,TOTFERR,FRG,TOTAL,2.97
2006,A,ITD34,TOTFERR,FRG,TOTAL,2.89
2007,A,ITD34,TOTFERR,FRG,TOTAL,2.8
2008,A,ITD34,TOTFERR,FRG,TOTAL,2.58
2009,A,ITD34,TOTFERR,FRG,TOTAL,2.43
2010,A,ITD34,TOTFERR,FRG,TOTAL,2.47
2011,A,ITD34,TOTFERR,FRG,TOTAL,2.34
2012,A,ITD34,TOTFERR,FRG,TOTAL,2.32
2013,A,ITD34,TOTFERR,FRG,TOTAL,2.14
2014,A,ITD34,TOTFERR,FRG,TOTAL,2.18
2015,A,ITD34,TOTFERR,FRG,TOTAL,2.07
2016,A,ITD34,TOTFERR,FRG,TOTAL,2.17
2017,A,ITD34,TOTFERR,FRG,TOTAL,2.27
2018,A,ITD34,TOTFERR,FRG,TOTAL,2.21
2019,A,ITD34,TOTFERR,FRG,TOTAL,2.13
2020,A,ITD34,TOTFERR,FRG,TOTAL,2.16
2021,A,ITD34,TOTFERR,FRG,TOTAL,2.23
2022,A,ITD34,TOTFERR,FRG,TOTAL,2.15
2023,A,ITD34,TOTFERR,FRG,TOTAL,2.01
2024,A,ITD34,TOTFERR,FRG,TOTAL,2.12
2002,A,ITD34,TOTFERR,ITL,TOTAL,1.19
2003,A,ITD34,TOTFERR,ITL,TOTAL,1.23
2004,A,ITD34,TOTFERR,ITL,TOTAL,1.24
2005,A,ITD34,TOTFERR,ITL,TOTAL,1.26
2006,A,ITD34,TOTFERR,ITL,TOTAL,1.29
2007,A,ITD34,TOTFERR,ITL,TOTAL,1.32
2008,A,ITD34,TOTFERR,ITL,TOTAL,1.33
2009,A,ITD34,TOTFERR,ITL,TOTAL,1.32
2010,A,ITD34,TOTFERR,ITL,TOTAL,1.33
2011,A,ITD34,TOTFERR,ITL,TOTAL,1.32
2012,A,ITD34,TOTFERR,ITL,TOTAL,1.35
2013,A,ITD34,TOTFERR,ITL,TOTAL,1.34
2014,A,ITD34,TOTFERR,ITL,TOTAL,1.32
2015,A,ITD34,TOTFERR,ITL,TOTAL,1.29
2016,A,ITD34,TOTFERR,ITL,TOTAL,1.33
2017,A,ITD34,TOTFERR,ITL,TOTAL,1.28
2018,A,ITD34,TOTFERR,ITL,TOTAL,1.24
2019,A,ITD34,TOTFERR,ITL,TOTAL,1.18
2020,A,ITD34,TOTFERR,ITL,TOTAL,1.21
2021,A,ITD34,TOTFERR,ITL,TOTAL,1.2
2022,A,ITD34,TOTFERR,ITL,TOTAL,1.2
2023,A,ITD34,TOTFERR,ITL,TOTAL,1.17
2024,A,ITD34,TOTFERR,ITL,TOTAL,1.12
1999,A,ITD34,TOTFERR,TOTAL,TOTAL,1.2
2000,A,ITD34,TOTFERR,TOTAL,TOTAL,1.3
2001,A,ITD34,TOTFERR,TOTAL,TOTAL,1.26
2002,A,ITD34,TOTFERR,TOTAL,TOTAL,1.34
2003,A,ITD34,TOTFERR,TOTAL,TOTAL,1.37
2004,A,ITD34,TOTFERR,TOTAL,TOTAL,1.44
2005,A,ITD34,TOTFERR,TOTAL,TOTAL,1.48
2006,A,ITD34,TOTFERR,TOTAL,TOTAL,1.51
2007,A,ITD34,TOTFERR,TOTAL,TOTAL,1.56
2008,A,ITD34,TOTFERR,TOTAL,TOTAL,1.56
2009,A,ITD34,TOTFERR,TOTAL,TOTAL,1.54
2010,A,ITD34,TOTFERR,TOTAL,TOTAL,1.56
2011,A,ITD34,TOTFERR,TOTAL,TOTAL,1.53
2012,A,ITD34,TOTFERR,TOTAL,TOTAL,1.55
2013,A,ITD34,TOTFERR,TOTAL,TOTAL,1.5
2014,A,ITD34,TOTFERR,TOTAL,TOTAL,1.49
2015,A,ITD34,TOTFERR,TOTAL,TOTAL,1.43
2016,A,ITD34,TOTFERR,TOTAL,TOTAL,1.47
2017,A,ITD34,TOTFERR,TOTAL,TOTAL,1.44
2018,A,ITD34,TOTFERR,TOTAL,TOTAL,1.39
2019,A,ITD34,TOTFERR,TOTAL,TOTAL,1.33
2020,A,ITD34,TOTFERR,TOTAL,TOTAL,1.34
2021,A,ITD34,TOTFERR,TOTAL,TOTAL,1.34
2022,A,ITD34,TOTFERR,TOTAL,TOTAL,1.33
2023,A,ITD34,TOTFERR,TOTAL,TOTAL,1.27
2024,A,ITD34,TOTFERR,TOTAL,TOTAL,1.24
2002,A,ITD35,TOTFERR,FRG,TOTAL,3.01
2003,A,ITD35,TOTFERR,FRG,TOTAL,2.86
2004,A,ITD35,TOTFERR,FRG,TOTAL,3.04
2005,A,ITD35,TOTFERR,FRG,TOTAL,2.91
2006,A,ITD35,TOTFERR,FRG,TOTAL,2.91
2007,A,ITD35,TOTFERR,FRG,TOTAL,2.7
2008,A,ITD35,TOTFERR,FRG,TOTAL,2.47
2009,A,ITD35,TOTFERR,FRG,TOTAL,2.46
2010,A,ITD35,TOTFERR,FRG,TOTAL,2.12
2011,A,ITD35,TOTFERR,FRG,TOTAL,2.24
2012,A,ITD35,TOTFERR,FRG,TOTAL,2.19
2013,A,ITD35,TOTFERR,FRG,TOTAL,2.05
2014,A,ITD35,TOTFERR,FRG,TOTAL,1.97
2015,A,ITD35,TOTFERR,FRG,TOTAL,1.92
2016,A,ITD35,TOTFERR,FRG,TOTAL,2.0
2017,A,ITD35,TOTFERR,FRG,TOTAL,2.04
2018,A,ITD35,TOTFERR,FRG,TOTAL,2.03
2019,A,ITD35,TOTFERR,FRG,TOTAL,2.01
2020,A,ITD35,TOTFERR,FRG,TOTAL,2.04
2021,A,ITD35,TOTFERR,FRG,TOTAL,2.02
2022,A,ITD35,TOTFERR,FRG,TOTAL,2.0
2023,A,ITD35,TOTFERR,FRG,TOTAL,2.06
2024,A,ITD35,TOTFERR,FRG,TOTAL,1.94
2002,A,ITD35,TOTFERR,ITL,TOTAL,1.04
2003,A,ITD35,TOTFERR,ITL,TOTAL,1.11
2004,A,ITD35,TOTFERR,ITL,TOTAL,1.13
2005,A,ITD35,TOTFERR,ITL,TOTAL,1.12
2006,A,ITD35,TOTFERR,ITL,TOTAL,1.16
2007,A,ITD35,TOTFERR,ITL,TOTAL,1.21
2008,A,ITD35,TOTFERR,ITL,TOTAL,1.23
2009,A,ITD35,TOTFERR,ITL,TOTAL,1.21
2010,A,ITD35,TOTFERR,ITL,TOTAL,1.26
2011,A,ITD35,TOTFERR,ITL,TOTAL,1.26
2012,A,ITD35,TOTFERR,ITL,TOTAL,1.24
2013,A,ITD35,TOTFERR,ITL,TOTAL,1.21
2014,A,ITD35,TOTFERR,ITL,TOTAL,1.18
2015,A,ITD35,TOTFERR,ITL,TOTAL,1.21
2016,A,ITD35,TOTFERR,ITL,TOTAL,1.2
2017,A,ITD35,TOTFERR,ITL,TOTAL,1.19
2018,A,ITD35,TOTFERR,ITL,TOTAL,1.16
2019,A,ITD35,TOTFERR,ITL,TOTAL,1.12
2020,A,ITD35,TOTFERR,ITL,TOTAL,1.1
2021,A,ITD35,TOTFERR,ITL,TOTAL,1.14
2022,A,ITD35,TOTFERR,ITL,TOTAL,1.11
2023,A,ITD35,TOTFERR,ITL,TOTAL,1.07
2024,A,ITD35,TOTFERR,ITL,TOTAL,1.04
1999,A,ITD35,TOTFERR,TOTAL,TOTAL,1.05
2000,A,ITD35,TOTFERR,TOTAL,TOTAL,1.08
2001,A,ITD35,TOTFERR,TOTAL,TOTAL,1.09
2002,A,ITD35,TOTFERR,TOTAL,TOTAL,1.11
2003,A,ITD35,TOTFERR,TOTAL,TOTAL,1.18
2004,A,ITD35,TOTFERR,TOTAL,TOTAL,1.23
2005,A,ITD35,TOTFERR,TOTAL,TOTAL,1.23
2006,A,ITD35,TOTFERR,TOTAL,TOTAL,1.3
2007,A,ITD35,TOTFERR,TOTAL,TOTAL,1.36
2008,A,ITD35,TOTFERR,TOTAL,TOTAL,1.39
2009,A,ITD35,TOTFERR,TOTAL,TOTAL,1.41
2010,A,ITD35,TOTFERR,TOTAL,TOTAL,1.4
2011,A,ITD35,TOTFERR,TOTAL,TOTAL,1.44
2012,A,ITD35,TOTFERR,TOTAL,TOTAL,1.42
2013,A,ITD35,TOTFERR,TOTAL,TOTAL,1.37
2014,A,ITD35,TOTFERR,TOTAL,TOTAL,1.32
2015,A,ITD35,TOTFERR,TOTAL,TOTAL,1.33
2016,A,ITD35,TOTFERR,TOTAL,TOTAL,1.34
2017,A,ITD35,TOTFERR,TOTAL,TOTAL,1.33
2018,A,ITD35,TOTFERR,TOTAL,TOTAL,1.3
2019,A,ITD35,TOTFERR,TOTAL,TOTAL,1.25
2020,A,ITD35,TOTFERR,TOTAL,TOTAL,1.25
2021,A,ITD35,TOTFERR,TOTAL,TOTAL,1.27
2022,A,ITD35,TOTFERR,TOTAL,TOTAL,1.23
2023,A,ITD35,TOTFERR,TOTAL,TOTAL,1.2
2024,A,ITD35,TOTFERR,TOTAL,TOTAL,1.15
2002,A,ITD36,TOTFERR,FRG,TOTAL,2.93
2003,A,ITD36,TOTFERR,FRG,TOTAL,2.46
2004,A,ITD36,TOTFERR,FRG,TOTAL,2.73
2005,A,ITD36,TOTFERR,FRG,TOTAL,2.61
2006,A,ITD36,TOTFERR,FRG,TOTAL,2.77
2007,A,ITD36,TOTFERR,FRG,TOTAL,2.6
2008,A,ITD36,TOTFERR,FRG,TOTAL,2.68
2009,A,ITD36,TOTFERR,FRG,TOTAL,2.49
2010,A,ITD36,TOTFERR,FRG,TOTAL,2.25
2011,A,ITD36,TOTFERR,FRG,TOTAL,2.2
2012,A,ITD36,TOTFERR,FRG,TOTAL,2.26
2013,A,ITD36,TOTFERR,FRG,TOTAL,2.16
2014,A,ITD36,TOTFERR,FRG,TOTAL,2.09
2015,A,ITD36,TOTFERR,FRG,TOTAL,2.02
2016,A,ITD36,TOTFERR,FRG,TOTAL,1.99
2017,A,ITD36,TOTFERR,FRG,TOTAL,2.06
2018,A,ITD36,TOTFERR,FRG,TOTAL,2.0
2019,A,ITD36,TOTFERR,FRG,TOTAL,2.01
2020,A,ITD36,TOTFERR,FRG,TOTAL,1.87
2021,A,ITD36,TOTFERR,FRG,TOTAL,1.85
2022,A,ITD36,TOTFERR,FRG,TOTAL,1.89
2023,A,ITD36,TOTFERR,FRG,TOTAL,1.72
2024,A,ITD36,TOTFERR,FRG,TOTAL,1.84
2002,A,ITD36,TOTFERR,ITL,TOTAL,1.09
2003,A,ITD36,TOTFERR,ITL,TOTAL,1.13
2004,A,ITD36,TOTFERR,ITL,TOTAL,1.16
2005,A,ITD36,TOTFERR,ITL,TOTAL,1.15
2006,A,ITD36,TOTFERR,ITL,TOTAL,1.2
2007,A,ITD36,TOTFERR,ITL,TOTAL,1.2
2008,A,ITD36,TOTFERR,ITL,TOTAL,1.24
2009,A,ITD36,TOTFERR,ITL,TOTAL,1.25
2010,A,ITD36,TOTFERR,ITL,TOTAL,1.25
2011,A,ITD36,TOTFERR,ITL,TOTAL,1.26
2012,A,ITD36,TOTFERR,ITL,TOTAL,1.28
2013,A,ITD36,TOTFERR,ITL,TOTAL,1.26
2014,A,ITD36,TOTFERR,ITL,TOTAL,1.25
2015,A,ITD36,TOTFERR,ITL,TOTAL,1.22
2016,A,ITD36,TOTFERR,ITL,TOTAL,1.23
2017,A,ITD36,TOTFERR,ITL,TOTAL,1.18
2018,A,ITD36,TOTFERR,ITL,TOTAL,1.18
2019,A,ITD36,TOTFERR,ITL,TOTAL,1.13
2020,A,ITD36,TOTFERR,ITL,TOTAL,1.09
2021,A,ITD36,TOTFERR,ITL,TOTAL,1.17
2022,A,ITD36,TOTFERR,ITL,TOTAL,1.13
2023,A,ITD36,TOTFERR,ITL,TOTAL,1.07
2024,A,ITD36,TOTFERR,ITL,TOTAL,1.06
1999,A,ITD36,TOTFERR,TOTAL,TOTAL,1.13
2000,A,ITD36,TOTFERR,TOTAL,TOTAL,1.16
2001,A,ITD36,TOTFERR,TOTAL,TOTAL,1.13
2002,A,ITD36,TOTFERR,TOTAL,TOTAL,1.17
2003,A,ITD36,TOTFERR,TOTAL,TOTAL,1.21
2004,A,ITD36,TOTFERR,TOTAL,TOTAL,1.28
2005,A,ITD36,TOTFERR,TOTAL,TOTAL,1.28
2006,A,ITD36,TOTFERR,TOTAL,TOTAL,1.36
2007,A,ITD36,TOTFERR,TOTAL,TOTAL,1.37
2008,A,ITD36,TOTFERR,TOTAL,TOTAL,1.44
2009,A,ITD36,TOTFERR,TOTAL,TOTAL,1.45
2010,A,ITD36,TOTFERR,TOTAL,TOTAL,1.43
2011,A,ITD36,TOTFERR,TOTAL,TOTAL,1.44
2012,A,ITD36,TOTFERR,TOTAL,TOTAL,1.46
2013,A,ITD36,TOTFERR,TOTAL,TOTAL,1.43
2014,A,ITD36,TOTFERR,TOTAL,TOTAL,1.4
2015,A,ITD36,TOTFERR,TOTAL,TOTAL,1.36
2016,A,ITD36,TOTFERR,TOTAL,TOTAL,1.36
2017,A,ITD36,TOTFERR,TOTAL,TOTAL,1.31
2018,A,ITD36,TOTFERR,TOTAL,TOTAL,1.3
2019,A,ITD36,TOTFERR,TOTAL,TOTAL,1.25
2020,A,ITD36,TOTFERR,TOTAL,TOTAL,1.2
2021,A,ITD36,TOTFERR,TOTAL,TOTAL,1.26
2022,A,ITD36,TOTFERR,TOTAL,TOTAL,1.22
2023,A,ITD36,TOTFERR,TOTAL,TOTAL,1.15
2024,A,ITD36,TOTFERR,TOTAL,TOTAL,1.16
2002,A,ITD37,TOTFERR,FRG,TOTAL,3.33
2003,A,ITD37,TOTFERR,FRG,TOTAL,3.07
2004,A,ITD37,TOTFERR,FRG,TOTAL,4.09
2005,A,ITD37,TOTFERR,FRG,TOTAL,4.01
2006,A,ITD37,TOTFERR,FRG,TOTAL,3.47
2007,A,ITD37,TOTFERR,FRG,TOTAL,3.19
2008,A,ITD37,TOTFERR,FRG,TOTAL,3.11
2009,A,ITD37,TOTFERR,FRG,TOTAL,2.96
2010,A,ITD37,TOTFERR,FRG,TOTAL,2.55
2011,A,ITD37,TOTFERR,FRG,TOTAL,2.31
2012,A,ITD37,TOTFERR,FRG,TOTAL,2.33
2013,A,ITD37,TOTFERR,FRG,TOTAL,2.17
2014,A,ITD37,TOTFERR,FRG,TOTAL,2.02
2015,A,ITD37,TOTFERR,FRG,TOTAL,1.94
2016,A,ITD37,TOTFERR,FRG,TOTAL,1.92
2017,A,ITD37,TOTFERR,FRG,TOTAL,2.16
2018,A,ITD37,TOTFERR,FRG,TOTAL,2.15
2019,A,ITD37,TOTFERR,FRG,TOTAL,2.0
2020,A,ITD37,TOTFERR,FRG,TOTAL,2.0
2021,A,ITD37,TOTFERR,FRG,TOTAL,1.88
2022,A,ITD37,TOTFERR,FRG,TOTAL,2.09
2023,A,ITD37,TOTFERR,FRG,TOTAL,2.16
2024,A,ITD37,TOTFERR,FRG,TOTAL,1.87
2002,A,ITD37,TOTFERR,ITL,TOTAL,0.88
2003,A,ITD37,TOTFERR,ITL,TOTAL,0.91
2004,A,ITD37,TOTFERR,ITL,TOTAL,0.93
2005,A,ITD37,TOTFERR,ITL,TOTAL,0.94
2006,A,ITD37,TOTFERR,ITL,TOTAL,0.95
2007,A,ITD37,TOTFERR,ITL,TOTAL,0.99
2008,A,ITD37,TOTFERR,ITL,TOTAL,1.05
2009,A,ITD37,TOTFERR,ITL,TOTAL,1.09
2010,A,ITD37,TOTFERR,ITL,TOTAL,1.14
2011,A,ITD37,TOTFERR,ITL,TOTAL,1.06
2012,A,ITD37,TOTFERR,ITL,TOTAL,1.12
2013,A,ITD37,TOTFERR,ITL,TOTAL,1.08
2014,A,ITD37,TOTFERR,ITL,TOTAL,1.03
2015,A,ITD37,TOTFERR,ITL,TOTAL,1.09
2016,A,ITD37,TOTFERR,ITL,TOTAL,1.03
2017,A,ITD37,TOTFERR,ITL,TOTAL,1.08
2018,A,ITD37,TOTFERR,ITL,TOTAL,0.99
2019,A,ITD37,TOTFERR,ITL,TOTAL,0.92
2020,A,ITD37,TOTFERR,ITL,TOTAL,0.9
2021,A,ITD37,TOTFERR,ITL,TOTAL,0.94
2022,A,ITD37,TOTFERR,ITL,TOTAL,0.93
2023,A,ITD37,TOTFERR,ITL,TOTAL,0.95
2024,A,ITD37,TOTFERR,ITL,TOTAL,0.92
1999,A,ITD37,TOTFERR,TOTAL,TOTAL,0.91
2000,A,ITD37,TOTFERR,TOTAL,TOTAL,0.97
2001,A,ITD37,TOTFERR,TOTAL,TOTAL,0.91
2002,A,ITD37,TOTFERR,TOTAL,TOTAL,0.95
2003,A,ITD37,TOTFERR,TOTAL,TOTAL,0.98
2004,A,ITD37,TOTFERR,TOTAL,TOTAL,1.08
2005,A,ITD37,TOTFERR,TOTAL,TOTAL,1.1
2006,A,ITD37,TOTFERR,TOTAL,TOTAL,1.1
2007,A,ITD37,TOTFERR,TOTAL,TOTAL,1.16
2008,A,ITD37,TOTFERR,TOTAL,TOTAL,1.26
2009,A,ITD37,TOTFERR,TOTAL,TOTAL,1.31
2010,A,ITD37,TOTFERR,TOTAL,TOTAL,1.32
2011,A,ITD37,TOTFERR,TOTAL,TOTAL,1.24
2012,A,ITD37,TOTFERR,TOTAL,TOTAL,1.3
2013,A,ITD37,TOTFERR,TOTAL,TOTAL,1.23
2014,A,ITD37,TOTFERR,TOTAL,TOTAL,1.18
2015,A,ITD37,TOTFERR,TOTAL,TOTAL,1.2
2016,A,ITD37,TOTFERR,TOTAL,TOTAL,1.15
2017,A,ITD37,TOTFERR,TOTAL,TOTAL,1.21
2018,A,ITD37,TOTFERR,TOTAL,TOTAL,1.13
2019,A,ITD37,TOTFERR,TOTAL,TOTAL,1.05
2020,A,ITD37,TOTFERR,TOTAL,TOTAL,1.05
2021,A,ITD37,TOTFERR,TOTAL,TOTAL,1.06
2022,A,ITD37,TOTFERR,TOTAL,TOTAL,1.09
2023,A,ITD37,TOTFERR,TOTAL,TOTAL,1.12
2024,A,ITD37,TOTFERR,TOTAL,TOTAL,1.06
2002,A,ITD4,TOTFERR,FRG,TOTAL,2.08
2003,A,ITD4,TOTFERR,FRG,TOTAL,2.05
2004,A,ITD4,TOTFERR,FRG,TOTAL,2.38
2005,A,ITD4,TOTFERR,FRG,TOTAL,2.33
2006,A,ITD4,TOTFERR,FRG,TOTAL,2.37
2007,A,ITD4,TOTFERR,FRG,TOTAL,2.44
2008,A,ITD4,TOTFERR,FRG,TOTAL,2.42
2009,A,ITD4,TOTFERR,FRG,TOTAL,2.21
2010,A,ITD4,TOTFERR,FRG,TOTAL,2.18
2011,A,ITD4,TOTFERR,FRG,TOTAL,2.08
2012,A,ITD4,TOTFERR,FRG,TOTAL,2.07
2013,A,ITD4,TOTFERR,FRG,TOTAL,2.03
2014,A,ITD4,TOTFERR,FRG,TOTAL,2.13
2015,A,ITD4,TOTFERR,FRG,TOTAL,1.96
2016,A,ITD4,TOTFERR,FRG,TOTAL,2.11
2017,A,ITD4,TOTFERR,FRG,TOTAL,2.08
2018,A,ITD4,TOTFERR,FRG,TOTAL,2.07
2019,A,ITD4,TOTFERR,FRG,TOTAL,2.06
2020,A,ITD4,TOTFERR,FRG,TOTAL,2.07
2021,A,ITD4,TOTFERR,FRG,TOTAL,2.07
2022,A,ITD4,TOTFERR,FRG,TOTAL,2.12
2023,A,ITD4,TOTFERR,FRG,TOTAL,2.02
2024,A,ITD4,TOTFERR,FRG,TOTAL,2.1
2002,A,ITD4,TOTFERR,ITL,TOTAL,1.06
2003,A,ITD4,TOTFERR,ITL,TOTAL,1.1
2004,A,ITD4,TOTFERR,ITL,TOTAL,1.11
2005,A,ITD4,TOTFERR,ITL,TOTAL,1.13
2006,A,ITD4,TOTFERR,ITL,TOTAL,1.17
2007,A,ITD4,TOTFERR,ITL,TOTAL,1.2
2008,A,ITD4,TOTFERR,ITL,TOTAL,1.2
2009,A,ITD4,TOTFERR,ITL,TOTAL,1.23
2010,A,ITD4,TOTFERR,ITL,TOTAL,1.24
2011,A,ITD4,TOTFERR,ITL,TOTAL,1.25
2012,A,ITD4,TOTFERR,ITL,TOTAL,1.27
2013,A,ITD4,TOTFERR,ITL,TOTAL,1.25
2014,A,ITD4,TOTFERR,ITL,TOTAL,1.24
2015,A,ITD4,TOTFERR,ITL,TOTAL,1.21
2016,A,ITD4,TOTFERR,ITL,TOTAL,1.21
2017,A,ITD4,TOTFERR,ITL,TOTAL,1.19
2018,A,ITD4,TOTFERR,ITL,TOTAL,1.16
2019,A,ITD4,TOTFERR,ITL,TOTAL,1.13
2020,A,ITD4,TOTFERR,ITL,TOTAL,1.14
2021,A,ITD4,TOTFERR,ITL,TOTAL,1.13
2022,A,ITD4,TOTFERR,ITL,TOTAL,1.14
2023,A,ITD4,TOTFERR,ITL,TOTAL,1.09
2024,A,ITD4,TOTFERR,ITL,TOTAL,1.07
1999,A,ITD4,TOTFERR,TOTAL,TOTAL,1.04
2000,A,ITD4,TOTFERR,TOTAL,TOTAL,1.1
2001,A,ITD4,TOTFERR,TOTAL,TOTAL,1.1
2002,A,ITD4,TOTFERR,TOTAL,TOTAL,1.12
2003,A,ITD4,TOTFERR,TOTAL,TOTAL,1.16
2004,A,ITD4,TOTFERR,TOTAL,TOTAL,1.21
2005,A,ITD4,TOTFERR,TOTAL,TOTAL,1.24
2006,A,ITD4,TOTFERR,TOTAL,TOTAL,1.29
2007,A,ITD4,TOTFERR,TOTAL,TOTAL,1.35
2008,A,ITD4,TOTFERR,TOTAL,TOTAL,1.36
2009,A,ITD4,TOTFERR,TOTAL,TOTAL,1.38
2010,A,ITD4,TOTFERR,TOTAL,TOTAL,1.4
2011,A,ITD4,TOTFERR,TOTAL,TOTAL,1.39
2012,A,ITD4,TOTFERR,TOTAL,TOTAL,1.41
2013,A,ITD4,TOTFERR,TOTAL,TOTAL,1.38
2014,A,ITD4,TOTFERR,TOTAL,TOTAL,1.39
2015,A,ITD4,TOTFERR,TOTAL,TOTAL,1.33
2016,A,ITD4,TOTFERR,TOTAL,TOTAL,1.34
2017,A,ITD4,TOTFERR,TOTAL,TOTAL,1.32
2018,A,ITD4,TOTFERR,TOTAL,TOTAL,1.28
2019,A,ITD4,TOTFERR,TOTAL,TOTAL,1.25
2020,A,ITD4,TOTFERR,TOTAL,TOTAL,1.26
2021,A,ITD4,TOTFERR,TOTAL,TOTAL,1.25
2022,A,ITD4,TOTFERR,TOTAL,TOTAL,1.26
2023,A,ITD4,TOTFERR,TOTAL,TOTAL,1.21
2024,A,ITD4,TOTFERR,TOTAL,TOTAL,1.19
2002,A,ITD41,TOTFERR,FRG,TOTAL,2.32
2003,A,ITD41,TOTFERR,FRG,TOTAL,2.39
2004,A,ITD41,TOTFERR,FRG,TOTAL,2.53
2005,A,ITD41,TOTFERR,FRG,TOTAL,2.42
2006,A,ITD41,TOTFERR,FRG,TOTAL,2.36
2007,A,ITD41,TOTFERR,FRG,TOTAL,2.55
2008,A,ITD41,TOTFERR,FRG,TOTAL,2.48
2009,A,ITD41,TOTFERR,FRG,TOTAL,2.4
2010,A,ITD41,TOTFERR,FRG,TOTAL,2.29
2011,A,ITD41,TOTFERR,FRG,TOTAL,2.2
2012,A,ITD41,TOTFERR,FRG,TOTAL,2.06
2013,A,ITD41,TOTFERR,FRG,TOTAL,2.02
2014,A,ITD41,TOTFERR,FRG,TOTAL,2.28
2015,A,ITD41,TOTFERR,FRG,TOTAL,1.92
2016,A,ITD41,TOTFERR,FRG,TOTAL,2.2
2017,A,ITD41,TOTFERR,FRG,TOTAL,2.22
2018,A,ITD41,TOTFERR,FRG,TOTAL,2.13
2019,A,ITD41,TOTFERR,FRG,TOTAL,2.24
2020,A,ITD41,TOTFERR,FRG,TOTAL,2.16
2021,A,ITD41,TOTFERR,FRG,TOTAL,2.27
2022,A,ITD41,TOTFERR,FRG,TOTAL,2.13
2023,A,ITD41,TOTFERR,FRG,TOTAL,2.06
2024,A,ITD41,TOTFERR,FRG,TOTAL,2.02
2002,A,ITD41,TOTFERR,ITL,TOTAL,1.12
2003,A,ITD41,TOTFERR,ITL,TOTAL,1.14
2004,A,ITD41,TOTFERR,ITL,TOTAL,1.2
2005,A,ITD41,TOTFERR,ITL,TOTAL,1.18
2006,A,ITD41,TOTFERR,ITL,TOTAL,1.27
2007,A,ITD41,TOTFERR,ITL,TOTAL,1.3
2008,A,ITD41,TOTFERR,ITL,TOTAL,1.27
2009,A,ITD41,TOTFERR,ITL,TOTAL,1.31
2010,A,ITD41,TOTFERR,ITL,TOTAL,1.27
2011,A,ITD41,TOTFERR,ITL,TOTAL,1.35
2012,A,ITD41,TOTFERR,ITL,TOTAL,1.3
2013,A,ITD41,TOTFERR,ITL,TOTAL,1.33
2014,A,ITD41,TOTFERR,ITL,TOTAL,1.29
2015,A,ITD41,TOTFERR,ITL,TOTAL,1.27
2016,A,ITD41,TOTFERR,ITL,TOTAL,1.25
2017,A,ITD41,TOTFERR,ITL,TOTAL,1.21
2018,A,ITD41,TOTFERR,ITL,TOTAL,1.21
2019,A,ITD41,TOTFERR,ITL,TOTAL,1.18
2020,A,ITD41,TOTFERR,ITL,TOTAL,1.15
2021,A,ITD41,TOTFERR,ITL,TOTAL,1.19
2022,A,ITD41,TOTFERR,ITL,TOTAL,1.17
2023,A,ITD41,TOTFERR,ITL,TOTAL,1.15
2024,A,ITD41,TOTFERR,ITL,TOTAL,1.07
1999,A,ITD41,TOTFERR,TOTAL,TOTAL,1.12
2000,A,ITD41,TOTFERR,TOTAL,TOTAL,1.15
2001,A,ITD41,TOTFERR,TOTAL,TOTAL,1.2
2002,A,ITD41,TOTFERR,TOTAL,TOTAL,1.2
2003,A,ITD41,TOTFERR,TOTAL,TOTAL,1.24
2004,A,ITD41,TOTFERR,TOTAL,TOTAL,1.33
2005,A,ITD41,TOTFERR,TOTAL,TOTAL,1.32
2006,A,ITD41,TOTFERR,TOTAL,TOTAL,1.4
2007,A,ITD41,TOTFERR,TOTAL,TOTAL,1.48
2008,A,ITD41,TOTFERR,TOTAL,TOTAL,1.49
2009,A,ITD41,TOTFERR,TOTAL,TOTAL,1.52
2010,A,ITD41,TOTFERR,TOTAL,TOTAL,1.49
2011,A,ITD41,TOTFERR,TOTAL,TOTAL,1.52
2012,A,ITD41,TOTFERR,TOTAL,TOTAL,1.46
2013,A,ITD41,TOTFERR,TOTAL,TOTAL,1.47
2014,A,ITD41,TOTFERR,TOTAL,TOTAL,1.48
2015,A,ITD41,TOTFERR,TOTAL,TOTAL,1.39
2016,A,ITD41,TOTFERR,TOTAL,TOTAL,1.42
2017,A,ITD41,TOTFERR,TOTAL,TOTAL,1.38
2018,A,ITD41,TOTFERR,TOTAL,TOTAL,1.36
2019,A,ITD41,TOTFERR,TOTAL,TOTAL,1.36
2020,A,ITD41,TOTFERR,TOTAL,TOTAL,1.31
2021,A,ITD41,TOTFERR,TOTAL,TOTAL,1.35
2022,A,ITD41,TOTFERR,TOTAL,TOTAL,1.31
2023,A,ITD41,TOTFERR,TOTAL,TOTAL,1.28
2024,A,ITD41,TOTFERR,TOTAL,TOTAL,1.21
2002,A,ITD42,TOTFERR,FRG,TOTAL,2.09
2003,A,ITD42,TOTFERR,FRG,TOTAL,2.17
2004,A,ITD42,TOTFERR,FRG,TOTAL,2.33
2005,A,ITD42,TOTFERR,FRG,TOTAL,2.5
2006,A,ITD42,TOTFERR,FRG,TOTAL,2.43
2007,A,ITD42,TOTFERR,FRG,TOTAL,2.53
2008,A,ITD42,TOTFERR,FRG,TOTAL,2.39
2009,A,ITD42,TOTFERR,FRG,TOTAL,2.14
2010,A,ITD42,TOTFERR,FRG,TOTAL,2.1
2011,A,ITD42,TOTFERR,FRG,TOTAL,2.04
2012,A,ITD42,TOTFERR,FRG,TOTAL,2.01
2013,A,ITD42,TOTFERR,FRG,TOTAL,2.03
2014,A,ITD42,TOTFERR,FRG,TOTAL,2.02
2015,A,ITD42,TOTFERR,FRG,TOTAL,1.9
2016,A,ITD42,TOTFERR,FRG,TOTAL,2.03
2017,A,ITD42,TOTFERR,FRG,TOTAL,1.89
2018,A,ITD42,TOTFERR,FRG,TOTAL,1.93
2019,A,ITD42,TOTFERR,FRG,TOTAL,1.84
2020,A,ITD42,TOTFERR,FRG,TOTAL,1.91
2021,A,ITD42,TOTFERR,FRG,TOTAL,1.9
2022,A,ITD42,TOTFERR,FRG,TOTAL,2.0
2023,A,ITD42,TOTFERR,FRG,TOTAL,1.83
2024,A,ITD42,TOTFERR,FRG,TOTAL,2.04
2002,A,ITD42,TOTFERR,ITL,TOTAL,1.06
2003,A,ITD42,TOTFERR,ITL,TOTAL,1.08
2004,A,ITD42,TOTFERR,ITL,TOTAL,1.07
2005,A,ITD42,TOTFERR,ITL,TOTAL,1.13
2006,A,ITD42,TOTFERR,ITL,TOTAL,1.13
2007,A,ITD42,TOTFERR,ITL,TOTAL,1.16
2008,A,ITD42,TOTFERR,ITL,TOTAL,1.16
2009,A,ITD42,TOTFERR,ITL,TOTAL,1.22
2010,A,ITD42,TOTFERR,ITL,TOTAL,1.22
2011,A,ITD42,TOTFERR,ITL,TOTAL,1.2
2012,A,ITD42,TOTFERR,ITL,TOTAL,1.26
2013,A,ITD42,TOTFERR,ITL,TOTAL,1.23
2014,A,ITD42,TOTFERR,ITL,TOTAL,1.23
2015,A,ITD42,TOTFERR,ITL,TOTAL,1.17
2016,A,ITD42,TOTFERR,ITL,TOTAL,1.17
2017,A,ITD42,TOTFERR,ITL,TOTAL,1.14
2018,A,ITD42,TOTFERR,ITL,TOTAL,1.11
2019,A,ITD42,TOTFERR,ITL,TOTAL,1.1
2020,A,ITD42,TOTFERR,ITL,TOTAL,1.14
2021,A,ITD42,TOTFERR,ITL,TOTAL,1.12
2022,A,ITD42,TOTFERR,ITL,TOTAL,1.1
2023,A,ITD42,TOTFERR,ITL,TOTAL,1.07
2024,A,ITD42,TOTFERR,ITL,TOTAL,1.07
1999,A,ITD42,TOTFERR,TOTAL,TOTAL,1.04
2000,A,ITD42,TOTFERR,TOTAL,TOTAL,1.1
2001,A,ITD42,TOTFERR,TOTAL,TOTAL,1.07
2002,A,ITD42,TOTFERR,TOTAL,TOTAL,1.11
2003,A,ITD42,TOTFERR,TOTAL,TOTAL,1.15
2004,A,ITD42,TOTFERR,TOTAL,TOTAL,1.15
2005,A,ITD42,TOTFERR,TOTAL,TOTAL,1.24
2006,A,ITD42,TOTFERR,TOTAL,TOTAL,1.24
2007,A,ITD42,TOTFERR,TOTAL,TOTAL,1.29
2008,A,ITD42,TOTFERR,TOTAL,TOTAL,1.3
2009,A,ITD42,TOTFERR,TOTAL,TOTAL,1.33
2010,A,ITD42,TOTFERR,TOTAL,TOTAL,1.34
2011,A,ITD42,TOTFERR,TOTAL,TOTAL,1.32
2012,A,ITD42,TOTFERR,TOTAL,TOTAL,1.37
2013,A,ITD42,TOTFERR,TOTAL,TOTAL,1.34
2014,A,ITD42,TOTFERR,TOTAL,TOTAL,1.34
2015,A,ITD42,TOTFERR,TOTAL,TOTAL,1.27
2016,A,ITD42,TOTFERR,TOTAL,TOTAL,1.28
2017,A,ITD42,TOTFERR,TOTAL,TOTAL,1.24
2018,A,ITD42,TOTFERR,TOTAL,TOTAL,1.21
2019,A,ITD42,TOTFERR,TOTAL,TOTAL,1.18
2020,A,ITD42,TOTFERR,TOTAL,TOTAL,1.22
2021,A,ITD42,TOTFERR,TOTAL,TOTAL,1.19
2022,A,ITD42,TOTFERR,TOTAL,TOTAL,1.19
2023,A,ITD42,TOTFERR,TOTAL,TOTAL,1.14
2024,A,ITD42,TOTFERR,TOTAL,TOTAL,1.16
2002,A,ITD43,TOTFERR,FRG,TOTAL,2.41
2003,A,ITD43,TOTFERR,FRG,TOTAL,2.1
2004,A,ITD43,TOTFERR,FRG,TOTAL,3.37
2005,A,ITD43,TOTFERR,FRG,TOTAL,2.64
2006,A,ITD43,TOTFERR,FRG,TOTAL,2.65
2007,A,ITD43,TOTFERR,FRG,TOTAL,2.65
2008,A,ITD43,TOTFERR,FRG,TOTAL,2.82
2009,A,ITD43,TOTFERR,FRG,TOTAL,2.37
2010,A,ITD43,TOTFERR,FRG,TOTAL,2.41
2011,A,ITD43,TOTFERR,FRG,TOTAL,2.26
2012,A,ITD43,TOTFERR,FRG,TOTAL,2.5
2013,A,ITD43,TOTFERR,FRG,TOTAL,2.18
2014,A,ITD43,TOTFERR,FRG,TOTAL,2.33
2015,A,ITD43,TOTFERR,FRG,TOTAL,2.49
2016,A,ITD43,TOTFERR,FRG,TOTAL,2.28
2017,A,ITD43,TOTFERR,FRG,TOTAL,2.51
2018,A,ITD43,TOTFERR,FRG,TOTAL,2.71
2019,A,ITD43,TOTFERR,FRG,TOTAL,2.51
2020,A,ITD43,TOTFERR,FRG,TOTAL,2.72
2021,A,ITD43,TOTFERR,FRG,TOTAL,2.58
2022,A,ITD43,TOTFERR,FRG,TOTAL,2.76
2023,A,ITD43,TOTFERR,FRG,TOTAL,2.65
2024,A,ITD43,TOTFERR,FRG,TOTAL,2.49
2002,A,ITD43,TOTFERR,ITL,TOTAL,1.09
2003,A,ITD43,TOTFERR,ITL,TOTAL,1.13
2004,A,ITD43,TOTFERR,ITL,TOTAL,1.08
2005,A,ITD43,TOTFERR,ITL,TOTAL,1.11
2006,A,ITD43,TOTFERR,ITL,TOTAL,1.16
2007,A,ITD43,TOTFERR,ITL,TOTAL,1.17
2008,A,ITD43,TOTFERR,ITL,TOTAL,1.19
2009,A,ITD43,TOTFERR,ITL,TOTAL,1.16
2010,A,ITD43,TOTFERR,ITL,TOTAL,1.21
2011,A,ITD43,TOTFERR,ITL,TOTAL,1.18
2012,A,ITD43,TOTFERR,ITL,TOTAL,1.23
2013,A,ITD43,TOTFERR,ITL,TOTAL,1.18
2014,A,ITD43,TOTFERR,ITL,TOTAL,1.17
2015,A,ITD43,TOTFERR,ITL,TOTAL,1.29
2016,A,ITD43,TOTFERR,ITL,TOTAL,1.28
2017,A,ITD43,TOTFERR,ITL,TOTAL,1.25
2018,A,ITD43,TOTFERR,ITL,TOTAL,1.14
2019,A,ITD43,TOTFERR,ITL,TOTAL,1.11
2020,A,ITD43,TOTFERR,ITL,TOTAL,1.14
2021,A,ITD43,TOTFERR,ITL,TOTAL,1.01
2022,A,ITD43,TOTFERR,ITL,TOTAL,1.19
2023,A,ITD43,TOTFERR,ITL,TOTAL,1.16
2024,A,ITD43,TOTFERR,ITL,TOTAL,1.0
1999,A,ITD43,TOTFERR,TOTAL,TOTAL,1.0
2000,A,ITD43,TOTFERR,TOTAL,TOTAL,1.1
2001,A,ITD43,TOTFERR,TOTAL,TOTAL,1.15
2002,A,ITD43,TOTFERR,TOTAL,TOTAL,1.16
2003,A,ITD43,TOTFERR,TOTAL,TOTAL,1.18
2004,A,ITD43,TOTFERR,TOTAL,TOTAL,1.21
2005,A,ITD43,TOTFERR,TOTAL,TOTAL,1.23
2006,A,ITD43,TOTFERR,TOTAL,TOTAL,1.29
2007,A,ITD43,TOTFERR,TOTAL,TOTAL,1.34
2008,A,ITD43,TOTFERR,TOTAL,TOTAL,1.4
2009,A,ITD43,TOTFERR,TOTAL,TOTAL,1.34
2010,A,ITD43,TOTFERR,TOTAL,TOTAL,1.4
2011,A,ITD43,TOTFERR,TOTAL,TOTAL,1.35
2012,A,ITD43,TOTFERR,TOTAL,TOTAL,1.43
2013,A,ITD43,TOTFERR,TOTAL,TOTAL,1.36
2014,A,ITD43,TOTFERR,TOTAL,TOTAL,1.37
2015,A,ITD43,TOTFERR,TOTAL,TOTAL,1.49
2016,A,ITD43,TOTFERR,TOTAL,TOTAL,1.43
2017,A,ITD43,TOTFERR,TOTAL,TOTAL,1.46
2018,A,ITD43,TOTFERR,TOTAL,TOTAL,1.4
2019,A,ITD43,TOTFERR,TOTAL,TOTAL,1.32
2020,A,ITD43,TOTFERR,TOTAL,TOTAL,1.39
2021,A,ITD43,TOTFERR,TOTAL,TOTAL,1.27
2022,A,ITD43,TOTFERR,TOTAL,TOTAL,1.45
2023,A,ITD43,TOTFERR,TOTAL,TOTAL,1.42
2024,A,ITD43,TOTFERR,TOTAL,TOTAL,1.27
2002,A,ITD44,TOTFERR,FRG,TOTAL,1.59
2003,A,ITD44,TOTFERR,FRG,TOTAL,1.29
2004,A,ITD44,TOTFERR,FRG,TOTAL,1.79
2005,A,ITD44,TOTFERR,FRG,TOTAL,1.59
2006,A,ITD44,TOTFERR,FRG,TOTAL,2.1
2007,A,ITD44,TOTFERR,FRG,TOTAL,1.85
2008,A,ITD44,TOTFERR,FRG,TOTAL,2.05
2009,A,ITD44,TOTFERR,FRG,TOTAL,1.91
2010,A,ITD44,TOTFERR,FRG,TOTAL,2.04
2011,A,ITD44,TOTFERR,FRG,TOTAL,1.85
2012,A,ITD44,TOTFERR,FRG,TOTAL,2.0
2013,A,ITD44,TOTFERR,FRG,TOTAL,1.94
2014,A,ITD44,TOTFERR,FRG,TOTAL,1.95
2015,A,ITD44,TOTFERR,FRG,TOTAL,1.84
2016,A,ITD44,TOTFERR,FRG,TOTAL,2.01
2017,A,ITD44,TOTFERR,FRG,TOTAL,1.95
2018,A,ITD44,TOTFERR,FRG,TOTAL,1.81
2019,A,ITD44,TOTFERR,FRG,TOTAL,1.9
2020,A,ITD44,TOTFERR,FRG,TOTAL,1.77
2021,A,ITD44,TOTFERR,FRG,TOTAL,1.7
2022,A,ITD44,TOTFERR,FRG,TOTAL,1.82
2023,A,ITD44,TOTFERR,FRG,TOTAL,1.77
2024,A,ITD44,TOTFERR,FRG,TOTAL,1.97
2002,A,ITD44,TOTFERR,ITL,TOTAL,0.97
2003,A,ITD44,TOTFERR,ITL,TOTAL,1.07
2004,A,ITD44,TOTFERR,ITL,TOTAL,1.13
2005,A,ITD44,TOTFERR,ITL,TOTAL,1.07
2006,A,ITD44,TOTFERR,ITL,TOTAL,1.14
2007,A,ITD44,TOTFERR,ITL,TOTAL,1.2
2008,A,ITD44,TOTFERR,ITL,TOTAL,1.18
2009,A,ITD44,TOTFERR,ITL,TOTAL,1.22
2010,A,ITD44,TOTFERR,ITL,TOTAL,1.28
2011,A,ITD44,TOTFERR,ITL,TOTAL,1.27
2012,A,ITD44,TOTFERR,ITL,TOTAL,1.29
2013,A,ITD44,TOTFERR,ITL,TOTAL,1.22
2014,A,ITD44,TOTFERR,ITL,TOTAL,1.25
2015,A,ITD44,TOTFERR,ITL,TOTAL,1.18
2016,A,ITD44,TOTFERR,ITL,TOTAL,1.22
2017,A,ITD44,TOTFERR,ITL,TOTAL,1.22
2018,A,ITD44,TOTFERR,ITL,TOTAL,1.21
2019,A,ITD44,TOTFERR,ITL,TOTAL,1.13
2020,A,ITD44,TOTFERR,ITL,TOTAL,1.14
2021,A,ITD44,TOTFERR,ITL,TOTAL,1.15
2022,A,ITD44,TOTFERR,ITL,TOTAL,1.17
2023,A,ITD44,TOTFERR,ITL,TOTAL,1.04
2024,A,ITD44,TOTFERR,ITL,TOTAL,1.08
1999,A,ITD44,TOTFERR,TOTAL,TOTAL,0.96
2000,A,ITD44,TOTFERR,TOTAL,TOTAL,1.04
2001,A,ITD44,TOTFERR,TOTAL,TOTAL,1.02
2002,A,ITD44,TOTFERR,TOTAL,TOTAL,1.01
2003,A,ITD44,TOTFERR,TOTAL,TOTAL,1.08
2004,A,ITD44,TOTFERR,TOTAL,TOTAL,1.18
2005,A,ITD44,TOTFERR,TOTAL,TOTAL,1.11
2006,A,ITD44,TOTFERR,TOTAL,TOTAL,1.24
2007,A,ITD44,TOTFERR,TOTAL,TOTAL,1.26
2008,A,ITD44,TOTFERR,TOTAL,TOTAL,1.29
2009,A,ITD44,TOTFERR,TOTAL,TOTAL,1.32
2010,A,ITD44,TOTFERR,TOTAL,TOTAL,1.39
2011,A,ITD44,TOTFERR,TOTAL,TOTAL,1.36
2012,A,ITD44,TOTFERR,TOTAL,TOTAL,1.41
2013,A,ITD44,TOTFERR,TOTAL,TOTAL,1.33
2014,A,ITD44,TOTFERR,TOTAL,TOTAL,1.36
2015,A,ITD44,TOTFERR,TOTAL,TOTAL,1.28
2016,A,ITD44,TOTFERR,TOTAL,TOTAL,1.33
2017,A,ITD44,TOTFERR,TOTAL,TOTAL,1.32
2018,A,ITD44,TOTFERR,TOTAL,TOTAL,1.28
2019,A,ITD44,TOTFERR,TOTAL,TOTAL,1.22
2020,A,ITD44,TOTFERR,TOTAL,TOTAL,1.22
2021,A,ITD44,TOTFERR,TOTAL,TOTAL,1.22
2022,A,ITD44,TOTFERR,TOTAL,TOTAL,1.23
2023,A,ITD44,TOTFERR,TOTAL,TOTAL,1.13
2024,A,ITD44,TOTFERR,TOTAL,TOTAL,1.19
2002,A,ITD5,TOTFERR,FRG,TOTAL,2.89
2003,A,ITD5,TOTFERR,FRG,TOTAL,2.66
2004,A,ITD5,TOTFERR,FRG,TOTAL,3.02
2005,A,ITD5,TOTFERR,FRG,TOTAL,2.86
2006,A,ITD5,TOTFERR,FRG,TOTAL,2.91
2007,A,ITD5,TOTFERR,FRG,TOTAL,2.8
2008,A,ITD5,TOTFERR,FRG,TOTAL,2.66
2009,A,ITD5,TOTFERR,FRG,TOTAL,2.64
2010,A,ITD5,TOTFERR,FRG,TOTAL,2.46
2011,A,ITD5,TOTFERR,FRG,TOTAL,2.33
2012,A,ITD5,TOTFERR,FRG,TOTAL,2.28
2013,A,ITD5,TOTFERR,FRG,TOTAL,2.2
2014,A,ITD5,TOTFERR,FRG,TOTAL,2.12
2015,A,ITD5,TOTFERR,FRG,TOTAL,2.13
2016,A,ITD5,TOTFERR,FRG,TOTAL,2.18
2017,A,ITD5,TOTFERR,FRG,TOTAL,2.17
2018,A,ITD5,TOTFERR,FRG,TOTAL,2.16
2019,A,ITD5,TOTFERR,FRG,TOTAL,2.1
2020,A,ITD5,TOTFERR,FRG,TOTAL,1.92
2021,A,ITD5,TOTFERR,FRG,TOTAL,1.94
2022,A,ITD5,TOTFERR,FRG,TOTAL,1.92
2023,A,ITD5,TOTFERR,FRG,TOTAL,1.88
2024,A,ITD5,TOTFERR,FRG,TOTAL,1.93
2002,A,ITD5,TOTFERR,ITL,TOTAL,1.12
2003,A,ITD5,TOTFERR,ITL,TOTAL,1.12
2004,A,ITD5,TOTFERR,ITL,TOTAL,1.15
2005,A,ITD5,TOTFERR,ITL,TOTAL,1.17
2006,A,ITD5,TOTFERR,ITL,TOTAL,1.2
2007,A,ITD5,TOTFERR,ITL,TOTAL,1.23
2008,A,ITD5,TOTFERR,ITL,TOTAL,1.28
2009,A,ITD5,TOTFERR,ITL,TOTAL,1.27
2010,A,ITD5,TOTFERR,ITL,TOTAL,1.28
2011,A,ITD5,TOTFERR,ITL,TOTAL,1.26
2012,A,ITD5,TOTFERR,ITL,TOTAL,1.25
2013,A,ITD5,TOTFERR,ITL,TOTAL,1.24
2014,A,ITD5,TOTFERR,ITL,TOTAL,1.24
2015,A,ITD5,TOTFERR,ITL,TOTAL,1.24
2016,A,ITD5,TOTFERR,ITL,TOTAL,1.21
2017,A,ITD5,TOTFERR,ITL,TOTAL,1.16
2018,A,ITD5,TOTFERR,ITL,TOTAL,1.16
2019,A,ITD5,TOTFERR,ITL,TOTAL,1.12
2020,A,ITD5,TOTFERR,ITL,TOTAL,1.12
2021,A,ITD5,TOTFERR,ITL,TOTAL,1.13
2022,A,ITD5,TOTFERR,ITL,TOTAL,1.14
2023,A,ITD5,TOTFERR,ITL,TOTAL,1.09
2024,A,ITD5,TOTFERR,ITL,TOTAL,1.05
1999,A,ITD5,TOTFERR,TOTAL,TOTAL,1.1
2000,A,ITD5,TOTFERR,TOTAL,TOTAL,1.17
2001,A,ITD5,TOTFERR,TOTAL,TOTAL,1.19
2002,A,ITD5,TOTFERR,TOTAL,TOTAL,1.24
2003,A,ITD5,TOTFERR,TOTAL,TOTAL,1.24
2004,A,ITD5,TOTFERR,TOTAL,TOTAL,1.33
2005,A,ITD5,TOTFERR,TOTAL,TOTAL,1.35
2006,A,ITD5,TOTFERR,TOTAL,TOTAL,1.4
2007,A,ITD5,TOTFERR,TOTAL,TOTAL,1.45
2008,A,ITD5,TOTFERR,TOTAL,TOTAL,1.5
2009,A,ITD5,TOTFERR,TOTAL,TOTAL,1.52
2010,A,ITD5,TOTFERR,TOTAL,TOTAL,1.52
2011,A,ITD5,TOTFERR,TOTAL,TOTAL,1.49
2012,A,ITD5,TOTFERR,TOTAL,TOTAL,1.48
2013,A,ITD5,TOTFERR,TOTAL,TOTAL,1.46
2014,A,ITD5,TOTFERR,TOTAL,TOTAL,1.43
2015,A,ITD5,TOTFERR,TOTAL,TOTAL,1.43
2016,A,ITD5,TOTFERR,TOTAL,TOTAL,1.4
2017,A,ITD5,TOTFERR,TOTAL,TOTAL,1.36
2018,A,ITD5,TOTFERR,TOTAL,TOTAL,1.35
2019,A,ITD5,TOTFERR,TOTAL,TOTAL,1.3
2020,A,ITD5,TOTFERR,TOTAL,TOTAL,1.26
2021,A,ITD5,TOTFERR,TOTAL,TOTAL,1.27
2022,A,ITD5,TOTFERR,TOTAL,TOTAL,1.27
2023,A,ITD5,TOTFERR,TOTAL,TOTAL,1.22
2024,A,ITD5,TOTFERR,TOTAL,TOTAL,1.19
2002,A,ITD51,TOTFERR,FRG,TOTAL,3.54
2003,A,ITD51,TOTFERR,FRG,TOTAL,2.49
2004,A,ITD51,TOTFERR,FRG,TOTAL,2.99
2005,A,ITD51,TOTFERR,FRG,TOTAL,2.65
2006,A,ITD51,TOTFERR,FRG,TOTAL,2.75
2007,A,ITD51,TOTFERR,FRG,TOTAL,2.46
2008,A,ITD51,TOTFERR,FRG,TOTAL,2.55
2009,A,ITD51,TOTFERR,FRG,TOTAL,2.64
2010,A,ITD51,TOTFERR,FRG,TOTAL,2.28
2011,A,ITD51,TOTFERR,FRG,TOTAL,2.26
2012,A,ITD51,TOTFERR,FRG,TOTAL,2.26
2013,A,ITD51,TOTFERR,FRG,TOTAL,2.26
2014,A,ITD51,TOTFERR,FRG,TOTAL,2.07
2015,A,ITD51,TOTFERR,FRG,TOTAL,2.12
2016,A,ITD51,TOTFERR,FRG,TOTAL,2.11
2017,A,ITD51,TOTFERR,FRG,TOTAL,2.19
2018,A,ITD51,TOTFERR,FRG,TOTAL,2.28
2019,A,ITD51,TOTFERR,FRG,TOTAL,2.36
2020,A,ITD51,TOTFERR,FRG,TOTAL,2.08
2021,A,ITD51,TOTFERR,FRG,TOTAL,2.05
2022,A,ITD51,TOTFERR,FRG,TOTAL,2.09
2023,A,ITD51,TOTFERR,FRG,TOTAL,2.03
2024,A,ITD51,TOTFERR,FRG,TOTAL,2.07
2002,A,ITD51,TOTFERR,ITL,TOTAL,1.05
2003,A,ITD51,TOTFERR,ITL,TOTAL,1.08
2004,A,ITD51,TOTFERR,ITL,TOTAL,1.06
2005,A,ITD51,TOTFERR,ITL,TOTAL,1.1
2006,A,ITD51,TOTFERR,ITL,TOTAL,1.1
2007,A,ITD51,TOTFERR,ITL,TOTAL,1.16
2008,A,ITD51,TOTFERR,ITL,TOTAL,1.14
2009,A,ITD51,TOTFERR,ITL,TOTAL,1.2
2010,A,ITD51,TOTFERR,ITL,TOTAL,1.16
2011,A,ITD51,TOTFERR,ITL,TOTAL,1.14
2012,A,ITD51,TOTFERR,ITL,TOTAL,1.15
2013,A,ITD51,TOTFERR,ITL,TOTAL,1.18
2014,A,ITD51,TOTFERR,ITL,TOTAL,1.23
2015,A,ITD51,TOTFERR,ITL,TOTAL,1.23
2016,A,ITD51,TOTFERR,ITL,TOTAL,1.21
2017,A,ITD51,TOTFERR,ITL,TOTAL,1.1
2018,A,ITD51,TOTFERR,ITL,TOTAL,1.17
2019,A,ITD51,TOTFERR,ITL,TOTAL,1.1
2020,A,ITD51,TOTFERR,ITL,TOTAL,1.05
2021,A,ITD51,TOTFERR,ITL,TOTAL,1.0
2022,A,ITD51,TOTFERR,ITL,TOTAL,1.13
2023,A,ITD51,TOTFERR,ITL,TOTAL,1.16
2024,A,ITD51,TOTFERR,ITL,TOTAL,1.07
1999,A,ITD51,TOTFERR,TOTAL,TOTAL,1.04
2000,A,ITD51,TOTFERR,TOTAL,TOTAL,1.14
2001,A,ITD51,TOTFERR,TOTAL,TOTAL,1.11
2002,A,ITD51,TOTFERR,TOTAL,TOTAL,1.21
2003,A,ITD51,TOTFERR,TOTAL,TOTAL,1.21
2004,A,ITD51,TOTFERR,TOTAL,TOTAL,1.28
2005,A,ITD51,TOTFERR,TOTAL,TOTAL,1.31
2006,A,ITD51,TOTFERR,TOTAL,TOTAL,1.35
2007,A,ITD51,TOTFERR,TOTAL,TOTAL,1.4
2008,A,ITD51,TOTFERR,TOTAL,TOTAL,1.43
2009,A,ITD51,TOTFERR,TOTAL,TOTAL,1.53
2010,A,ITD51,TOTFERR,TOTAL,TOTAL,1.44
2011,A,ITD51,TOTFERR,TOTAL,TOTAL,1.44
2012,A,ITD51,TOTFERR,TOTAL,TOTAL,1.44
2013,A,ITD51,TOTFERR,TOTAL,TOTAL,1.47
2014,A,ITD51,TOTFERR,TOTAL,TOTAL,1.45
2015,A,ITD51,TOTFERR,TOTAL,TOTAL,1.46
2016,A,ITD51,TOTFERR,TOTAL,TOTAL,1.43
2017,A,ITD51,TOTFERR,TOTAL,TOTAL,1.37
2018,A,ITD51,TOTFERR,TOTAL,TOTAL,1.43
2019,A,ITD51,TOTFERR,TOTAL,TOTAL,1.39
2020,A,ITD51,TOTFERR,TOTAL,TOTAL,1.29
2021,A,ITD51,TOTFERR,TOTAL,TOTAL,1.24
2022,A,ITD51,TOTFERR,TOTAL,TOTAL,1.34
2023,A,ITD51,TOTFERR,TOTAL,TOTAL,1.35
2024,A,ITD51,TOTFERR,TOTAL,TOTAL,1.28
2002,A,ITD52,TOTFERR,FRG,TOTAL,2.64
2003,A,ITD52,TOTFERR,FRG,TOTAL,2.24
2004,A,ITD52,TOTFERR,FRG,TOTAL,2.96
2005,A,ITD52,TOTFERR,FRG,TOTAL,2.65
2006,A,ITD52,TOTFERR,FRG,TOTAL,2.79
2007,A,ITD52,TOTFERR,FRG,TOTAL,2.69
2008,A,ITD52,TOTFERR,FRG,TOTAL,2.53
2009,A,ITD52,TOTFERR,FRG,TOTAL,2.51
2010,A,ITD52,TOTFERR,FRG,TOTAL,2.42
2011,A,ITD52,TOTFERR,FRG,TOTAL,2.15
2012,A,ITD52,TOTFERR,FRG,TOTAL,2.15
2013,A,ITD52,TOTFERR,FRG,TOTAL,2.17
2014,A,ITD52,TOTFERR,FRG,TOTAL,2.11
2015,A,ITD52,TOTFERR,FRG,TOTAL,2.1
2016,A,ITD52,TOTFERR,FRG,TOTAL,2.09
2017,A,ITD52,TOTFERR,FRG,TOTAL,2.04
2018,A,ITD52,TOTFERR,FRG,TOTAL,2.0
2019,A,ITD52,TOTFERR,FRG,TOTAL,2.05
2020,A,ITD52,TOTFERR,FRG,TOTAL,1.97
2021,A,ITD52,TOTFERR,FRG,TOTAL,2.03
2022,A,ITD52,TOTFERR,FRG,TOTAL,1.93
2023,A,ITD52,TOTFERR,FRG,TOTAL,1.87
2024,A,ITD52,TOTFERR,FRG,TOTAL,1.92
2002,A,ITD52,TOTFERR,ITL,TOTAL,1.08
2003,A,ITD52,TOTFERR,ITL,TOTAL,1.08
2004,A,ITD52,TOTFERR,ITL,TOTAL,1.11
2005,A,ITD52,TOTFERR,ITL,TOTAL,1.14
2006,A,ITD52,TOTFERR,ITL,TOTAL,1.15
2007,A,ITD52,TOTFERR,ITL,TOTAL,1.23
2008,A,ITD52,TOTFERR,ITL,TOTAL,1.25
2009,A,ITD52,TOTFERR,ITL,TOTAL,1.25
2010,A,ITD52,TOTFERR,ITL,TOTAL,1.29
2011,A,ITD52,TOTFERR,ITL,TOTAL,1.23
2012,A,ITD52,TOTFERR,ITL,TOTAL,1.21
2013,A,ITD52,TOTFERR,ITL,TOTAL,1.19
2014,A,ITD52,TOTFERR,ITL,TOTAL,1.21
2015,A,ITD52,TOTFERR,ITL,TOTAL,1.22
2016,A,ITD52,TOTFERR,ITL,TOTAL,1.22
2017,A,ITD52,TOTFERR,ITL,TOTAL,1.15
2018,A,ITD52,TOTFERR,ITL,TOTAL,1.14
2019,A,ITD52,TOTFERR,ITL,TOTAL,1.13
2020,A,ITD52,TOTFERR,ITL,TOTAL,1.11
2021,A,ITD52,TOTFERR,ITL,TOTAL,1.1
2022,A,ITD52,TOTFERR,ITL,TOTAL,1.12
2023,A,ITD52,TOTFERR,ITL,TOTAL,1.1
2024,A,ITD52,TOTFERR,ITL,TOTAL,1.03
1999,A,ITD52,TOTFERR,TOTAL,TOTAL,1.1
2000,A,ITD52,TOTFERR,TOTAL,TOTAL,1.14
2001,A,ITD52,TOTFERR,TOTAL,TOTAL,1.18
2002,A,ITD52,TOTFERR,TOTAL,TOTAL,1.19
2003,A,ITD52,TOTFERR,TOTAL,TOTAL,1.18
2004,A,ITD52,TOTFERR,TOTAL,TOTAL,1.3
2005,A,ITD52,TOTFERR,TOTAL,TOTAL,1.32
2006,A,ITD52,TOTFERR,TOTAL,TOTAL,1.35
2007,A,ITD52,TOTFERR,TOTAL,TOTAL,1.44
2008,A,ITD52,TOTFERR,TOTAL,TOTAL,1.48
2009,A,ITD52,TOTFERR,TOTAL,TOTAL,1.5
2010,A,ITD52,TOTFERR,TOTAL,TOTAL,1.54
2011,A,ITD52,TOTFERR,TOTAL,TOTAL,1.44
2012,A,ITD52,TOTFERR,TOTAL,TOTAL,1.43
2013,A,ITD52,TOTFERR,TOTAL,TOTAL,1.43
2014,A,ITD52,TOTFERR,TOTAL,TOTAL,1.43
2015,A,ITD52,TOTFERR,TOTAL,TOTAL,1.43
2016,A,ITD52,TOTFERR,TOTAL,TOTAL,1.42
2017,A,ITD52,TOTFERR,TOTAL,TOTAL,1.36
2018,A,ITD52,TOTFERR,TOTAL,TOTAL,1.34
2019,A,ITD52,TOTFERR,TOTAL,TOTAL,1.33
2020,A,ITD52,TOTFERR,TOTAL,TOTAL,1.3
2021,A,ITD52,TOTFERR,TOTAL,TOTAL,1.31
2022,A,ITD52,TOTFERR,TOTAL,TOTAL,1.29
2023,A,ITD52,TOTFERR,TOTAL,TOTAL,1.26
2024,A,ITD52,TOTFERR,TOTAL,TOTAL,1.21
2002,A,ITD53,TOTFERR,FRG,TOTAL,3.39
2003,A,ITD53,TOTFERR,FRG,TOTAL,3.33
2004,A,ITD53,TOTFERR,FRG,TOTAL,3.18
2005,A,ITD53,TOTFERR,FRG,TOTAL,3.29
2006,A,ITD53,TOTFERR,FRG,TOTAL,3.14
2007,A,ITD53,TOTFERR,FRG,TOTAL,3.26
2008,A,ITD53,TOTFERR,FRG,TOTAL,2.98
2009,A,ITD53,TOTFERR,FRG,TOTAL,2.91
2010,A,ITD53,TOTFERR,FRG,TOTAL,2.79
2011,A,ITD53,TOTFERR,FRG,TOTAL,2.56
2012,A,ITD53,TOTFERR,FRG,TOTAL,2.45
2013,A,ITD53,TOTFERR,FRG,TOTAL,2.37
2014,A,ITD53,TOTFERR,FRG,TOTAL,2.14
2015,A,ITD53,TOTFERR,FRG,TOTAL,2.22
2016,A,ITD53,TOTFERR,FRG,TOTAL,2.29
2017,A,ITD53,TOTFERR,FRG,TOTAL,2.33
2018,A,ITD53,TOTFERR,FRG,TOTAL,2.14
2019,A,ITD53,TOTFERR,FRG,TOTAL,2.23
2020,A,ITD53,TOTFERR,FRG,TOTAL,2.01
2021,A,ITD53,TOTFERR,FRG,TOTAL,2.03
2022,A,ITD53,TOTFERR,FRG,TOTAL,1.93
2023,A,ITD53,TOTFERR,FRG,TOTAL,1.87
2024,A,ITD53,TOTFERR,FRG,TOTAL,2.15
2002,A,ITD53,TOTFERR,ITL,TOTAL,1.26
2003,A,ITD53,TOTFERR,ITL,TOTAL,1.28
2004,A,ITD53,TOTFERR,ITL,TOTAL,1.34
2005,A,ITD53,TOTFERR,ITL,TOTAL,1.34
2006,A,ITD53,TOTFERR,ITL,TOTAL,1.35
2007,A,ITD53,TOTFERR,ITL,TOTAL,1.38
2008,A,ITD53,TOTFERR,ITL,TOTAL,1.42
2009,A,ITD53,TOTFERR,ITL,TOTAL,1.4
2010,A,ITD53,TOTFERR,ITL,TOTAL,1.43
2011,A,ITD53,TOTFERR,ITL,TOTAL,1.39
2012,A,ITD53,TOTFERR,ITL,TOTAL,1.39
2013,A,ITD53,TOTFERR,ITL,TOTAL,1.33
2014,A,ITD53,TOTFERR,ITL,TOTAL,1.33
2015,A,ITD53,TOTFERR,ITL,TOTAL,1.37
2016,A,ITD53,TOTFERR,ITL,TOTAL,1.29
2017,A,ITD53,TOTFERR,ITL,TOTAL,1.24
2018,A,ITD53,TOTFERR,ITL,TOTAL,1.19
2019,A,ITD53,TOTFERR,ITL,TOTAL,1.19
2020,A,ITD53,TOTFERR,ITL,TOTAL,1.21
2021,A,ITD53,TOTFERR,ITL,TOTAL,1.21
2022,A,ITD53,TOTFERR,ITL,TOTAL,1.2
2023,A,ITD53,TOTFERR,ITL,TOTAL,1.16
2024,A,ITD53,TOTFERR,ITL,TOTAL,1.09
1999,A,ITD53,TOTFERR,TOTAL,TOTAL,1.28
2000,A,ITD53,TOTFERR,TOTAL,TOTAL,1.34
2001,A,ITD53,TOTFERR,TOTAL,TOTAL,1.36
2002,A,ITD53,TOTFERR,TOTAL,TOTAL,1.41
2003,A,ITD53,TOTFERR,TOTAL,TOTAL,1.45
2004,A,ITD53,TOTFERR,TOTAL,TOTAL,1.53
2005,A,ITD53,TOTFERR,TOTAL,TOTAL,1.56
2006,A,ITD53,TOTFERR,TOTAL,TOTAL,1.58
2007,A,ITD53,TOTFERR,TOTAL,TOTAL,1.66
2008,A,ITD53,TOTFERR,TOTAL,TOTAL,1.7
2009,A,ITD53,TOTFERR,TOTAL,TOTAL,1.7
2010,A,ITD53,TOTFERR,TOTAL,TOTAL,1.72
2011,A,ITD53,TOTFERR,TOTAL,TOTAL,1.65
2012,A,ITD53,TOTFERR,TOTAL,TOTAL,1.63
2013,A,ITD53,TOTFERR,TOTAL,TOTAL,1.57
2014,A,ITD53,TOTFERR,TOTAL,TOTAL,1.51
2015,A,ITD53,TOTFERR,TOTAL,TOTAL,1.55
2016,A,ITD53,TOTFERR,TOTAL,TOTAL,1.49
2017,A,ITD53,TOTFERR,TOTAL,TOTAL,1.44
2018,A,ITD53,TOTFERR,TOTAL,TOTAL,1.35
2019,A,ITD53,TOTFERR,TOTAL,TOTAL,1.37
2020,A,ITD53,TOTFERR,TOTAL,TOTAL,1.34
2021,A,ITD53,TOTFERR,TOTAL,TOTAL,1.34
2022,A,ITD53,TOTFERR,TOTAL,TOTAL,1.3
2023,A,ITD53,TOTFERR,TOTAL,TOTAL,1.27
2024,A,ITD53,TOTFERR,TOTAL,TOTAL,1.24
2002,A,ITD54,TOTFERR,FRG,TOTAL,3.23
2003,A,ITD54,TOTFERR,FRG,TOTAL,2.82
2004,A,ITD54,TOTFERR,FRG,TOTAL,3.13
2005,A,ITD54,TOTFERR,FRG,TOTAL,3.14
2006,A,ITD54,TOTFERR,FRG,TOTAL,3.11
2007,A,ITD54,TOTFERR,FRG,TOTAL,3.0
2008,A,ITD54,TOTFERR,FRG,TOTAL,2.87
2009,A,ITD54,TOTFERR,FRG,TOTAL,2.91
2010,A,ITD54,TOTFERR,FRG,TOTAL,2.63
2011,A,ITD54,TOTFERR,FRG,TOTAL,2.65
2012,A,ITD54,TOTFERR,FRG,TOTAL,2.48
2013,A,ITD54,TOTFERR,FRG,TOTAL,2.39
2014,A,ITD54,TOTFERR,FRG,TOTAL,2.32
2015,A,ITD54,TOTFERR,FRG,TOTAL,2.3
2016,A,ITD54,TOTFERR,FRG,TOTAL,2.38
2017,A,ITD54,TOTFERR,FRG,TOTAL,2.35
2018,A,ITD54,TOTFERR,FRG,TOTAL,2.32
2019,A,ITD54,TOTFERR,FRG,TOTAL,2.23
2020,A,ITD54,TOTFERR,FRG,TOTAL,2.06
2021,A,ITD54,TOTFERR,FRG,TOTAL,2.0
2022,A,ITD54,TOTFERR,FRG,TOTAL,1.9
2023,A,ITD54,TOTFERR,FRG,TOTAL,1.92
2024,A,ITD54,TOTFERR,FRG,TOTAL,2.03
2002,A,ITD54,TOTFERR,ITL,TOTAL,1.17
2003,A,ITD54,TOTFERR,ITL,TOTAL,1.16
2004,A,ITD54,TOTFERR,ITL,TOTAL,1.19
2005,A,ITD54,TOTFERR,ITL,TOTAL,1.23
2006,A,ITD54,TOTFERR,ITL,TOTAL,1.24
2007,A,ITD54,TOTFERR,ITL,TOTAL,1.27
2008,A,ITD54,TOTFERR,ITL,TOTAL,1.35
2009,A,ITD54,TOTFERR,ITL,TOTAL,1.31
2010,A,ITD54,TOTFERR,ITL,TOTAL,1.35
2011,A,ITD54,TOTFERR,ITL,TOTAL,1.31
2012,A,ITD54,TOTFERR,ITL,TOTAL,1.32
2013,A,ITD54,TOTFERR,ITL,TOTAL,1.26
2014,A,ITD54,TOTFERR,ITL,TOTAL,1.24
2015,A,ITD54,TOTFERR,ITL,TOTAL,1.24
2016,A,ITD54,TOTFERR,ITL,TOTAL,1.25
2017,A,ITD54,TOTFERR,ITL,TOTAL,1.22
2018,A,ITD54,TOTFERR,ITL,TOTAL,1.22
2019,A,ITD54,TOTFERR,ITL,TOTAL,1.12
2020,A,ITD54,TOTFERR,ITL,TOTAL,1.14
2021,A,ITD54,TOTFERR,ITL,TOTAL,1.24
2022,A,ITD54,TOTFERR,ITL,TOTAL,1.27
2023,A,ITD54,TOTFERR,ITL,TOTAL,1.13
2024,A,ITD54,TOTFERR,ITL,TOTAL,1.12
1999,A,ITD54,TOTFERR,TOTAL,TOTAL,1.18
2000,A,ITD54,TOTFERR,TOTAL,TOTAL,1.25
2001,A,ITD54,TOTFERR,TOTAL,TOTAL,1.27
2002,A,ITD54,TOTFERR,TOTAL,TOTAL,1.32
2003,A,ITD54,TOTFERR,TOTAL,TOTAL,1.3
2004,A,ITD54,TOTFERR,TOTAL,TOTAL,1.4
2005,A,ITD54,TOTFERR,TOTAL,TOTAL,1.47
2006,A,ITD54,TOTFERR,TOTAL,TOTAL,1.48
2007,A,ITD54,TOTFERR,TOTAL,TOTAL,1.53
2008,A,ITD54,TOTFERR,TOTAL,TOTAL,1.61
2009,A,ITD54,TOTFERR,TOTAL,TOTAL,1.62
2010,A,ITD54,TOTFERR,TOTAL,TOTAL,1.63
2011,A,ITD54,TOTFERR,TOTAL,TOTAL,1.61
2012,A,ITD54,TOTFERR,TOTAL,TOTAL,1.58
2013,A,ITD54,TOTFERR,TOTAL,TOTAL,1.52
2014,A,ITD54,TOTFERR,TOTAL,TOTAL,1.49
2015,A,ITD54,TOTFERR,TOTAL,TOTAL,1.48
2016,A,ITD54,TOTFERR,TOTAL,TOTAL,1.49
2017,A,ITD54,TOTFERR,TOTAL,TOTAL,1.44
2018,A,ITD54,TOTFERR,TOTAL,TOTAL,1.43
2019,A,ITD54,TOTFERR,TOTAL,TOTAL,1.33
2020,A,ITD54,TOTFERR,TOTAL,TOTAL,1.31
2021,A,ITD54,TOTFERR,TOTAL,TOTAL,1.36
2022,A,ITD54,TOTFERR,TOTAL,TOTAL,1.36
2023,A,ITD54,TOTFERR,TOTAL,TOTAL,1.26
2024,A,ITD54,TOTFERR,TOTAL,TOTAL,1.27
2002,A,ITD55,TOTFERR,FRG,TOTAL,2.59
2003,A,ITD55,TOTFERR,FRG,TOTAL,2.49
2004,A,ITD55,TOTFERR,FRG,TOTAL,2.86
2005,A,ITD55,TOTFERR,FRG,TOTAL,2.58
2006,A,ITD55,TOTFERR,FRG,TOTAL,2.72
2007,A,ITD55,TOTFERR,FRG,TOTAL,2.61
2008,A,ITD55,TOTFERR,FRG,TOTAL,2.35
2009,A,ITD55,TOTFERR,FRG,TOTAL,2.5
2010,A,ITD55,TOTFERR,FRG,TOTAL,2.28
2011,A,ITD55,TOTFERR,FRG,TOTAL,2.17
2012,A,ITD55,TOTFERR,FRG,TOTAL,2.13
2013,A,ITD55,TOTFERR,FRG,TOTAL,2.14
2014,A,ITD55,TOTFERR,FRG,TOTAL,2.07
2015,A,ITD55,TOTFERR,FRG,TOTAL,2.11
2016,A,ITD55,TOTFERR,FRG,TOTAL,2.1
2017,A,ITD55,TOTFERR,FRG,TOTAL,2.11
2018,A,ITD55,TOTFERR,FRG,TOTAL,2.16
2019,A,ITD55,TOTFERR,FRG,TOTAL,1.91
2020,A,ITD55,TOTFERR,FRG,TOTAL,1.66
2021,A,ITD55,TOTFERR,FRG,TOTAL,1.76
2022,A,ITD55,TOTFERR,FRG,TOTAL,1.76
2023,A,ITD55,TOTFERR,FRG,TOTAL,1.75
2024,A,ITD55,TOTFERR,FRG,TOTAL,1.77
2002,A,ITD55,TOTFERR,ITL,TOTAL,1.11
2003,A,ITD55,TOTFERR,ITL,TOTAL,1.08
2004,A,ITD55,TOTFERR,ITL,TOTAL,1.13
2005,A,ITD55,TOTFERR,ITL,TOTAL,1.13
2006,A,ITD55,TOTFERR,ITL,TOTAL,1.18
2007,A,ITD55,TOTFERR,ITL,TOTAL,1.2
2008,A,ITD55,TOTFERR,ITL,TOTAL,1.22
2009,A,ITD55,TOTFERR,ITL,TOTAL,1.23
2010,A,ITD55,TOTFERR,ITL,TOTAL,1.2
2011,A,ITD55,TOTFERR,ITL,TOTAL,1.22
2012,A,ITD55,TOTFERR,ITL,TOTAL,1.21
2013,A,ITD55,TOTFERR,ITL,TOTAL,1.23
2014,A,ITD55,TOTFERR,ITL,TOTAL,1.23
2015,A,ITD55,TOTFERR,ITL,TOTAL,1.2
2016,A,ITD55,TOTFERR,ITL,TOTAL,1.19
2017,A,ITD55,TOTFERR,ITL,TOTAL,1.13
2018,A,ITD55,TOTFERR,ITL,TOTAL,1.15
2019,A,ITD55,TOTFERR,ITL,TOTAL,1.14
2020,A,ITD55,TOTFERR,ITL,TOTAL,1.13
2021,A,ITD55,TOTFERR,ITL,TOTAL,1.12
2022,A,ITD55,TOTFERR,ITL,TOTAL,1.11
2023,A,ITD55,TOTFERR,ITL,TOTAL,1.04
2024,A,ITD55,TOTFERR,ITL,TOTAL,1.04
1999,A,ITD55,TOTFERR,TOTAL,TOTAL,1.1
2000,A,ITD55,TOTFERR,TOTAL,TOTAL,1.17
2001,A,ITD55,TOTFERR,TOTAL,TOTAL,1.18
2002,A,ITD55,TOTFERR,TOTAL,TOTAL,1.22
2003,A,ITD55,TOTFERR,TOTAL,TOTAL,1.21
2004,A,ITD55,TOTFERR,TOTAL,TOTAL,1.3
2005,A,ITD55,TOTFERR,TOTAL,TOTAL,1.3
2006,A,ITD55,TOTFERR,TOTAL,TOTAL,1.37
2007,A,ITD55,TOTFERR,TOTAL,TOTAL,1.39
2008,A,ITD55,TOTFERR,TOTAL,TOTAL,1.4
2009,A,ITD55,TOTFERR,TOTAL,TOTAL,1.46
2010,A,ITD55,TOTFERR,TOTAL,TOTAL,1.41
2011,A,ITD55,TOTFERR,TOTAL,TOTAL,1.42
2012,A,ITD55,TOTFERR,TOTAL,TOTAL,1.4
2013,A,ITD55,TOTFERR,TOTAL,TOTAL,1.43
2014,A,ITD55,TOTFERR,TOTAL,TOTAL,1.41
2015,A,ITD55,TOTFERR,TOTAL,TOTAL,1.4
2016,A,ITD55,TOTFERR,TOTAL,TOTAL,1.37
2017,A,ITD55,TOTFERR,TOTAL,TOTAL,1.32
2018,A,ITD55,TOTFERR,TOTAL,TOTAL,1.33
2019,A,ITD55,TOTFERR,TOTAL,TOTAL,1.27
2020,A,ITD55,TOTFERR,TOTAL,TOTAL,1.22
2021,A,ITD55,TOTFERR,TOTAL,TOTAL,1.23
2022,A,ITD55,TOTFERR,TOTAL,TOTAL,1.21
2023,A,ITD55,TOTFERR,TOTAL,TOTAL,1.14
2024,A,ITD55,TOTFERR,TOTAL,TOTAL,1.15
2002,A,ITD56,TOTFERR,FRG,TOTAL,2.69
2003,A,ITD56,TOTFERR,FRG,TOTAL,2.81
2004,A,ITD56,TOTFERR,FRG,TOTAL,3.12
2005,A,ITD56,TOTFERR,FRG,TOTAL,2.86
2006,A,ITD56,TOTFERR,FRG,TOTAL,3.03
2007,A,ITD56,TOTFERR,FRG,TOTAL,2.88
2008,A,ITD56,TOTFERR,FRG,TOTAL,2.73
2009,A,ITD56,TOTFERR,FRG,TOTAL,2.49
2010,A,ITD56,TOTFERR,FRG,TOTAL,2.5
2011,A,ITD56,TOTFERR,FRG,TOTAL,2.25
2012,A,ITD56,TOTFERR,FRG,TOTAL,2.35
2013,A,ITD56,TOTFERR,FRG,TOTAL,2.07
2014,A,ITD56,TOTFERR,FRG,TOTAL,2.13
2015,A,ITD56,TOTFERR,FRG,TOTAL,1.94
2016,A,ITD56,TOTFERR,FRG,TOTAL,2.0
2017,A,ITD56,TOTFERR,FRG,TOTAL,2.13
2018,A,ITD56,TOTFERR,FRG,TOTAL,2.08
2019,A,ITD56,TOTFERR,FRG,TOTAL,2.06
2020,A,ITD56,TOTFERR,FRG,TOTAL,1.97
2021,A,ITD56,TOTFERR,FRG,TOTAL,2.03
2022,A,ITD56,TOTFERR,FRG,TOTAL,2.09
2023,A,ITD56,TOTFERR,FRG,TOTAL,1.84
2024,A,ITD56,TOTFERR,FRG,TOTAL,2.06
2002,A,ITD56,TOTFERR,ITL,TOTAL,0.91
2003,A,ITD56,TOTFERR,ITL,TOTAL,0.92
2004,A,ITD56,TOTFERR,ITL,TOTAL,0.98
2005,A,ITD56,TOTFERR,ITL,TOTAL,0.99
2006,A,ITD56,TOTFERR,ITL,TOTAL,1.02
2007,A,ITD56,TOTFERR,ITL,TOTAL,1.05
2008,A,ITD56,TOTFERR,ITL,TOTAL,1.12
2009,A,ITD56,TOTFERR,ITL,TOTAL,1.14
2010,A,ITD56,TOTFERR,ITL,TOTAL,1.16
2011,A,ITD56,TOTFERR,ITL,TOTAL,1.14
2012,A,ITD56,TOTFERR,ITL,TOTAL,1.12
2013,A,ITD56,TOTFERR,ITL,TOTAL,1.11
2014,A,ITD56,TOTFERR,ITL,TOTAL,1.07
2015,A,ITD56,TOTFERR,ITL,TOTAL,1.06
2016,A,ITD56,TOTFERR,ITL,TOTAL,1.05
2017,A,ITD56,TOTFERR,ITL,TOTAL,1.03
2018,A,ITD56,TOTFERR,ITL,TOTAL,1.02
2019,A,ITD56,TOTFERR,ITL,TOTAL,1.04
2020,A,ITD56,TOTFERR,ITL,TOTAL,0.94
2021,A,ITD56,TOTFERR,ITL,TOTAL,1.03
2022,A,ITD56,TOTFERR,ITL,TOTAL,1.02
2023,A,ITD56,TOTFERR,ITL,TOTAL,1.01
2024,A,ITD56,TOTFERR,ITL,TOTAL,0.91
1999,A,ITD56,TOTFERR,TOTAL,TOTAL,0.85
2000,A,ITD56,TOTFERR,TOTAL,TOTAL,0.88
2001,A,ITD56,TOTFERR,TOTAL,TOTAL,0.9
2002,A,ITD56,TOTFERR,TOTAL,TOTAL,0.97
2003,A,ITD56,TOTFERR,TOTAL,TOTAL,1.0
2004,A,ITD56,TOTFERR,TOTAL,TOTAL,1.08
2005,A,ITD56,TOTFERR,TOTAL,TOTAL,1.1
2006,A,ITD56,TOTFERR,TOTAL,TOTAL,1.17
2007,A,ITD56,TOTFERR,TOTAL,TOTAL,1.21
2008,A,ITD56,TOTFERR,TOTAL,TOTAL,1.31
2009,A,ITD56,TOTFERR,TOTAL,TOTAL,1.33
2010,A,ITD56,TOTFERR,TOTAL,TOTAL,1.37
2011,A,ITD56,TOTFERR,TOTAL,TOTAL,1.33
2012,A,ITD56,TOTFERR,TOTAL,TOTAL,1.33
2013,A,ITD56,TOTFERR,TOTAL,TOTAL,1.28
2014,A,ITD56,TOTFERR,TOTAL,TOTAL,1.26
2015,A,ITD56,TOTFERR,TOTAL,TOTAL,1.21
2016,A,ITD56,TOTFERR,TOTAL,TOTAL,1.21
2017,A,ITD56,TOTFERR,TOTAL,TOTAL,1.23
2018,A,ITD56,TOTFERR,TOTAL,TOTAL,1.21
2019,A,ITD56,TOTFERR,TOTAL,TOTAL,1.22
2020,A,ITD56,TOTFERR,TOTAL,TOTAL,1.14
2021,A,ITD56,TOTFERR,TOTAL,TOTAL,1.21
2022,A,ITD56,TOTFERR,TOTAL,TOTAL,1.2
2023,A,ITD56,TOTFERR,TOTAL,TOTAL,1.16
2024,A,ITD56,TOTFERR,TOTAL,TOTAL,1.11
2002,A,ITD57,TOTFERR,FRG,TOTAL,2.54
2003,A,ITD57,TOTFERR,FRG,TOTAL,2.65
2004,A,ITD57,TOTFERR,FRG,TOTAL,2.97
2005,A,ITD57,TOTFERR,FRG,TOTAL,2.98
2006,A,ITD57,TOTFERR,FRG,TOTAL,3.07
2007,A,ITD57,TOTFERR,FRG,TOTAL,2.85
2008,A,ITD57,TOTFERR,FRG,TOTAL,2.71
2009,A,ITD57,TOTFERR,FRG,TOTAL,2.53
2010,A,ITD57,TOTFERR,FRG,TOTAL,2.3
2011,A,ITD57,TOTFERR,FRG,TOTAL,2.17
2012,A,ITD57,TOTFERR,FRG,TOTAL,2.26
2013,A,ITD57,TOTFERR,FRG,TOTAL,2.02
2014,A,ITD57,TOTFERR,FRG,TOTAL,2.11
2015,A,ITD57,TOTFERR,FRG,TOTAL,2.12
2016,A,ITD57,TOTFERR,FRG,TOTAL,2.29
2017,A,ITD57,TOTFERR,FRG,TOTAL,2.19
2018,A,ITD57,TOTFERR,FRG,TOTAL,2.26
2019,A,ITD57,TOTFERR,FRG,TOTAL,2.19
2020,A,ITD57,TOTFERR,FRG,TOTAL,2.15
2021,A,ITD57,TOTFERR,FRG,TOTAL,2.13
2022,A,ITD57,TOTFERR,FRG,TOTAL,1.97
2023,A,ITD57,TOTFERR,FRG,TOTAL,1.95
2024,A,ITD57,TOTFERR,FRG,TOTAL,1.88
2002,A,ITD57,TOTFERR,ITL,TOTAL,1.11
2003,A,ITD57,TOTFERR,ITL,TOTAL,1.12
2004,A,ITD57,TOTFERR,ITL,TOTAL,1.12
2005,A,ITD57,TOTFERR,ITL,TOTAL,1.15
2006,A,ITD57,TOTFERR,ITL,TOTAL,1.21
2007,A,ITD57,TOTFERR,ITL,TOTAL,1.24
2008,A,ITD57,TOTFERR,ITL,TOTAL,1.31
2009,A,ITD57,TOTFERR,ITL,TOTAL,1.3
2010,A,ITD57,TOTFERR,ITL,TOTAL,1.27
2011,A,ITD57,TOTFERR,ITL,TOTAL,1.27
2012,A,ITD57,TOTFERR,ITL,TOTAL,1.24
2013,A,ITD57,TOTFERR,ITL,TOTAL,1.24
2014,A,ITD57,TOTFERR,ITL,TOTAL,1.25
2015,A,ITD57,TOTFERR,ITL,TOTAL,1.23
2016,A,ITD57,TOTFERR,ITL,TOTAL,1.17
2017,A,ITD57,TOTFERR,ITL,TOTAL,1.18
2018,A,ITD57,TOTFERR,ITL,TOTAL,1.15
2019,A,ITD57,TOTFERR,ITL,TOTAL,1.11
2020,A,ITD57,TOTFERR,ITL,TOTAL,1.1
2021,A,ITD57,TOTFERR,ITL,TOTAL,1.12
2022,A,ITD57,TOTFERR,ITL,TOTAL,1.09
2023,A,ITD57,TOTFERR,ITL,TOTAL,1.06
2024,A,ITD57,TOTFERR,ITL,TOTAL,1.05
1999,A,ITD57,TOTFERR,TOTAL,TOTAL,1.01
2000,A,ITD57,TOTFERR,TOTAL,TOTAL,1.09
2001,A,ITD57,TOTFERR,TOTAL,TOTAL,1.14
2002,A,ITD57,TOTFERR,TOTAL,TOTAL,1.18
2003,A,ITD57,TOTFERR,TOTAL,TOTAL,1.22
2004,A,ITD57,TOTFERR,TOTAL,TOTAL,1.27
2005,A,ITD57,TOTFERR,TOTAL,TOTAL,1.33
2006,A,ITD57,TOTFERR,TOTAL,TOTAL,1.42
2007,A,ITD57,TOTFERR,TOTAL,TOTAL,1.45
2008,A,ITD57,TOTFERR,TOTAL,TOTAL,1.54
2009,A,ITD57,TOTFERR,TOTAL,TOTAL,1.54
2010,A,ITD57,TOTFERR,TOTAL,TOTAL,1.49
2011,A,ITD57,TOTFERR,TOTAL,TOTAL,1.48
2012,A,ITD57,TOTFERR,TOTAL,TOTAL,1.48
2013,A,ITD57,TOTFERR,TOTAL,TOTAL,1.43
2014,A,ITD57,TOTFERR,TOTAL,TOTAL,1.43
2015,A,ITD57,TOTFERR,TOTAL,TOTAL,1.41
2016,A,ITD57,TOTFERR,TOTAL,TOTAL,1.39
2017,A,ITD57,TOTFERR,TOTAL,TOTAL,1.37
2018,A,ITD57,TOTFERR,TOTAL,TOTAL,1.36
2019,A,ITD57,TOTFERR,TOTAL,TOTAL,1.3
2020,A,ITD57,TOTFERR,TOTAL,TOTAL,1.28
2021,A,ITD57,TOTFERR,TOTAL,TOTAL,1.3
2022,A,ITD57,TOTFERR,TOTAL,TOTAL,1.23
2023,A,ITD57,TOTFERR,TOTAL,TOTAL,1.21
2024,A,ITD57,TOTFERR,TOTAL,TOTAL,1.17
2002,A,ITD58,TOTFERR,FRG,TOTAL,2.76
2003,A,ITD58,TOTFERR,FRG,TOTAL,2.65
2004,A,ITD58,TOTFERR,FRG,TOTAL,3.49
2005,A,ITD58,TOTFERR,FRG,TOTAL,2.85
2006,A,ITD58,TOTFERR,FRG,TOTAL,2.93
2007,A,ITD58,TOTFERR,FRG,TOTAL,2.86
2008,A,ITD58,TOTFERR,FRG,TOTAL,2.71
2009,A,ITD58,TOTFERR,FRG,TOTAL,2.51
2010,A,ITD58,TOTFERR,FRG,TOTAL,2.39
2011,A,ITD58,TOTFERR,FRG,TOTAL,2.38
2012,A,ITD58,TOTFERR,FRG,TOTAL,2.32
2013,A,ITD58,TOTFERR,FRG,TOTAL,2.2
2014,A,ITD58,TOTFERR,FRG,TOTAL,2.03
2015,A,ITD58,TOTFERR,FRG,TOTAL,2.1
2016,A,ITD58,TOTFERR,FRG,TOTAL,2.15
2017,A,ITD58,TOTFERR,FRG,TOTAL,2.1
2018,A,ITD58,TOTFERR,FRG,TOTAL,2.25
2019,A,ITD58,TOTFERR,FRG,TOTAL,2.11
2020,A,ITD58,TOTFERR,FRG,TOTAL,2.0
2021,A,ITD58,TOTFERR,FRG,TOTAL,1.98
2022,A,ITD58,TOTFERR,FRG,TOTAL,2.18
2023,A,ITD58,TOTFERR,FRG,TOTAL,2.13
2024,A,ITD58,TOTFERR,FRG,TOTAL,1.99
2002,A,ITD58,TOTFERR,ITL,TOTAL,1.12
2003,A,ITD58,TOTFERR,ITL,TOTAL,1.14
2004,A,ITD58,TOTFERR,ITL,TOTAL,1.14
2005,A,ITD58,TOTFERR,ITL,TOTAL,1.16
2006,A,ITD58,TOTFERR,ITL,TOTAL,1.2
2007,A,ITD58,TOTFERR,ITL,TOTAL,1.18
2008,A,ITD58,TOTFERR,ITL,TOTAL,1.23
2009,A,ITD58,TOTFERR,ITL,TOTAL,1.25
2010,A,ITD58,TOTFERR,ITL,TOTAL,1.3
2011,A,ITD58,TOTFERR,ITL,TOTAL,1.28
2012,A,ITD58,TOTFERR,ITL,TOTAL,1.27
2013,A,ITD58,TOTFERR,ITL,TOTAL,1.28
2014,A,ITD58,TOTFERR,ITL,TOTAL,1.27
2015,A,ITD58,TOTFERR,ITL,TOTAL,1.24
2016,A,ITD58,TOTFERR,ITL,TOTAL,1.24
2017,A,ITD58,TOTFERR,ITL,TOTAL,1.19
2018,A,ITD58,TOTFERR,ITL,TOTAL,1.17
2019,A,ITD58,TOTFERR,ITL,TOTAL,1.08
2020,A,ITD58,TOTFERR,ITL,TOTAL,1.09
2021,A,ITD58,TOTFERR,ITL,TOTAL,1.11
2022,A,ITD58,TOTFERR,ITL,TOTAL,1.15
2023,A,ITD58,TOTFERR,ITL,TOTAL,1.1
2024,A,ITD58,TOTFERR,ITL,TOTAL,1.02
1999,A,ITD58,TOTFERR,TOTAL,TOTAL,1.02
2000,A,ITD58,TOTFERR,TOTAL,TOTAL,1.14
2001,A,ITD58,TOTFERR,TOTAL,TOTAL,1.15
2002,A,ITD58,TOTFERR,TOTAL,TOTAL,1.2
2003,A,ITD58,TOTFERR,TOTAL,TOTAL,1.23
2004,A,ITD58,TOTFERR,TOTAL,TOTAL,1.33
2005,A,ITD58,TOTFERR,TOTAL,TOTAL,1.31
2006,A,ITD58,TOTFERR,TOTAL,TOTAL,1.38
2007,A,ITD58,TOTFERR,TOTAL,TOTAL,1.4
2008,A,ITD58,TOTFERR,TOTAL,TOTAL,1.45
2009,A,ITD58,TOTFERR,TOTAL,TOTAL,1.47
2010,A,ITD58,TOTFERR,TOTAL,TOTAL,1.51
2011,A,ITD58,TOTFERR,TOTAL,TOTAL,1.49
2012,A,ITD58,TOTFERR,TOTAL,TOTAL,1.48
2013,A,ITD58,TOTFERR,TOTAL,TOTAL,1.47
2014,A,ITD58,TOTFERR,TOTAL,TOTAL,1.42
2015,A,ITD58,TOTFERR,TOTAL,TOTAL,1.4
2016,A,ITD58,TOTFERR,TOTAL,TOTAL,1.4
2017,A,ITD58,TOTFERR,TOTAL,TOTAL,1.35
2018,A,ITD58,TOTFERR,TOTAL,TOTAL,1.35
2019,A,ITD58,TOTFERR,TOTAL,TOTAL,1.25
2020,A,ITD58,TOTFERR,TOTAL,TOTAL,1.25
2021,A,ITD58,TOTFERR,TOTAL,TOTAL,1.26
2022,A,ITD58,TOTFERR,TOTAL,TOTAL,1.32
2023,A,ITD58,TOTFERR,TOTAL,TOTAL,1.27
2024,A,ITD58,TOTFERR,TOTAL,TOTAL,1.17
2002,A,ITD59,TOTFERR,FRG,TOTAL,2.48
2003,A,ITD59,TOTFERR,FRG,TOTAL,2.28
2004,A,ITD59,TOTFERR,FRG,TOTAL,2.49
2005,A,ITD59,TOTFERR,FRG,TOTAL,2.73
2006,A,ITD59,TOTFERR,FRG,TOTAL,2.66
2007,A,ITD59,TOTFERR,FRG,TOTAL,2.36
2008,A,ITD59,TOTFERR,FRG,TOTAL,2.59
2009,A,ITD59,TOTFERR,FRG,TOTAL,2.48
2010,A,ITD59,TOTFERR,FRG,TOTAL,2.49
2011,A,ITD59,TOTFERR,FRG,TOTAL,2.14
2012,A,ITD59,TOTFERR,FRG,TOTAL,2.08
2013,A,ITD59,TOTFERR,FRG,TOTAL,1.97
2014,A,ITD59,TOTFERR,FRG,TOTAL,1.94
2015,A,ITD59,TOTFERR,FRG,TOTAL,1.94
2016,A,ITD59,TOTFERR,FRG,TOTAL,2.03
2017,A,ITD59,TOTFERR,FRG,TOTAL,1.9
2018,A,ITD59,TOTFERR,FRG,TOTAL,1.84
2019,A,ITD59,TOTFERR,FRG,TOTAL,1.89
2020,A,ITD59,TOTFERR,FRG,TOTAL,1.71
2021,A,ITD59,TOTFERR,FRG,TOTAL,1.63
2022,A,ITD59,TOTFERR,FRG,TOTAL,1.67
2023,A,ITD59,TOTFERR,FRG,TOTAL,1.7
2024,A,ITD59,TOTFERR,FRG,TOTAL,1.48
2002,A,ITD59,TOTFERR,ITL,TOTAL,1.2
2003,A,ITD59,TOTFERR,ITL,TOTAL,1.19
2004,A,ITD59,TOTFERR,ITL,TOTAL,1.19
2005,A,ITD59,TOTFERR,ITL,TOTAL,1.23
2006,A,ITD59,TOTFERR,ITL,TOTAL,1.23
2007,A,ITD59,TOTFERR,ITL,TOTAL,1.32
2008,A,ITD59,TOTFERR,ITL,TOTAL,1.41
2009,A,ITD59,TOTFERR,ITL,TOTAL,1.29
2010,A,ITD59,TOTFERR,ITL,TOTAL,1.36
2011,A,ITD59,TOTFERR,ITL,TOTAL,1.29
2012,A,ITD59,TOTFERR,ITL,TOTAL,1.32
2013,A,ITD59,TOTFERR,ITL,TOTAL,1.31
2014,A,ITD59,TOTFERR,ITL,TOTAL,1.29
2015,A,ITD59,TOTFERR,ITL,TOTAL,1.31
2016,A,ITD59,TOTFERR,ITL,TOTAL,1.2
2017,A,ITD59,TOTFERR,ITL,TOTAL,1.18
2018,A,ITD59,TOTFERR,ITL,TOTAL,1.14
2019,A,ITD59,TOTFERR,ITL,TOTAL,1.1
2020,A,ITD59,TOTFERR,ITL,TOTAL,1.12
2021,A,ITD59,TOTFERR,ITL,TOTAL,1.06
2022,A,ITD59,TOTFERR,ITL,TOTAL,1.09
2023,A,ITD59,TOTFERR,ITL,TOTAL,1.03
2024,A,ITD59,TOTFERR,ITL,TOTAL,1.04
1999,A,ITD59,TOTFERR,TOTAL,TOTAL,1.15
2000,A,ITD59,TOTFERR,TOTAL,TOTAL,1.21
2001,A,ITD59,TOTFERR,TOTAL,TOTAL,1.23
2002,A,ITD59,TOTFERR,TOTAL,TOTAL,1.26
2003,A,ITD59,TOTFERR,TOTAL,TOTAL,1.25
2004,A,ITD59,TOTFERR,TOTAL,TOTAL,1.27
2005,A,ITD59,TOTFERR,TOTAL,TOTAL,1.35
2006,A,ITD59,TOTFERR,TOTAL,TOTAL,1.36
2007,A,ITD59,TOTFERR,TOTAL,TOTAL,1.43
2008,A,ITD59,TOTFERR,TOTAL,TOTAL,1.56
2009,A,ITD59,TOTFERR,TOTAL,TOTAL,1.46
2010,A,ITD59,TOTFERR,TOTAL,TOTAL,1.56
2011,A,ITD59,TOTFERR,TOTAL,TOTAL,1.44
2012,A,ITD59,TOTFERR,TOTAL,TOTAL,1.47
2013,A,ITD59,TOTFERR,TOTAL,TOTAL,1.44
2014,A,ITD59,TOTFERR,TOTAL,TOTAL,1.41
2015,A,ITD59,TOTFERR,TOTAL,TOTAL,1.42
2016,A,ITD59,TOTFERR,TOTAL,TOTAL,1.33
2017,A,ITD59,TOTFERR,TOTAL,TOTAL,1.3
2018,A,ITD59,TOTFERR,TOTAL,TOTAL,1.24
2019,A,ITD59,TOTFERR,TOTAL,TOTAL,1.21
2020,A,ITD59,TOTFERR,TOTAL,TOTAL,1.19
2021,A,ITD59,TOTFERR,TOTAL,TOTAL,1.13
2022,A,ITD59,TOTFERR,TOTAL,TOTAL,1.16
2023,A,ITD59,TOTFERR,TOTAL,TOTAL,1.12
2024,A,ITD59,TOTFERR,TOTAL,TOTAL,1.08
2002,A,ITDA,TOTFERR,FRG,TOTAL,2.98
2003,A,ITDA,TOTFERR,FRG,TOTAL,2.47
2004,A,ITDA,TOTFERR,FRG,TOTAL,3.17
2005,A,ITDA,TOTFERR,FRG,TOTAL,2.92
2006,A,ITDA,TOTFERR,FRG,TOTAL,2.76
2007,A,ITDA,TOTFERR,FRG,TOTAL,2.69
2008,A,ITDA,TOTFERR,FRG,TOTAL,2.56
2009,A,ITDA,TOTFERR,FRG,TOTAL,2.44
2010,A,ITDA,TOTFERR,FRG,TOTAL,2.41
2011,A,ITDA,TOTFERR,FRG,TOTAL,2.32
2012,A,ITDA,TOTFERR,FRG,TOTAL,2.41
2013,A,ITDA,TOTFERR,FRG,TOTAL,2.37
2014,A,ITDA,TOTFERR,FRG,TOTAL,2.32
2015,A,ITDA,TOTFERR,FRG,TOTAL,2.35
2016,A,ITDA,TOTFERR,FRG,TOTAL,2.43
2017,A,ITDA,TOTFERR,FRG,TOTAL,2.41
2018,A,ITDA,TOTFERR,FRG,TOTAL,2.38
2019,A,ITDA,TOTFERR,FRG,TOTAL,2.45
2020,A,ITDA,TOTFERR,FRG,TOTAL,2.27
2021,A,ITDA,TOTFERR,FRG,TOTAL,2.22
2022,A,ITDA,TOTFERR,FRG,TOTAL,2.33
2023,A,ITDA,TOTFERR,FRG,TOTAL,2.17
2024,A,ITDA,TOTFERR,FRG,TOTAL,2.11
2002,A,ITDA,TOTFERR,ITL,TOTAL,1.36
2003,A,ITDA,TOTFERR,ITL,TOTAL,1.4
2004,A,ITDA,TOTFERR,ITL,TOTAL,1.44
2005,A,ITDA,TOTFERR,ITL,TOTAL,1.43
2006,A,ITDA,TOTFERR,ITL,TOTAL,1.44
2007,A,ITDA,TOTFERR,ITL,TOTAL,1.45
2008,A,ITDA,TOTFERR,ITL,TOTAL,1.49
2009,A,ITDA,TOTFERR,ITL,TOTAL,1.46
2010,A,ITDA,TOTFERR,ITL,TOTAL,1.52
2011,A,ITDA,TOTFERR,ITL,TOTAL,1.51
2012,A,ITDA,TOTFERR,ITL,TOTAL,1.51
2013,A,ITDA,TOTFERR,ITL,TOTAL,1.51
2014,A,ITDA,TOTFERR,ITL,TOTAL,1.54
2015,A,ITDA,TOTFERR,ITL,TOTAL,1.53
2016,A,ITDA,TOTFERR,ITL,TOTAL,1.53
2017,A,ITDA,TOTFERR,ITL,TOTAL,1.51
2018,A,ITDA,TOTFERR,ITL,TOTAL,1.49
2019,A,ITDA,TOTFERR,ITL,TOTAL,1.45
2020,A,ITDA,TOTFERR,ITL,TOTAL,1.45
2021,A,ITDA,TOTFERR,ITL,TOTAL,1.49
2022,A,ITDA,TOTFERR,ITL,TOTAL,1.42
2023,A,ITDA,TOTFERR,ITL,TOTAL,1.35
2024,A,ITDA,TOTFERR,ITL,TOTAL,1.31
1999,A,ITDA,TOTFERR,TOTAL,TOTAL,1.45
2000,A,ITDA,TOTFERR,TOTAL,TOTAL,1.46
2001,A,ITDA,TOTFERR,TOTAL,TOTAL,1.46
2002,A,ITDA,TOTFERR,TOTAL,TOTAL,1.45
2003,A,ITDA,TOTFERR,TOTAL,TOTAL,1.46
2004,A,ITDA,TOTFERR,TOTAL,TOTAL,1.55
2005,A,ITDA,TOTFERR,TOTAL,TOTAL,1.55
2006,A,ITDA,TOTFERR,TOTAL,TOTAL,1.54
2007,A,ITDA,TOTFERR,TOTAL,TOTAL,1.57
2008,A,ITDA,TOTFERR,TOTAL,TOTAL,1.61
2009,A,ITDA,TOTFERR,TOTAL,TOTAL,1.58
2010,A,ITDA,TOTFERR,TOTAL,TOTAL,1.63
2011,A,ITDA,TOTFERR,TOTAL,TOTAL,1.61
2012,A,ITDA,TOTFERR,TOTAL,TOTAL,1.64
2013,A,ITDA,TOTFERR,TOTAL,TOTAL,1.63
2014,A,ITDA,TOTFERR,TOTAL,TOTAL,1.65
2015,A,ITDA,TOTFERR,TOTAL,TOTAL,1.64
2016,A,ITDA,TOTFERR,TOTAL,TOTAL,1.64
2017,A,ITDA,TOTFERR,TOTAL,TOTAL,1.62
2018,A,ITDA,TOTFERR,TOTAL,TOTAL,1.59
2019,A,ITDA,TOTFERR,TOTAL,TOTAL,1.57
2020,A,ITDA,TOTFERR,TOTAL,TOTAL,1.54
2021,A,ITDA,TOTFERR,TOTAL,TOTAL,1.57
2022,A,ITDA,TOTFERR,TOTAL,TOTAL,1.51
2023,A,ITDA,TOTFERR,TOTAL,TOTAL,1.43
2024,A,ITDA,TOTFERR,TOTAL,TOTAL,1.39
2002,A,ITE,TOTFERR,FRG,TOTAL,2.57
2003,A,ITE,TOTFERR,FRG,TOTAL,2.32
2004,A,ITE,TOTFERR,FRG,TOTAL,2.71
2005,A,ITE,TOTFERR,FRG,TOTAL,2.64
2006,A,ITE,TOTFERR,FRG,TOTAL,2.72
2007,A,ITE,TOTFERR,FRG,TOTAL,2.54
2008,A,ITE,TOTFERR,FRG,TOTAL,2.43
2009,A,ITE,TOTFERR,FRG,TOTAL,2.21
2010,A,ITE,TOTFERR,FRG,TOTAL,2.15
2011,A,ITE,TOTFERR,FRG,TOTAL,2.11
2012,A,ITE,TOTFERR,FRG,TOTAL,2.05
2013,A,ITE,TOTFERR,FRG,TOTAL,1.98
2014,A,ITE,TOTFERR,FRG,TOTAL,1.92
2015,A,ITE,TOTFERR,FRG,TOTAL,1.84
2016,A,ITE,TOTFERR,FRG,TOTAL,1.88
2017,A,ITE,TOTFERR,FRG,TOTAL,1.84
2018,A,ITE,TOTFERR,FRG,TOTAL,1.84
2019,A,ITE,TOTFERR,FRG,TOTAL,1.77
2020,A,ITE,TOTFERR,FRG,TOTAL,1.65
2021,A,ITE,TOTFERR,FRG,TOTAL,1.63
2022,A,ITE,TOTFERR,FRG,TOTAL,1.61
2023,A,ITE,TOTFERR,FRG,TOTAL,1.6
2024,A,ITE,TOTFERR,FRG,TOTAL,1.6
2002,A,ITE,TOTFERR,ITL,TOTAL,1.13
2003,A,ITE,TOTFERR,ITL,TOTAL,1.16
2004,A,ITE,TOTFERR,ITL,TOTAL,1.19
2005,A,ITE,TOTFERR,ITL,TOTAL,1.18
2006,A,ITE,TOTFERR,ITL,TOTAL,1.22
2007,A,ITE,TOTFERR,ITL,TOTAL,1.24
2008,A,ITE,TOTFERR,ITL,TOTAL,1.32
2009,A,ITE,TOTFERR,ITL,TOTAL,1.29
2010,A,ITE,TOTFERR,ITL,TOTAL,1.3
2011,A,ITE,TOTFERR,ITL,TOTAL,1.31
2012,A,ITE,TOTFERR,ITL,TOTAL,1.29
2013,A,ITE,TOTFERR,ITL,TOTAL,1.28
2014,A,ITE,TOTFERR,ITL,TOTAL,1.28
2015,A,ITE,TOTFERR,ITL,TOTAL,1.25
2016,A,ITE,TOTFERR,ITL,TOTAL,1.25
2017,A,ITE,TOTFERR,ITL,TOTAL,1.21
2018,A,ITE,TOTFERR,ITL,TOTAL,1.16
2019,A,ITE,TOTFERR,ITL,TOTAL,1.11
2020,A,ITE,TOTFERR,ITL,TOTAL,1.11
2021,A,ITE,TOTFERR,ITL,TOTAL,1.13
2022,A,ITE,TOTFERR,ITL,TOTAL,1.1
2023,A,ITE,TOTFERR,ITL,TOTAL,1.07
2024,A,ITE,TOTFERR,ITL,TOTAL,1.05
1999,A,ITE,TOTFERR,TOTAL,TOTAL,1.16
2000,A,ITE,TOTFERR,TOTAL,TOTAL,1.17
2001,A,ITE,TOTFERR,TOTAL,TOTAL,1.16
2002,A,ITE,TOTFERR,TOTAL,TOTAL,1.2
2003,A,ITE,TOTFERR,TOTAL,TOTAL,1.22
2004,A,ITE,TOTFERR,TOTAL,TOTAL,1.29
2005,A,ITE,TOTFERR,TOTAL,TOTAL,1.28
2006,A,ITE,TOTFERR,TOTAL,TOTAL,1.33
2007,A,ITE,TOTFERR,TOTAL,TOTAL,1.35
2008,A,ITE,TOTFERR,TOTAL,TOTAL,1.44
2009,A,ITE,TOTFERR,TOTAL,TOTAL,1.41
2010,A,ITE,TOTFERR,TOTAL,TOTAL,1.42
2011,A,ITE,TOTFERR,TOTAL,TOTAL,1.43
2012,A,ITE,TOTFERR,TOTAL,TOTAL,1.41
2013,A,ITE,TOTFERR,TOTAL,TOTAL,1.39
2014,A,ITE,TOTFERR,TOTAL,TOTAL,1.38
2015,A,ITE,TOTFERR,TOTAL,TOTAL,1.34
2016,A,ITE,TOTFERR,TOTAL,TOTAL,1.34
2017,A,ITE,TOTFERR,TOTAL,TOTAL,1.29
2018,A,ITE,TOTFERR,TOTAL,TOTAL,1.25
2019,A,ITE,TOTFERR,TOTAL,TOTAL,1.19
2020,A,ITE,TOTFERR,TOTAL,TOTAL,1.17
2021,A,ITE,TOTFERR,TOTAL,TOTAL,1.19
2022,A,ITE,TOTFERR,TOTAL,TOTAL,1.15
2023,A,ITE,TOTFERR,TOTAL,TOTAL,1.12
2024,A,ITE,TOTFERR,TOTAL,TOTAL,1.11
2002,A,ITE1,TOTFERR,FRG,TOTAL,2.89
2003,A,ITE1,TOTFERR,FRG,TOTAL,2.19
2004,A,ITE1,TOTFERR,FRG,TOTAL,2.84
2005,A,ITE1,TOTFERR,FRG,TOTAL,2.54
2006,A,ITE1,TOTFERR,FRG,TOTAL,2.59
2007,A,ITE1,TOTFERR,FRG,TOTAL,2.49
2008,A,ITE1,TOTFERR,FRG,TOTAL,2.35
2009,A,ITE1,TOTFERR,FRG,TOTAL,2.18
2010,A,ITE1,TOTFERR,FRG,TOTAL,2.13
2011,A,ITE1,TOTFERR,FRG,TOTAL,2.04
2012,A,ITE1,TOTFERR,FRG,TOTAL,2.04
2013,A,ITE1,TOTFERR,FRG,TOTAL,1.95
2014,A,ITE1,TOTFERR,FRG,TOTAL,2.0
2015,A,ITE1,TOTFERR,FRG,TOTAL,1.88
2016,A,ITE1,TOTFERR,FRG,TOTAL,1.98
2017,A,ITE1,TOTFERR,FRG,TOTAL,1.94
2018,A,ITE1,TOTFERR,FRG,TOTAL,1.97
2019,A,ITE1,TOTFERR,FRG,TOTAL,1.87
2020,A,ITE1,TOTFERR,FRG,TOTAL,1.69
2021,A,ITE1,TOTFERR,FRG,TOTAL,1.71
2022,A,ITE1,TOTFERR,FRG,TOTAL,1.66
2023,A,ITE1,TOTFERR,FRG,TOTAL,1.68
2024,A,ITE1,TOTFERR,FRG,TOTAL,1.67
2002,A,ITE1,TOTFERR,ITL,TOTAL,1.08
2003,A,ITE1,TOTFERR,ITL,TOTAL,1.09
2004,A,ITE1,TOTFERR,ITL,TOTAL,1.14
2005,A,ITE1,TOTFERR,ITL,TOTAL,1.15
2006,A,ITE1,TOTFERR,ITL,TOTAL,1.16
2007,A,ITE1,TOTFERR,ITL,TOTAL,1.19
2008,A,ITE1,TOTFERR,ITL,TOTAL,1.26
2009,A,ITE1,TOTFERR,ITL,TOTAL,1.22
2010,A,ITE1,TOTFERR,ITL,TOTAL,1.25
2011,A,ITE1,TOTFERR,ITL,TOTAL,1.24
2012,A,ITE1,TOTFERR,ITL,TOTAL,1.24
2013,A,ITE1,TOTFERR,ITL,TOTAL,1.21
2014,A,ITE1,TOTFERR,ITL,TOTAL,1.22
2015,A,ITE1,TOTFERR,ITL,TOTAL,1.19
2016,A,ITE1,TOTFERR,ITL,TOTAL,1.18
2017,A,ITE1,TOTFERR,ITL,TOTAL,1.17
2018,A,ITE1,TOTFERR,ITL,TOTAL,1.13
2019,A,ITE1,TOTFERR,ITL,TOTAL,1.09
2020,A,ITE1,TOTFERR,ITL,TOTAL,1.07
2021,A,ITE1,TOTFERR,ITL,TOTAL,1.11
2022,A,ITE1,TOTFERR,ITL,TOTAL,1.09
2023,A,ITE1,TOTFERR,ITL,TOTAL,1.04
2024,A,ITE1,TOTFERR,ITL,TOTAL,1.04
1999,A,ITE1,TOTFERR,TOTAL,TOTAL,1.06
2000,A,ITE1,TOTFERR,TOTAL,TOTAL,1.12
2001,A,ITE1,TOTFERR,TOTAL,TOTAL,1.13
2002,A,ITE1,TOTFERR,TOTAL,TOTAL,1.18
2003,A,ITE1,TOTFERR,TOTAL,TOTAL,1.16
2004,A,ITE1,TOTFERR,TOTAL,TOTAL,1.28
2005,A,ITE1,TOTFERR,TOTAL,TOTAL,1.28
2006,A,ITE1,TOTFERR,TOTAL,TOTAL,1.3
2007,A,ITE1,TOTFERR,TOTAL,TOTAL,1.34
2008,A,ITE1,TOTFERR,TOTAL,TOTAL,1.41
2009,A,ITE1,TOTFERR,TOTAL,TOTAL,1.37
2010,A,ITE1,TOTFERR,TOTAL,TOTAL,1.4
2011,A,ITE1,TOTFERR,TOTAL,TOTAL,1.38
2012,A,ITE1,TOTFERR,TOTAL,TOTAL,1.39
2013,A,ITE1,TOTFERR,TOTAL,TOTAL,1.34
2014,A,ITE1,TOTFERR,TOTAL,TOTAL,1.36
2015,A,ITE1,TOTFERR,TOTAL,TOTAL,1.31
2016,A,ITE1,TOTFERR,TOTAL,TOTAL,1.31
2017,A,ITE1,TOTFERR,TOTAL,TOTAL,1.29
2018,A,ITE1,TOTFERR,TOTAL,TOTAL,1.26
2019,A,ITE1,TOTFERR,TOTAL,TOTAL,1.21
2020,A,ITE1,TOTFERR,TOTAL,TOTAL,1.16
2021,A,ITE1,TOTFERR,TOTAL,TOTAL,1.2
2022,A,ITE1,TOTFERR,TOTAL,TOTAL,1.16
2023,A,ITE1,TOTFERR,TOTAL,TOTAL,1.12
2024,A,ITE1,TOTFERR,TOTAL,TOTAL,1.12
2002,A,ITE11,TOTFERR,FRG,TOTAL,2.97
2003,A,ITE11,TOTFERR,FRG,TOTAL,1.95
2004,A,ITE11,TOTFERR,FRG,TOTAL,2.24
2005,A,ITE11,TOTFERR,FRG,TOTAL,2.01
2006,A,ITE11,TOTFERR,FRG,TOTAL,2.42
2007,A,ITE11,TOTFERR,FRG,TOTAL,2.03
2008,A,ITE11,TOTFERR,FRG,TOTAL,2.16
2009,A,ITE11,TOTFERR,FRG,TOTAL,1.75
2010,A,ITE11,TOTFERR,FRG,TOTAL,1.73
2011,A,ITE11,TOTFERR,FRG,TOTAL,1.78
2012,A,ITE11,TOTFERR,FRG,TOTAL,1.59
2013,A,ITE11,TOTFERR,FRG,TOTAL,1.92
2014,A,ITE11,TOTFERR,FRG,TOTAL,2.2
2015,A,ITE11,TOTFERR,FRG,TOTAL,1.83
2016,A,ITE11,TOTFERR,FRG,TOTAL,1.9
2017,A,ITE11,TOTFERR,FRG,TOTAL,1.99
2018,A,ITE11,TOTFERR,FRG,TOTAL,1.92
2019,A,ITE11,TOTFERR,FRG,TOTAL,1.86
2020,A,ITE11,TOTFERR,FRG,TOTAL,1.57
2021,A,ITE11,TOTFERR,FRG,TOTAL,1.68
2022,A,ITE11,TOTFERR,FRG,TOTAL,1.73
2023,A,ITE11,TOTFERR,FRG,TOTAL,1.6
2024,A,ITE11,TOTFERR,FRG,TOTAL,1.66
2002,A,ITE11,TOTFERR,ITL,TOTAL,1.05
2003,A,ITE11,TOTFERR,ITL,TOTAL,1.02
2004,A,ITE11,TOTFERR,ITL,TOTAL,1.08
2005,A,ITE11,TOTFERR,ITL,TOTAL,1.12
2006,A,ITE11,TOTFERR,ITL,TOTAL,1.15
2007,A,ITE11,TOTFERR,ITL,TOTAL,1.2
2008,A,ITE11,TOTFERR,ITL,TOTAL,1.28
2009,A,ITE11,TOTFERR,ITL,TOTAL,1.15
2010,A,ITE11,TOTFERR,ITL,TOTAL,1.2
2011,A,ITE11,TOTFERR,ITL,TOTAL,1.23
2012,A,ITE11,TOTFERR,ITL,TOTAL,1.27
2013,A,ITE11,TOTFERR,ITL,TOTAL,1.1
2014,A,ITE11,TOTFERR,ITL,TOTAL,1.12
2015,A,ITE11,TOTFERR,ITL,TOTAL,1.08
2016,A,ITE11,TOTFERR,ITL,TOTAL,1.07
2017,A,ITE11,TOTFERR,ITL,TOTAL,1.15
2018,A,ITE11,TOTFERR,ITL,TOTAL,1.04
2019,A,ITE11,TOTFERR,ITL,TOTAL,0.92
2020,A,ITE11,TOTFERR,ITL,TOTAL,0.97
2021,A,ITE11,TOTFERR,ITL,TOTAL,1.02
2022,A,ITE11,TOTFERR,ITL,TOTAL,1.04
2023,A,ITE11,TOTFERR,ITL,TOTAL,0.97
2024,A,ITE11,TOTFERR,ITL,TOTAL,1.02
1999,A,ITE11,TOTFERR,TOTAL,TOTAL,0.96
2000,A,ITE11,TOTFERR,TOTAL,TOTAL,1.01
2001,A,ITE11,TOTFERR,TOTAL,TOTAL,1.03
2002,A,ITE11,TOTFERR,TOTAL,TOTAL,1.12
2003,A,ITE11,TOTFERR,TOTAL,TOTAL,1.06
2004,A,ITE11,TOTFERR,TOTAL,TOTAL,1.13
2005,A,ITE11,TOTFERR,TOTAL,TOTAL,1.17
2006,A,ITE11,TOTFERR,TOTAL,TOTAL,1.22
2007,A,ITE11,TOTFERR,TOTAL,TOTAL,1.26
2008,A,ITE11,TOTFERR,TOTAL,TOTAL,1.36
2009,A,ITE11,TOTFERR,TOTAL,TOTAL,1.21
2010,A,ITE11,TOTFERR,TOTAL,TOTAL,1.26
2011,A,ITE11,TOTFERR,TOTAL,TOTAL,1.3
2012,A,ITE11,TOTFERR,TOTAL,TOTAL,1.31
2013,A,ITE11,TOTFERR,TOTAL,TOTAL,1.2
2014,A,ITE11,TOTFERR,TOTAL,TOTAL,1.24
2015,A,ITE11,TOTFERR,TOTAL,TOTAL,1.16
2016,A,ITE11,TOTFERR,TOTAL,TOTAL,1.16
2017,A,ITE11,TOTFERR,TOTAL,TOTAL,1.23
2018,A,ITE11,TOTFERR,TOTAL,TOTAL,1.14
2019,A,ITE11,TOTFERR,TOTAL,TOTAL,1.02
2020,A,ITE11,TOTFERR,TOTAL,TOTAL,1.03
2021,A,ITE11,TOTFERR,TOTAL,TOTAL,1.09
2022,A,ITE11,TOTFERR,TOTAL,TOTAL,1.1
2023,A,ITE11,TOTFERR,TOTAL,TOTAL,1.03
2024,A,ITE11,TOTFERR,TOTAL,TOTAL,1.08
2002,A,ITE12,TOTFERR,FRG,TOTAL,2.9
2003,A,ITE12,TOTFERR,FRG,TOTAL,2.43
2004,A,ITE12,TOTFERR,FRG,TOTAL,3.38
2005,A,ITE12,TOTFERR,FRG,TOTAL,2.55
2006,A,ITE12,TOTFERR,FRG,TOTAL,2.88
2007,A,ITE12,TOTFERR,FRG,TOTAL,2.26
2008,A,ITE12,TOTFERR,FRG,TOTAL,2.67
2009,A,ITE12,TOTFERR,FRG,TOTAL,2.09
2010,A,ITE12,TOTFERR,FRG,TOTAL,2.08
2011,A,ITE12,TOTFERR,FRG,TOTAL,1.93
2012,A,ITE12,TOTFERR,FRG,TOTAL,2.21
2013,A,ITE12,TOTFERR,FRG,TOTAL,1.88
2014,A,ITE12,TOTFERR,FRG,TOTAL,2.07
2015,A,ITE12,TOTFERR,FRG,TOTAL,1.99
2016,A,ITE12,TOTFERR,FRG,TOTAL,2.18
2017,A,ITE12,TOTFERR,FRG,TOTAL,2.04
2018,A,ITE12,TOTFERR,FRG,TOTAL,2.07
2019,A,ITE12,TOTFERR,FRG,TOTAL,1.99
2020,A,ITE12,TOTFERR,FRG,TOTAL,1.82
2021,A,ITE12,TOTFERR,FRG,TOTAL,1.81
2022,A,ITE12,TOTFERR,FRG,TOTAL,1.72
2023,A,ITE12,TOTFERR,FRG,TOTAL,1.81
2024,A,ITE12,TOTFERR,FRG,TOTAL,1.7
2002,A,ITE12,TOTFERR,ITL,TOTAL,1.06
2003,A,ITE12,TOTFERR,ITL,TOTAL,1.07
2004,A,ITE12,TOTFERR,ITL,TOTAL,1.09
2005,A,ITE12,TOTFERR,ITL,TOTAL,1.13
2006,A,ITE12,TOTFERR,ITL,TOTAL,1.16
2007,A,ITE12,TOTFERR,ITL,TOTAL,1.22
2008,A,ITE12,TOTFERR,ITL,TOTAL,1.26
2009,A,ITE12,TOTFERR,ITL,TOTAL,1.18
2010,A,ITE12,TOTFERR,ITL,TOTAL,1.23
2011,A,ITE12,TOTFERR,ITL,TOTAL,1.21
2012,A,ITE12,TOTFERR,ITL,TOTAL,1.26
2013,A,ITE12,TOTFERR,ITL,TOTAL,1.22
2014,A,ITE12,TOTFERR,ITL,TOTAL,1.2
2015,A,ITE12,TOTFERR,ITL,TOTAL,1.16
2016,A,ITE12,TOTFERR,ITL,TOTAL,1.17
2017,A,ITE12,TOTFERR,ITL,TOTAL,1.16
2018,A,ITE12,TOTFERR,ITL,TOTAL,1.12
2019,A,ITE12,TOTFERR,ITL,TOTAL,1.12
2020,A,ITE12,TOTFERR,ITL,TOTAL,1.04
2021,A,ITE12,TOTFERR,ITL,TOTAL,1.11
2022,A,ITE12,TOTFERR,ITL,TOTAL,1.03
2023,A,ITE12,TOTFERR,ITL,TOTAL,1.0
2024,A,ITE12,TOTFERR,ITL,TOTAL,1.02
1999,A,ITE12,TOTFERR,TOTAL,TOTAL,1.03
2000,A,ITE12,TOTFERR,TOTAL,TOTAL,1.06
2001,A,ITE12,TOTFERR,TOTAL,TOTAL,1.12
2002,A,ITE12,TOTFERR,TOTAL,TOTAL,1.13
2003,A,ITE12,TOTFERR,TOTAL,TOTAL,1.12
2004,A,ITE12,TOTFERR,TOTAL,TOTAL,1.19
2005,A,ITE12,TOTFERR,TOTAL,TOTAL,1.21
2006,A,ITE12,TOTFERR,TOTAL,TOTAL,1.27
2007,A,ITE12,TOTFERR,TOTAL,TOTAL,1.3
2008,A,ITE12,TOTFERR,TOTAL,TOTAL,1.4
2009,A,ITE12,TOTFERR,TOTAL,TOTAL,1.28
2010,A,ITE12,TOTFERR,TOTAL,TOTAL,1.33
2011,A,ITE12,TOTFERR,TOTAL,TOTAL,1.31
2012,A,ITE12,TOTFERR,TOTAL,TOTAL,1.38
2013,A,ITE12,TOTFERR,TOTAL,TOTAL,1.3
2014,A,ITE12,TOTFERR,TOTAL,TOTAL,1.3
2015,A,ITE12,TOTFERR,TOTAL,TOTAL,1.26
2016,A,ITE12,TOTFERR,TOTAL,TOTAL,1.28
2017,A,ITE12,TOTFERR,TOTAL,TOTAL,1.26
2018,A,ITE12,TOTFERR,TOTAL,TOTAL,1.23
2019,A,ITE12,TOTFERR,TOTAL,TOTAL,1.21
2020,A,ITE12,TOTFERR,TOTAL,TOTAL,1.12
2021,A,ITE12,TOTFERR,TOTAL,TOTAL,1.18
2022,A,ITE12,TOTFERR,TOTAL,TOTAL,1.09
2023,A,ITE12,TOTFERR,TOTAL,TOTAL,1.08
2024,A,ITE12,TOTFERR,TOTAL,TOTAL,1.08
2002,A,ITE13,TOTFERR,FRG,TOTAL,2.92
2003,A,ITE13,TOTFERR,FRG,TOTAL,2.08
2004,A,ITE13,TOTFERR,FRG,TOTAL,2.48
2005,A,ITE13,TOTFERR,FRG,TOTAL,2.43
2006,A,ITE13,TOTFERR,FRG,TOTAL,2.5
2007,A,ITE13,TOTFERR,FRG,TOTAL,2.3
2008,A,ITE13,TOTFERR,FRG,TOTAL,2.17
2009,A,ITE13,TOTFERR,FRG,TOTAL,1.96
2010,A,ITE13,TOTFERR,FRG,TOTAL,1.95
2011,A,ITE13,TOTFERR,FRG,TOTAL,2.03
2012,A,ITE13,TOTFERR,FRG,TOTAL,1.94
2013,A,ITE13,TOTFERR,FRG,TOTAL,1.87
2014,A,ITE13,TOTFERR,FRG,TOTAL,1.9
2015,A,ITE13,TOTFERR,FRG,TOTAL,2.05
2016,A,ITE13,TOTFERR,FRG,TOTAL,2.03
2017,A,ITE13,TOTFERR,FRG,TOTAL,2.1
2018,A,ITE13,TOTFERR,FRG,TOTAL,2.35
2019,A,ITE13,TOTFERR,FRG,TOTAL,1.84
2020,A,ITE13,TOTFERR,FRG,TOTAL,1.81
2021,A,ITE13,TOTFERR,FRG,TOTAL,1.92
2022,A,ITE13,TOTFERR,FRG,TOTAL,1.82
2023,A,ITE13,TOTFERR,FRG,TOTAL,1.76
2024,A,ITE13,TOTFERR,FRG,TOTAL,1.8
2002,A,ITE13,TOTFERR,ITL,TOTAL,1.07
2003,A,ITE13,TOTFERR,ITL,TOTAL,1.06
2004,A,ITE13,TOTFERR,ITL,TOTAL,1.14
2005,A,ITE13,TOTFERR,ITL,TOTAL,1.16
2006,A,ITE13,TOTFERR,ITL,TOTAL,1.16
2007,A,ITE13,TOTFERR,ITL,TOTAL,1.16
2008,A,ITE13,TOTFERR,ITL,TOTAL,1.27
2009,A,ITE13,TOTFERR,ITL,TOTAL,1.2
2010,A,ITE13,TOTFERR,ITL,TOTAL,1.19
2011,A,ITE13,TOTFERR,ITL,TOTAL,1.25
2012,A,ITE13,TOTFERR,ITL,TOTAL,1.21
2013,A,ITE13,TOTFERR,ITL,TOTAL,1.15
2014,A,ITE13,TOTFERR,ITL,TOTAL,1.22
2015,A,ITE13,TOTFERR,ITL,TOTAL,1.21
2016,A,ITE13,TOTFERR,ITL,TOTAL,1.11
2017,A,ITE13,TOTFERR,ITL,TOTAL,1.15
2018,A,ITE13,TOTFERR,ITL,TOTAL,1.14
2019,A,ITE13,TOTFERR,ITL,TOTAL,1.09
2020,A,ITE13,TOTFERR,ITL,TOTAL,1.05
2021,A,ITE13,TOTFERR,ITL,TOTAL,1.08
2022,A,ITE13,TOTFERR,ITL,TOTAL,1.07
2023,A,ITE13,TOTFERR,ITL,TOTAL,1.07
2024,A,ITE13,TOTFERR,ITL,TOTAL,0.98
1999,A,ITE13,TOTFERR,TOTAL,TOTAL,1.05
2000,A,ITE13,TOTFERR,TOTAL,TOTAL,1.14
2001,A,ITE13,TOTFERR,TOTAL,TOTAL,1.13
2002,A,ITE13,TOTFERR,TOTAL,TOTAL,1.19
2003,A,ITE13,TOTFERR,TOTAL,TOTAL,1.14
2004,A,ITE13,TOTFERR,TOTAL,TOTAL,1.26
2005,A,ITE13,TOTFERR,TOTAL,TOTAL,1.28
2006,A,ITE13,TOTFERR,TOTAL,TOTAL,1.31
2007,A,ITE13,TOTFERR,TOTAL,TOTAL,1.31
2008,A,ITE13,TOTFERR,TOTAL,TOTAL,1.42
2009,A,ITE13,TOTFERR,TOTAL,TOTAL,1.34
2010,A,ITE13,TOTFERR,TOTAL,TOTAL,1.34
2011,A,ITE13,TOTFERR,TOTAL,TOTAL,1.41
2012,A,ITE13,TOTFERR,TOTAL,TOTAL,1.35
2013,A,ITE13,TOTFERR,TOTAL,TOTAL,1.28
2014,A,ITE13,TOTFERR,TOTAL,TOTAL,1.35
2015,A,ITE13,TOTFERR,TOTAL,TOTAL,1.34
2016,A,ITE13,TOTFERR,TOTAL,TOTAL,1.27
2017,A,ITE13,TOTFERR,TOTAL,TOTAL,1.3
2018,A,ITE13,TOTFERR,TOTAL,TOTAL,1.32
2019,A,ITE13,TOTFERR,TOTAL,TOTAL,1.19
2020,A,ITE13,TOTFERR,TOTAL,TOTAL,1.15
2021,A,ITE13,TOTFERR,TOTAL,TOTAL,1.19
2022,A,ITE13,TOTFERR,TOTAL,TOTAL,1.16
2023,A,ITE13,TOTFERR,TOTAL,TOTAL,1.14
2024,A,ITE13,TOTFERR,TOTAL,TOTAL,1.09
2002,A,ITE14,TOTFERR,FRG,TOTAL,3.18
2003,A,ITE14,TOTFERR,FRG,TOTAL,2.23
2004,A,ITE14,TOTFERR,FRG,TOTAL,3.11
2005,A,ITE14,TOTFERR,FRG,TOTAL,2.65
2006,A,ITE14,TOTFERR,FRG,TOTAL,2.56
2007,A,ITE14,TOTFERR,FRG,TOTAL,2.57
2008,A,ITE14,TOTFERR,FRG,TOTAL,2.44
2009,A,ITE14,TOTFERR,FRG,TOTAL,2.25
2010,A,ITE14,TOTFERR,FRG,TOTAL,2.19
2011,A,ITE14,TOTFERR,FRG,TOTAL,1.98
2012,A,ITE14,TOTFERR,FRG,TOTAL,2.04
2013,A,ITE14,TOTFERR,FRG,TOTAL,1.94
2014,A,ITE14,TOTFERR,FRG,TOTAL,1.89
2015,A,ITE14,TOTFERR,FRG,TOTAL,1.79
2016,A,ITE14,TOTFERR,FRG,TOTAL,1.83
2017,A,ITE14,TOTFERR,FRG,TOTAL,1.77
2018,A,ITE14,TOTFERR,FRG,TOTAL,1.86
2019,A,ITE14,TOTFERR,FRG,TOTAL,1.74
2020,A,ITE14,TOTFERR,FRG,TOTAL,1.55
2021,A,ITE14,TOTFERR,FRG,TOTAL,1.48
2022,A,ITE14,TOTFERR,FRG,TOTAL,1.54
2023,A,ITE14,TOTFERR,FRG,TOTAL,1.54
2024,A,ITE14,TOTFERR,FRG,TOTAL,1.56
2002,A,ITE14,TOTFERR,ITL,TOTAL,1.11
2003,A,ITE14,TOTFERR,ITL,TOTAL,1.11
2004,A,ITE14,TOTFERR,ITL,TOTAL,1.18
2005,A,ITE14,TOTFERR,ITL,TOTAL,1.17
2006,A,ITE14,TOTFERR,ITL,TOTAL,1.14
2007,A,ITE14,TOTFERR,ITL,TOTAL,1.16
2008,A,ITE14,TOTFERR,ITL,TOTAL,1.3
2009,A,ITE14,TOTFERR,ITL,TOTAL,1.24
2010,A,ITE14,TOTFERR,ITL,TOTAL,1.3
2011,A,ITE14,TOTFERR,ITL,TOTAL,1.25
2012,A,ITE14,TOTFERR,ITL,TOTAL,1.26
2013,A,ITE14,TOTFERR,ITL,TOTAL,1.26
2014,A,ITE14,TOTFERR,ITL,TOTAL,1.26
2015,A,ITE14,TOTFERR,ITL,TOTAL,1.18
2016,A,ITE14,TOTFERR,ITL,TOTAL,1.24
2017,A,ITE14,TOTFERR,ITL,TOTAL,1.19
2018,A,ITE14,TOTFERR,ITL,TOTAL,1.17
2019,A,ITE14,TOTFERR,ITL,TOTAL,1.13
2020,A,ITE14,TOTFERR,ITL,TOTAL,1.11
2021,A,ITE14,TOTFERR,ITL,TOTAL,1.16
2022,A,ITE14,TOTFERR,ITL,TOTAL,1.15
2023,A,ITE14,TOTFERR,ITL,TOTAL,1.06
2024,A,ITE14,TOTFERR,ITL,TOTAL,1.06
1999,A,ITE14,TOTFERR,TOTAL,TOTAL,1.11
2000,A,ITE14,TOTFERR,TOTAL,TOTAL,1.2
2001,A,ITE14,TOTFERR,TOTAL,TOTAL,1.19
2002,A,ITE14,TOTFERR,TOTAL,TOTAL,1.26
2003,A,ITE14,TOTFERR,TOTAL,TOTAL,1.21
2004,A,ITE14,TOTFERR,TOTAL,TOTAL,1.38
2005,A,ITE14,TOTFERR,TOTAL,TOTAL,1.34
2006,A,ITE14,TOTFERR,TOTAL,TOTAL,1.31
2007,A,ITE14,TOTFERR,TOTAL,TOTAL,1.35
2008,A,ITE14,TOTFERR,TOTAL,TOTAL,1.48
2009,A,ITE14,TOTFERR,TOTAL,TOTAL,1.42
2010,A,ITE14,TOTFERR,TOTAL,TOTAL,1.47
2011,A,ITE14,TOTFERR,TOTAL,TOTAL,1.4
2012,A,ITE14,TOTFERR,TOTAL,TOTAL,1.43
2013,A,ITE14,TOTFERR,TOTAL,TOTAL,1.4
2014,A,ITE14,TOTFERR,TOTAL,TOTAL,1.39
2015,A,ITE14,TOTFERR,TOTAL,TOTAL,1.3
2016,A,ITE14,TOTFERR,TOTAL,TOTAL,1.34
2017,A,ITE14,TOTFERR,TOTAL,TOTAL,1.29
2018,A,ITE14,TOTFERR,TOTAL,TOTAL,1.29
2019,A,ITE14,TOTFERR,TOTAL,TOTAL,1.22
2020,A,ITE14,TOTFERR,TOTAL,TOTAL,1.18
2021,A,ITE14,TOTFERR,TOTAL,TOTAL,1.2
2022,A,ITE14,TOTFERR,TOTAL,TOTAL,1.19
2023,A,ITE14,TOTFERR,TOTAL,TOTAL,1.12
2024,A,ITE14,TOTFERR,TOTAL,TOTAL,1.13
2002,A,ITE15,TOTFERR,FRG,TOTAL,3.66
2003,A,ITE15,TOTFERR,FRG,TOTAL,2.27
2004,A,ITE15,TOTFERR,FRG,TOTAL,3.66
2005,A,ITE15,TOTFERR,FRG,TOTAL,3.08
2006,A,ITE15,TOTFERR,FRG,TOTAL,3.13
2007,A,ITE15,TOTFERR,FRG,TOTAL,3.06
2008,A,ITE15,TOTFERR,FRG,TOTAL,2.87
2009,A,ITE15,TOTFERR,FRG,TOTAL,2.47
2010,A,ITE15,TOTFERR,FRG,TOTAL,2.65
2011,A,ITE15,TOTFERR,FRG,TOTAL,2.53
2012,A,ITE15,TOTFERR,FRG,TOTAL,2.51
2013,A,ITE15,TOTFERR,FRG,TOTAL,2.38
2014,A,ITE15,TOTFERR,FRG,TOTAL,2.38
2015,A,ITE15,TOTFERR,FRG,TOTAL,2.07
2016,A,ITE15,TOTFERR,FRG,TOTAL,2.33
2017,A,ITE15,TOTFERR,FRG,TOTAL,2.19
2018,A,ITE15,TOTFERR,FRG,TOTAL,1.9
2019,A,ITE15,TOTFERR,FRG,TOTAL,1.86
2020,A,ITE15,TOTFERR,FRG,TOTAL,1.49
2021,A,ITE15,TOTFERR,FRG,TOTAL,1.45
2022,A,ITE15,TOTFERR,FRG,TOTAL,1.36
2023,A,ITE15,TOTFERR,FRG,TOTAL,1.34
2024,A,ITE15,TOTFERR,FRG,TOTAL,1.32
2002,A,ITE15,TOTFERR,ITL,TOTAL,1.11
2003,A,ITE15,TOTFERR,ITL,TOTAL,1.17
2004,A,ITE15,TOTFERR,ITL,TOTAL,1.16
2005,A,ITE15,TOTFERR,ITL,TOTAL,1.19
2006,A,ITE15,TOTFERR,ITL,TOTAL,1.22
2007,A,ITE15,TOTFERR,ITL,TOTAL,1.16
2008,A,ITE15,TOTFERR,ITL,TOTAL,1.22
2009,A,ITE15,TOTFERR,ITL,TOTAL,1.18
2010,A,ITE15,TOTFERR,ITL,TOTAL,1.22
2011,A,ITE15,TOTFERR,ITL,TOTAL,1.16
2012,A,ITE15,TOTFERR,ITL,TOTAL,1.17
2013,A,ITE15,TOTFERR,ITL,TOTAL,1.17
2014,A,ITE15,TOTFERR,ITL,TOTAL,1.12
2015,A,ITE15,TOTFERR,ITL,TOTAL,1.2
2016,A,ITE15,TOTFERR,ITL,TOTAL,1.14
2017,A,ITE15,TOTFERR,ITL,TOTAL,1.21
2018,A,ITE15,TOTFERR,ITL,TOTAL,1.1
2019,A,ITE15,TOTFERR,ITL,TOTAL,1.03
2020,A,ITE15,TOTFERR,ITL,TOTAL,1.09
2021,A,ITE15,TOTFERR,ITL,TOTAL,1.05
2022,A,ITE15,TOTFERR,ITL,TOTAL,1.02
2023,A,ITE15,TOTFERR,ITL,TOTAL,1.06
2024,A,ITE15,TOTFERR,ITL,TOTAL,0.97
1999,A,ITE15,TOTFERR,TOTAL,TOTAL,1.19
2000,A,ITE15,TOTFERR,TOTAL,TOTAL,1.26
2001,A,ITE15,TOTFERR,TOTAL,TOTAL,1.25
2002,A,ITE15,TOTFERR,TOTAL,TOTAL,1.33
2003,A,ITE15,TOTFERR,TOTAL,TOTAL,1.28
2004,A,ITE15,TOTFERR,TOTAL,TOTAL,1.49
2005,A,ITE15,TOTFERR,TOTAL,TOTAL,1.49
2006,A,ITE15,TOTFERR,TOTAL,TOTAL,1.56
2007,A,ITE15,TOTFERR,TOTAL,TOTAL,1.54
2008,A,ITE15,TOTFERR,TOTAL,TOTAL,1.57
2009,A,ITE15,TOTFERR,TOTAL,TOTAL,1.48
2010,A,ITE15,TOTFERR,TOTAL,TOTAL,1.57
2011,A,ITE15,TOTFERR,TOTAL,TOTAL,1.51
2012,A,ITE15,TOTFERR,TOTAL,TOTAL,1.53
2013,A,ITE15,TOTFERR,TOTAL,TOTAL,1.49
2014,A,ITE15,TOTFERR,TOTAL,TOTAL,1.45
2015,A,ITE15,TOTFERR,TOTAL,TOTAL,1.42
2016,A,ITE15,TOTFERR,TOTAL,TOTAL,1.44
2017,A,ITE15,TOTFERR,TOTAL,TOTAL,1.45
2018,A,ITE15,TOTFERR,TOTAL,TOTAL,1.27
2019,A,ITE15,TOTFERR,TOTAL,TOTAL,1.22
2020,A,ITE15,TOTFERR,TOTAL,TOTAL,1.16
2021,A,ITE15,TOTFERR,TOTAL,TOTAL,1.1
2022,A,ITE15,TOTFERR,TOTAL,TOTAL,1.06
2023,A,ITE15,TOTFERR,TOTAL,TOTAL,1.08
2024,A,ITE15,TOTFERR,TOTAL,TOTAL,1.02
2002,A,ITE16,TOTFERR,FRG,TOTAL,2.14
2003,A,ITE16,TOTFERR,FRG,TOTAL,2.08
2004,A,ITE16,TOTFERR,FRG,TOTAL,2.12
2005,A,ITE16,TOTFERR,FRG,TOTAL,2.16
2006,A,ITE16,TOTFERR,FRG,TOTAL,2.3
2007,A,ITE16,TOTFERR,FRG,TOTAL,2.5
2008,A,ITE16,TOTFERR,FRG,TOTAL,2.07
2009,A,ITE16,TOTFERR,FRG,TOTAL,1.91
2010,A,ITE16,TOTFERR,FRG,TOTAL,1.97
2011,A,ITE16,TOTFERR,FRG,TOTAL,1.82
2012,A,ITE16,TOTFERR,FRG,TOTAL,1.9
2013,A,ITE16,TOTFERR,FRG,TOTAL,1.8
2014,A,ITE16,TOTFERR,FRG,TOTAL,1.95
2015,A,ITE16,TOTFERR,FRG,TOTAL,1.96
2016,A,ITE16,TOTFERR,FRG,TOTAL,1.98
2017,A,ITE16,TOTFERR,FRG,TOTAL,1.92
2018,A,ITE16,TOTFERR,FRG,TOTAL,2.14
2019,A,ITE16,TOTFERR,FRG,TOTAL,2.05
2020,A,ITE16,TOTFERR,FRG,TOTAL,1.81
2021,A,ITE16,TOTFERR,FRG,TOTAL,1.9
2022,A,ITE16,TOTFERR,FRG,TOTAL,1.83
2023,A,ITE16,TOTFERR,FRG,TOTAL,1.93
2024,A,ITE16,TOTFERR,FRG,TOTAL,1.68
2002,A,ITE16,TOTFERR,ITL,TOTAL,1.03
2003,A,ITE16,TOTFERR,ITL,TOTAL,1.04
2004,A,ITE16,TOTFERR,ITL,TOTAL,1.12
2005,A,ITE16,TOTFERR,ITL,TOTAL,1.11
2006,A,ITE16,TOTFERR,ITL,TOTAL,1.18
2007,A,ITE16,TOTFERR,ITL,TOTAL,1.21
2008,A,ITE16,TOTFERR,ITL,TOTAL,1.21
2009,A,ITE16,TOTFERR,ITL,TOTAL,1.25
2010,A,ITE16,TOTFERR,ITL,TOTAL,1.26
2011,A,ITE16,TOTFERR,ITL,TOTAL,1.25
2012,A,ITE16,TOTFERR,ITL,TOTAL,1.28
2013,A,ITE16,TOTFERR,ITL,TOTAL,1.21
2014,A,ITE16,TOTFERR,ITL,TOTAL,1.24
2015,A,ITE16,TOTFERR,ITL,TOTAL,1.24
2016,A,ITE16,TOTFERR,ITL,TOTAL,1.19
2017,A,ITE16,TOTFERR,ITL,TOTAL,1.22
2018,A,ITE16,TOTFERR,ITL,TOTAL,1.2
2019,A,ITE16,TOTFERR,ITL,TOTAL,1.1
2020,A,ITE16,TOTFERR,ITL,TOTAL,1.08
2021,A,ITE16,TOTFERR,ITL,TOTAL,1.12
2022,A,ITE16,TOTFERR,ITL,TOTAL,1.12
2023,A,ITE16,TOTFERR,ITL,TOTAL,1.04
2024,A,ITE16,TOTFERR,ITL,TOTAL,1.07
1999,A,ITE16,TOTFERR,TOTAL,TOTAL,0.99
2000,A,ITE16,TOTFERR,TOTAL,TOTAL,1.02
2001,A,ITE16,TOTFERR,TOTAL,TOTAL,1.05
2002,A,ITE16,TOTFERR,TOTAL,TOTAL,1.07
2003,A,ITE16,TOTFERR,TOTAL,TOTAL,1.08
2004,A,ITE16,TOTFERR,TOTAL,TOTAL,1.17
2005,A,ITE16,TOTFERR,TOTAL,TOTAL,1.17
2006,A,ITE16,TOTFERR,TOTAL,TOTAL,1.23
2007,A,ITE16,TOTFERR,TOTAL,TOTAL,1.31
2008,A,ITE16,TOTFERR,TOTAL,TOTAL,1.3
2009,A,ITE16,TOTFERR,TOTAL,TOTAL,1.33
2010,A,ITE16,TOTFERR,TOTAL,TOTAL,1.35
2011,A,ITE16,TOTFERR,TOTAL,TOTAL,1.33
2012,A,ITE16,TOTFERR,TOTAL,TOTAL,1.36
2013,A,ITE16,TOTFERR,TOTAL,TOTAL,1.28
2014,A,ITE16,TOTFERR,TOTAL,TOTAL,1.33
2015,A,ITE16,TOTFERR,TOTAL,TOTAL,1.33
2016,A,ITE16,TOTFERR,TOTAL,TOTAL,1.28
2017,A,ITE16,TOTFERR,TOTAL,TOTAL,1.29
2018,A,ITE16,TOTFERR,TOTAL,TOTAL,1.3
2019,A,ITE16,TOTFERR,TOTAL,TOTAL,1.21
2020,A,ITE16,TOTFERR,TOTAL,TOTAL,1.15
2021,A,ITE16,TOTFERR,TOTAL,TOTAL,1.2
2022,A,ITE16,TOTFERR,TOTAL,TOTAL,1.18
2023,A,ITE16,TOTFERR,TOTAL,TOTAL,1.13
2024,A,ITE16,TOTFERR,TOTAL,TOTAL,1.13
2002,A,ITE17,TOTFERR,FRG,TOTAL,2.66
2003,A,ITE17,TOTFERR,FRG,TOTAL,2.28
2004,A,ITE17,TOTFERR,FRG,TOTAL,2.71
2005,A,ITE17,TOTFERR,FRG,TOTAL,2.32
2006,A,ITE17,TOTFERR,FRG,TOTAL,2.57
2007,A,ITE17,TOTFERR,FRG,TOTAL,2.6
2008,A,ITE17,TOTFERR,FRG,TOTAL,2.46
2009,A,ITE17,TOTFERR,FRG,TOTAL,2.6
2010,A,ITE17,TOTFERR,FRG,TOTAL,2.24
2011,A,ITE17,TOTFERR,FRG,TOTAL,2.2
2012,A,ITE17,TOTFERR,FRG,TOTAL,2.21
2013,A,ITE17,TOTFERR,FRG,TOTAL,2.17
2014,A,ITE17,TOTFERR,FRG,TOTAL,2.18
2015,A,ITE17,TOTFERR,FRG,TOTAL,1.99
2016,A,ITE17,TOTFERR,FRG,TOTAL,2.14
2017,A,ITE17,TOTFERR,FRG,TOTAL,2.06
2018,A,ITE17,TOTFERR,FRG,TOTAL,2.1
2019,A,ITE17,TOTFERR,FRG,TOTAL,2.08
2020,A,ITE17,TOTFERR,FRG,TOTAL,1.9
2021,A,ITE17,TOTFERR,FRG,TOTAL,2.09
2022,A,ITE17,TOTFERR,FRG,TOTAL,1.77
2023,A,ITE17,TOTFERR,FRG,TOTAL,2.02
2024,A,ITE17,TOTFERR,FRG,TOTAL,1.85
2002,A,ITE17,TOTFERR,ITL,TOTAL,1.05
2003,A,ITE17,TOTFERR,ITL,TOTAL,1.06
2004,A,ITE17,TOTFERR,ITL,TOTAL,1.12
2005,A,ITE17,TOTFERR,ITL,TOTAL,1.16
2006,A,ITE17,TOTFERR,ITL,TOTAL,1.18
2007,A,ITE17,TOTFERR,ITL,TOTAL,1.2
2008,A,ITE17,TOTFERR,ITL,TOTAL,1.24
2009,A,ITE17,TOTFERR,ITL,TOTAL,1.25
2010,A,ITE17,TOTFERR,ITL,TOTAL,1.27
2011,A,ITE17,TOTFERR,ITL,TOTAL,1.25
2012,A,ITE17,TOTFERR,ITL,TOTAL,1.25
2013,A,ITE17,TOTFERR,ITL,TOTAL,1.26
2014,A,ITE17,TOTFERR,ITL,TOTAL,1.26
2015,A,ITE17,TOTFERR,ITL,TOTAL,1.26
2016,A,ITE17,TOTFERR,ITL,TOTAL,1.23
2017,A,ITE17,TOTFERR,ITL,TOTAL,1.2
2018,A,ITE17,TOTFERR,ITL,TOTAL,1.12
2019,A,ITE17,TOTFERR,ITL,TOTAL,1.1
2020,A,ITE17,TOTFERR,ITL,TOTAL,1.1
2021,A,ITE17,TOTFERR,ITL,TOTAL,1.09
2022,A,ITE17,TOTFERR,ITL,TOTAL,1.08
2023,A,ITE17,TOTFERR,ITL,TOTAL,1.07
2024,A,ITE17,TOTFERR,ITL,TOTAL,1.06
1999,A,ITE17,TOTFERR,TOTAL,TOTAL,1.07
2000,A,ITE17,TOTFERR,TOTAL,TOTAL,1.11
2001,A,ITE17,TOTFERR,TOTAL,TOTAL,1.1
2002,A,ITE17,TOTFERR,TOTAL,TOTAL,1.11
2003,A,ITE17,TOTFERR,TOTAL,TOTAL,1.11
2004,A,ITE17,TOTFERR,TOTAL,TOTAL,1.21
2005,A,ITE17,TOTFERR,TOTAL,TOTAL,1.23
2006,A,ITE17,TOTFERR,TOTAL,TOTAL,1.27
2007,A,ITE17,TOTFERR,TOTAL,TOTAL,1.33
2008,A,ITE17,TOTFERR,TOTAL,TOTAL,1.38
2009,A,ITE17,TOTFERR,TOTAL,TOTAL,1.42
2010,A,ITE17,TOTFERR,TOTAL,TOTAL,1.4
2011,A,ITE17,TOTFERR,TOTAL,TOTAL,1.39
2012,A,ITE17,TOTFERR,TOTAL,TOTAL,1.4
2013,A,ITE17,TOTFERR,TOTAL,TOTAL,1.4
2014,A,ITE17,TOTFERR,TOTAL,TOTAL,1.41
2015,A,ITE17,TOTFERR,TOTAL,TOTAL,1.37
2016,A,ITE17,TOTFERR,TOTAL,TOTAL,1.36
2017,A,ITE17,TOTFERR,TOTAL,TOTAL,1.32
2018,A,ITE17,TOTFERR,TOTAL,TOTAL,1.25
2019,A,ITE17,TOTFERR,TOTAL,TOTAL,1.24
2020,A,ITE17,TOTFERR,TOTAL,TOTAL,1.22
2021,A,ITE17,TOTFERR,TOTAL,TOTAL,1.23
2022,A,ITE17,TOTFERR,TOTAL,TOTAL,1.17
2023,A,ITE17,TOTFERR,TOTAL,TOTAL,1.2
2024,A,ITE17,TOTFERR,TOTAL,TOTAL,1.16
2002,A,ITE18,TOTFERR,FRG,TOTAL,2.46
2003,A,ITE18,TOTFERR,FRG,TOTAL,2.16
2004,A,ITE18,TOTFERR,FRG,TOTAL,2.31
2005,A,ITE18,TOTFERR,FRG,TOTAL,2.3
2006,A,ITE18,TOTFERR,FRG,TOTAL,2.29
2007,A,ITE18,TOTFERR,FRG,TOTAL,2.17
2008,A,ITE18,TOTFERR,FRG,TOTAL,2.02
2009,A,ITE18,TOTFERR,FRG,TOTAL,1.95
2010,A,ITE18,TOTFERR,FRG,TOTAL,1.89
2011,A,ITE18,TOTFERR,FRG,TOTAL,1.97
2012,A,ITE18,TOTFERR,FRG,TOTAL,1.8
2013,A,ITE18,TOTFERR,FRG,TOTAL,1.7
2014,A,ITE18,TOTFERR,FRG,TOTAL,1.9
2015,A,ITE18,TOTFERR,FRG,TOTAL,1.6
2016,A,ITE18,TOTFERR,FRG,TOTAL,1.87
2017,A,ITE18,TOTFERR,FRG,TOTAL,1.87
2018,A,ITE18,TOTFERR,FRG,TOTAL,1.89
2019,A,ITE18,TOTFERR,FRG,TOTAL,1.92
2020,A,ITE18,TOTFERR,FRG,TOTAL,1.93
2021,A,ITE18,TOTFERR,FRG,TOTAL,1.96
2022,A,ITE18,TOTFERR,FRG,TOTAL,1.74
2023,A,ITE18,TOTFERR,FRG,TOTAL,1.93
2024,A,ITE18,TOTFERR,FRG,TOTAL,2.16
2002,A,ITE18,TOTFERR,ITL,TOTAL,1.08
2003,A,ITE18,TOTFERR,ITL,TOTAL,1.08
2004,A,ITE18,TOTFERR,ITL,TOTAL,1.16
2005,A,ITE18,TOTFERR,ITL,TOTAL,1.13
2006,A,ITE18,TOTFERR,ITL,TOTAL,1.16
2007,A,ITE18,TOTFERR,ITL,TOTAL,1.2
2008,A,ITE18,TOTFERR,ITL,TOTAL,1.2
2009,A,ITE18,TOTFERR,ITL,TOTAL,1.21
2010,A,ITE18,TOTFERR,ITL,TOTAL,1.2
2011,A,ITE18,TOTFERR,ITL,TOTAL,1.21
2012,A,ITE18,TOTFERR,ITL,TOTAL,1.23
2013,A,ITE18,TOTFERR,ITL,TOTAL,1.17
2014,A,ITE18,TOTFERR,ITL,TOTAL,1.21
2015,A,ITE18,TOTFERR,ITL,TOTAL,1.17
2016,A,ITE18,TOTFERR,ITL,TOTAL,1.17
2017,A,ITE18,TOTFERR,ITL,TOTAL,1.16
2018,A,ITE18,TOTFERR,ITL,TOTAL,1.07
2019,A,ITE18,TOTFERR,ITL,TOTAL,1.09
2020,A,ITE18,TOTFERR,ITL,TOTAL,1.09
2021,A,ITE18,TOTFERR,ITL,TOTAL,1.14
2022,A,ITE18,TOTFERR,ITL,TOTAL,1.09
2023,A,ITE18,TOTFERR,ITL,TOTAL,1.03
2024,A,ITE18,TOTFERR,ITL,TOTAL,1.07
1999,A,ITE18,TOTFERR,TOTAL,TOTAL,1.05
2000,A,ITE18,TOTFERR,TOTAL,TOTAL,1.09
2001,A,ITE18,TOTFERR,TOTAL,TOTAL,1.14
2002,A,ITE18,TOTFERR,TOTAL,TOTAL,1.18
2003,A,ITE18,TOTFERR,TOTAL,TOTAL,1.17
2004,A,ITE18,TOTFERR,TOTAL,TOTAL,1.28
2005,A,ITE18,TOTFERR,TOTAL,TOTAL,1.26
2006,A,ITE18,TOTFERR,TOTAL,TOTAL,1.29
2007,A,ITE18,TOTFERR,TOTAL,TOTAL,1.33
2008,A,ITE18,TOTFERR,TOTAL,TOTAL,1.34
2009,A,ITE18,TOTFERR,TOTAL,TOTAL,1.34
2010,A,ITE18,TOTFERR,TOTAL,TOTAL,1.33
2011,A,ITE18,TOTFERR,TOTAL,TOTAL,1.36
2012,A,ITE18,TOTFERR,TOTAL,TOTAL,1.35
2013,A,ITE18,TOTFERR,TOTAL,TOTAL,1.27
2014,A,ITE18,TOTFERR,TOTAL,TOTAL,1.34
2015,A,ITE18,TOTFERR,TOTAL,TOTAL,1.25
2016,A,ITE18,TOTFERR,TOTAL,TOTAL,1.29
2017,A,ITE18,TOTFERR,TOTAL,TOTAL,1.28
2018,A,ITE18,TOTFERR,TOTAL,TOTAL,1.21
2019,A,ITE18,TOTFERR,TOTAL,TOTAL,1.22
2020,A,ITE18,TOTFERR,TOTAL,TOTAL,1.22
2021,A,ITE18,TOTFERR,TOTAL,TOTAL,1.26
2022,A,ITE18,TOTFERR,TOTAL,TOTAL,1.17
2023,A,ITE18,TOTFERR,TOTAL,TOTAL,1.15
2024,A,ITE18,TOTFERR,TOTAL,TOTAL,1.21
2002,A,ITE19,TOTFERR,FRG,TOTAL,2.31
2003,A,ITE19,TOTFERR,FRG,TOTAL,2.29
2004,A,ITE19,TOTFERR,FRG,TOTAL,2.86
2005,A,ITE19,TOTFERR,FRG,TOTAL,2.53
2006,A,ITE19,TOTFERR,FRG,TOTAL,2.46
2007,A,ITE19,TOTFERR,FRG,TOTAL,2.4
2008,A,ITE19,TOTFERR,FRG,TOTAL,2.07
2009,A,ITE19,TOTFERR,FRG,TOTAL,2.22
2010,A,ITE19,TOTFERR,FRG,TOTAL,2.12
2011,A,ITE19,TOTFERR,FRG,TOTAL,2.02
2012,A,ITE19,TOTFERR,FRG,TOTAL,1.93
2013,A,ITE19,TOTFERR,FRG,TOTAL,1.79
2014,A,ITE19,TOTFERR,FRG,TOTAL,1.94
2015,A,ITE19,TOTFERR,FRG,TOTAL,1.78
2016,A,ITE19,TOTFERR,FRG,TOTAL,1.88
2017,A,ITE19,TOTFERR,FRG,TOTAL,1.91
2018,A,ITE19,TOTFERR,FRG,TOTAL,1.93
2019,A,ITE19,TOTFERR,FRG,TOTAL,1.9
2020,A,ITE19,TOTFERR,FRG,TOTAL,1.59
2021,A,ITE19,TOTFERR,FRG,TOTAL,1.8
2022,A,ITE19,TOTFERR,FRG,TOTAL,1.76
2023,A,ITE19,TOTFERR,FRG,TOTAL,1.75
2024,A,ITE19,TOTFERR,FRG,TOTAL,1.72
2002,A,ITE19,TOTFERR,ITL,TOTAL,1.12
2003,A,ITE19,TOTFERR,ITL,TOTAL,1.15
2004,A,ITE19,TOTFERR,ITL,TOTAL,1.15
2005,A,ITE19,TOTFERR,ITL,TOTAL,1.15
2006,A,ITE19,TOTFERR,ITL,TOTAL,1.18
2007,A,ITE19,TOTFERR,ITL,TOTAL,1.27
2008,A,ITE19,TOTFERR,ITL,TOTAL,1.23
2009,A,ITE19,TOTFERR,ITL,TOTAL,1.27
2010,A,ITE19,TOTFERR,ITL,TOTAL,1.27
2011,A,ITE19,TOTFERR,ITL,TOTAL,1.27
2012,A,ITE19,TOTFERR,ITL,TOTAL,1.26
2013,A,ITE19,TOTFERR,ITL,TOTAL,1.27
2014,A,ITE19,TOTFERR,ITL,TOTAL,1.24
2015,A,ITE19,TOTFERR,ITL,TOTAL,1.22
2016,A,ITE19,TOTFERR,ITL,TOTAL,1.22
2017,A,ITE19,TOTFERR,ITL,TOTAL,1.15
2018,A,ITE19,TOTFERR,ITL,TOTAL,1.12
2019,A,ITE19,TOTFERR,ITL,TOTAL,1.12
2020,A,ITE19,TOTFERR,ITL,TOTAL,1.05
2021,A,ITE19,TOTFERR,ITL,TOTAL,1.13
2022,A,ITE19,TOTFERR,ITL,TOTAL,1.09
2023,A,ITE19,TOTFERR,ITL,TOTAL,1.06
2024,A,ITE19,TOTFERR,ITL,TOTAL,1.1
1999,A,ITE19,TOTFERR,TOTAL,TOTAL,1.11
2000,A,ITE19,TOTFERR,TOTAL,TOTAL,1.14
2001,A,ITE19,TOTFERR,TOTAL,TOTAL,1.14
2002,A,ITE19,TOTFERR,TOTAL,TOTAL,1.19
2003,A,ITE19,TOTFERR,TOTAL,TOTAL,1.22
2004,A,ITE19,TOTFERR,TOTAL,TOTAL,1.29
2005,A,ITE19,TOTFERR,TOTAL,TOTAL,1.28
2006,A,ITE19,TOTFERR,TOTAL,TOTAL,1.3
2007,A,ITE19,TOTFERR,TOTAL,TOTAL,1.4
2008,A,ITE19,TOTFERR,TOTAL,TOTAL,1.36
2009,A,ITE19,TOTFERR,TOTAL,TOTAL,1.43
2010,A,ITE19,TOTFERR,TOTAL,TOTAL,1.44
2011,A,ITE19,TOTFERR,TOTAL,TOTAL,1.42
2012,A,ITE19,TOTFERR,TOTAL,TOTAL,1.4
2013,A,ITE19,TOTFERR,TOTAL,TOTAL,1.38
2014,A,ITE19,TOTFERR,TOTAL,TOTAL,1.38
2015,A,ITE19,TOTFERR,TOTAL,TOTAL,1.33
2016,A,ITE19,TOTFERR,TOTAL,TOTAL,1.33
2017,A,ITE19,TOTFERR,TOTAL,TOTAL,1.28
2018,A,ITE19,TOTFERR,TOTAL,TOTAL,1.26
2019,A,ITE19,TOTFERR,TOTAL,TOTAL,1.25
2020,A,ITE19,TOTFERR,TOTAL,TOTAL,1.15
2021,A,ITE19,TOTFERR,TOTAL,TOTAL,1.25
2022,A,ITE19,TOTFERR,TOTAL,TOTAL,1.19
2023,A,ITE19,TOTFERR,TOTAL,TOTAL,1.16
2024,A,ITE19,TOTFERR,TOTAL,TOTAL,1.19
2002,A,ITE1A,TOTFERR,FRG,TOTAL,2.02
2003,A,ITE1A,TOTFERR,FRG,TOTAL,1.91
2004,A,ITE1A,TOTFERR,FRG,TOTAL,2.14
2005,A,ITE1A,TOTFERR,FRG,TOTAL,2.59
2006,A,ITE1A,TOTFERR,FRG,TOTAL,2.78
2007,A,ITE1A,TOTFERR,FRG,TOTAL,2.55
2008,A,ITE1A,TOTFERR,FRG,TOTAL,2.26
2009,A,ITE1A,TOTFERR,FRG,TOTAL,2.11
2010,A,ITE1A,TOTFERR,FRG,TOTAL,2.0
2011,A,ITE1A,TOTFERR,FRG,TOTAL,2.02
2012,A,ITE1A,TOTFERR,FRG,TOTAL,1.81
2013,A,ITE1A,TOTFERR,FRG,TOTAL,1.93
2014,A,ITE1A,TOTFERR,FRG,TOTAL,1.88
2015,A,ITE1A,TOTFERR,FRG,TOTAL,2.09
2016,A,ITE1A,TOTFERR,FRG,TOTAL,1.95
2017,A,ITE1A,TOTFERR,FRG,TOTAL,1.97
2018,A,ITE1A,TOTFERR,FRG,TOTAL,1.93
2019,A,ITE1A,TOTFERR,FRG,TOTAL,1.82
2020,A,ITE1A,TOTFERR,FRG,TOTAL,2.12
2021,A,ITE1A,TOTFERR,FRG,TOTAL,1.86
2022,A,ITE1A,TOTFERR,FRG,TOTAL,2.15
2023,A,ITE1A,TOTFERR,FRG,TOTAL,1.76
2024,A,ITE1A,TOTFERR,FRG,TOTAL,2.0
2002,A,ITE1A,TOTFERR,ITL,TOTAL,1.04
2003,A,ITE1A,TOTFERR,ITL,TOTAL,1.08
2004,A,ITE1A,TOTFERR,ITL,TOTAL,1.12
2005,A,ITE1A,TOTFERR,ITL,TOTAL,1.12
2006,A,ITE1A,TOTFERR,ITL,TOTAL,1.13
2007,A,ITE1A,TOTFERR,ITL,TOTAL,1.17
2008,A,ITE1A,TOTFERR,ITL,TOTAL,1.23
2009,A,ITE1A,TOTFERR,ITL,TOTAL,1.19
2010,A,ITE1A,TOTFERR,ITL,TOTAL,1.19
2011,A,ITE1A,TOTFERR,ITL,TOTAL,1.22
2012,A,ITE1A,TOTFERR,ITL,TOTAL,1.15
2013,A,ITE1A,TOTFERR,ITL,TOTAL,1.07
2014,A,ITE1A,TOTFERR,ITL,TOTAL,1.12
2015,A,ITE1A,TOTFERR,ITL,TOTAL,1.11
2016,A,ITE1A,TOTFERR,ITL,TOTAL,1.13
2017,A,ITE1A,TOTFERR,ITL,TOTAL,1.07
2018,A,ITE1A,TOTFERR,ITL,TOTAL,1.14
2019,A,ITE1A,TOTFERR,ITL,TOTAL,0.99
2020,A,ITE1A,TOTFERR,ITL,TOTAL,1.01
2021,A,ITE1A,TOTFERR,ITL,TOTAL,1.04
2022,A,ITE1A,TOTFERR,ITL,TOTAL,1.01
2023,A,ITE1A,TOTFERR,ITL,TOTAL,1.0
2024,A,ITE1A,TOTFERR,ITL,TOTAL,0.98
1999,A,ITE1A,TOTFERR,TOTAL,TOTAL,0.97
2000,A,ITE1A,TOTFERR,TOTAL,TOTAL,0.97
2001,A,ITE1A,TOTFERR,TOTAL,TOTAL,1.03
2002,A,ITE1A,TOTFERR,TOTAL,TOTAL,1.08
2003,A,ITE1A,TOTFERR,TOTAL,TOTAL,1.11
2004,A,ITE1A,TOTFERR,TOTAL,TOTAL,1.16
2005,A,ITE1A,TOTFERR,TOTAL,TOTAL,1.19
2006,A,ITE1A,TOTFERR,TOTAL,TOTAL,1.23
2007,A,ITE1A,TOTFERR,TOTAL,TOTAL,1.28
2008,A,ITE1A,TOTFERR,TOTAL,TOTAL,1.36
2009,A,ITE1A,TOTFERR,TOTAL,TOTAL,1.33
2010,A,ITE1A,TOTFERR,TOTAL,TOTAL,1.32
2011,A,ITE1A,TOTFERR,TOTAL,TOTAL,1.36
2012,A,ITE1A,TOTFERR,TOTAL,TOTAL,1.27
2013,A,ITE1A,TOTFERR,TOTAL,TOTAL,1.21
2014,A,ITE1A,TOTFERR,TOTAL,TOTAL,1.24
2015,A,ITE1A,TOTFERR,TOTAL,TOTAL,1.27
2016,A,ITE1A,TOTFERR,TOTAL,TOTAL,1.26
2017,A,ITE1A,TOTFERR,TOTAL,TOTAL,1.21
2018,A,ITE1A,TOTFERR,TOTAL,TOTAL,1.26
2019,A,ITE1A,TOTFERR,TOTAL,TOTAL,1.12
2020,A,ITE1A,TOTFERR,TOTAL,TOTAL,1.17
2021,A,ITE1A,TOTFERR,TOTAL,TOTAL,1.16
2022,A,ITE1A,TOTFERR,TOTAL,TOTAL,1.16
2023,A,ITE1A,TOTFERR,TOTAL,TOTAL,1.1
2024,A,ITE1A,TOTFERR,TOTAL,TOTAL,1.12
2002,A,ITE2,TOTFERR,FRG,TOTAL,2.7
2003,A,ITE2,TOTFERR,FRG,TOTAL,2.31
2004,A,ITE2,TOTFERR,FRG,TOTAL,2.93
2005,A,ITE2,TOTFERR,FRG,TOTAL,2.86
2006,A,ITE2,TOTFERR,FRG,TOTAL,2.72
2007,A,ITE2,TOTFERR,FRG,TOTAL,2.46
2008,A,ITE2,TOTFERR,FRG,TOTAL,2.37
2009,A,ITE2,TOTFERR,FRG,TOTAL,2.02
2010,A,ITE2,TOTFERR,FRG,TOTAL,2.07
2011,A,ITE2,TOTFERR,FRG,TOTAL,1.98
2012,A,ITE2,TOTFERR,FRG,TOTAL,1.91
2013,A,ITE2,TOTFERR,FRG,TOTAL,1.93
2014,A,ITE2,TOTFERR,FRG,TOTAL,1.73
2015,A,ITE2,TOTFERR,FRG,TOTAL,1.72
2016,A,ITE2,TOTFERR,FRG,TOTAL,1.71
2017,A,ITE2,TOTFERR,FRG,TOTAL,1.73
2018,A,ITE2,TOTFERR,FRG,TOTAL,1.82
2019,A,ITE2,TOTFERR,FRG,TOTAL,1.75
2020,A,ITE2,TOTFERR,FRG,TOTAL,1.68
2021,A,ITE2,TOTFERR,FRG,TOTAL,1.72
2022,A,ITE2,TOTFERR,FRG,TOTAL,1.64
2023,A,ITE2,TOTFERR,FRG,TOTAL,1.57
2024,A,ITE2,TOTFERR,FRG,TOTAL,1.6
2002,A,ITE2,TOTFERR,ITL,TOTAL,1.14
2003,A,ITE2,TOTFERR,ITL,TOTAL,1.14
2004,A,ITE2,TOTFERR,ITL,TOTAL,1.17
2005,A,ITE2,TOTFERR,ITL,TOTAL,1.18
2006,A,ITE2,TOTFERR,ITL,TOTAL,1.21
2007,A,ITE2,TOTFERR,ITL,TOTAL,1.26
2008,A,ITE2,TOTFERR,ITL,TOTAL,1.29
2009,A,ITE2,TOTFERR,ITL,TOTAL,1.25
2010,A,ITE2,TOTFERR,ITL,TOTAL,1.26
2011,A,ITE2,TOTFERR,ITL,TOTAL,1.25
2012,A,ITE2,TOTFERR,ITL,TOTAL,1.27
2013,A,ITE2,TOTFERR,ITL,TOTAL,1.25
2014,A,ITE2,TOTFERR,ITL,TOTAL,1.26
2015,A,ITE2,TOTFERR,ITL,TOTAL,1.2
2016,A,ITE2,TOTFERR,ITL,TOTAL,1.2
2017,A,ITE2,TOTFERR,ITL,TOTAL,1.17
2018,A,ITE2,TOTFERR,ITL,TOTAL,1.12
2019,A,ITE2,TOTFERR,ITL,TOTAL,1.11
2020,A,ITE2,TOTFERR,ITL,TOTAL,1.07
2021,A,ITE2,TOTFERR,ITL,TOTAL,1.09
2022,A,ITE2,TOTFERR,ITL,TOTAL,1.06
2023,A,ITE2,TOTFERR,ITL,TOTAL,1.05
2024,A,ITE2,TOTFERR,ITL,TOTAL,1.05
1999,A,ITE2,TOTFERR,TOTAL,TOTAL,1.14
2000,A,ITE2,TOTFERR,TOTAL,TOTAL,1.17
2001,A,ITE2,TOTFERR,TOTAL,TOTAL,1.17
2002,A,ITE2,TOTFERR,TOTAL,TOTAL,1.24
2003,A,ITE2,TOTFERR,TOTAL,TOTAL,1.23
2004,A,ITE2,TOTFERR,TOTAL,TOTAL,1.31
2005,A,ITE2,TOTFERR,TOTAL,TOTAL,1.34
2006,A,ITE2,TOTFERR,TOTAL,TOTAL,1.36
2007,A,ITE2,TOTFERR,TOTAL,TOTAL,1.4
2008,A,ITE2,TOTFERR,TOTAL,TOTAL,1.44
2009,A,ITE2,TOTFERR,TOTAL,TOTAL,1.38
2010,A,ITE2,TOTFERR,TOTAL,TOTAL,1.41
2011,A,ITE2,TOTFERR,TOTAL,TOTAL,1.39
2012,A,ITE2,TOTFERR,TOTAL,TOTAL,1.39
2013,A,ITE2,TOTFERR,TOTAL,TOTAL,1.38
2014,A,ITE2,TOTFERR,TOTAL,TOTAL,1.34
2015,A,ITE2,TOTFERR,TOTAL,TOTAL,1.29
2016,A,ITE2,TOTFERR,TOTAL,TOTAL,1.28
2017,A,ITE2,TOTFERR,TOTAL,TOTAL,1.26
2018,A,ITE2,TOTFERR,TOTAL,TOTAL,1.22
2019,A,ITE2,TOTFERR,TOTAL,TOTAL,1.2
2020,A,ITE2,TOTFERR,TOTAL,TOTAL,1.16
2021,A,ITE2,TOTFERR,TOTAL,TOTAL,1.18
2022,A,ITE2,TOTFERR,TOTAL,TOTAL,1.13
2023,A,ITE2,TOTFERR,TOTAL,TOTAL,1.11
2024,A,ITE2,TOTFERR,TOTAL,TOTAL,1.11
2002,A,ITE21,TOTFERR,FRG,TOTAL,2.69
2003,A,ITE21,TOTFERR,FRG,TOTAL,2.27
2004,A,ITE21,TOTFERR,FRG,TOTAL,3.08
2005,A,ITE21,TOTFERR,FRG,TOTAL,2.98
2006,A,ITE21,TOTFERR,FRG,TOTAL,2.78
2007,A,ITE21,TOTFERR,FRG,TOTAL,2.52
2008,A,ITE21,TOTFERR,FRG,TOTAL,2.37
2009,A,ITE21,TOTFERR,FRG,TOTAL,2.03
2010,A,ITE21,TOTFERR,FRG,TOTAL,2.08
2011,A,ITE21,TOTFERR,FRG,TOTAL,2.03
2012,A,ITE21,TOTFERR,FRG,TOTAL,1.98
2013,A,ITE21,TOTFERR,FRG,TOTAL,1.99
2014,A,ITE21,TOTFERR,FRG,TOTAL,1.75
2015,A,ITE21,TOTFERR,FRG,TOTAL,1.79
2016,A,ITE21,TOTFERR,FRG,TOTAL,1.71
2017,A,ITE21,TOTFERR,FRG,TOTAL,1.78
2018,A,ITE21,TOTFERR,FRG,TOTAL,1.84
2019,A,ITE21,TOTFERR,FRG,TOTAL,1.81
2020,A,ITE21,TOTFERR,FRG,TOTAL,1.68
2021,A,ITE21,TOTFERR,FRG,TOTAL,1.7
2022,A,ITE21,TOTFERR,FRG,TOTAL,1.67
2023,A,ITE21,TOTFERR,FRG,TOTAL,1.57
2024,A,ITE21,TOTFERR,FRG,TOTAL,1.64
2002,A,ITE21,TOTFERR,ITL,TOTAL,1.18
2003,A,ITE21,TOTFERR,ITL,TOTAL,1.19
2004,A,ITE21,TOTFERR,ITL,TOTAL,1.17
2005,A,ITE21,TOTFERR,ITL,TOTAL,1.22
2006,A,ITE21,TOTFERR,ITL,TOTAL,1.24
2007,A,ITE21,TOTFERR,ITL,TOTAL,1.27
2008,A,ITE21,TOTFERR,ITL,TOTAL,1.33
2009,A,ITE21,TOTFERR,ITL,TOTAL,1.3
2010,A,ITE21,TOTFERR,ITL,TOTAL,1.26
2011,A,ITE21,TOTFERR,ITL,TOTAL,1.29
2012,A,ITE21,TOTFERR,ITL,TOTAL,1.27
2013,A,ITE21,TOTFERR,ITL,TOTAL,1.26
2014,A,ITE21,TOTFERR,ITL,TOTAL,1.27
2015,A,ITE21,TOTFERR,ITL,TOTAL,1.22
2016,A,ITE21,TOTFERR,ITL,TOTAL,1.22
2017,A,ITE21,TOTFERR,ITL,TOTAL,1.19
2018,A,ITE21,TOTFERR,ITL,TOTAL,1.13
2019,A,ITE21,TOTFERR,ITL,TOTAL,1.11
2020,A,ITE21,TOTFERR,ITL,TOTAL,1.07
2021,A,ITE21,TOTFERR,ITL,TOTAL,1.1
2022,A,ITE21,TOTFERR,ITL,TOTAL,1.07
2023,A,ITE21,TOTFERR,ITL,TOTAL,1.06
2024,A,ITE21,TOTFERR,ITL,TOTAL,1.04
1999,A,ITE21,TOTFERR,TOTAL,TOTAL,1.16
2000,A,ITE21,TOTFERR,TOTAL,TOTAL,1.19
2001,A,ITE21,TOTFERR,TOTAL,TOTAL,1.21
2002,A,ITE21,TOTFERR,TOTAL,TOTAL,1.28
2003,A,ITE21,TOTFERR,TOTAL,TOTAL,1.27
2004,A,ITE21,TOTFERR,TOTAL,TOTAL,1.34
2005,A,ITE21,TOTFERR,TOTAL,TOTAL,1.39
2006,A,ITE21,TOTFERR,TOTAL,TOTAL,1.4
2007,A,ITE21,TOTFERR,TOTAL,TOTAL,1.42
2008,A,ITE21,TOTFERR,TOTAL,TOTAL,1.48
2009,A,ITE21,TOTFERR,TOTAL,TOTAL,1.43
2010,A,ITE21,TOTFERR,TOTAL,TOTAL,1.41
2011,A,ITE21,TOTFERR,TOTAL,TOTAL,1.43
2012,A,ITE21,TOTFERR,TOTAL,TOTAL,1.41
2013,A,ITE21,TOTFERR,TOTAL,TOTAL,1.4
2014,A,ITE21,TOTFERR,TOTAL,TOTAL,1.36
2015,A,ITE21,TOTFERR,TOTAL,TOTAL,1.32
2016,A,ITE21,TOTFERR,TOTAL,TOTAL,1.3
2017,A,ITE21,TOTFERR,TOTAL,TOTAL,1.29
2018,A,ITE21,TOTFERR,TOTAL,TOTAL,1.24
2019,A,ITE21,TOTFERR,TOTAL,TOTAL,1.22
2020,A,ITE21,TOTFERR,TOTAL,TOTAL,1.16
2021,A,ITE21,TOTFERR,TOTAL,TOTAL,1.19
2022,A,ITE21,TOTFERR,TOTAL,TOTAL,1.14
2023,A,ITE21,TOTFERR,TOTAL,TOTAL,1.12
2024,A,ITE21,TOTFERR,TOTAL,TOTAL,1.11
2002,A,ITE22,TOTFERR,FRG,TOTAL,2.75
2003,A,ITE22,TOTFERR,FRG,TOTAL,2.5
2004,A,ITE22,TOTFERR,FRG,TOTAL,2.3
2005,A,ITE22,TOTFERR,FRG,TOTAL,2.39
2006,A,ITE22,TOTFERR,FRG,TOTAL,2.49
2007,A,ITE22,TOTFERR,FRG,TOTAL,2.24
2008,A,ITE22,TOTFERR,FRG,TOTAL,2.38
2009,A,ITE22,TOTFERR,FRG,TOTAL,1.97
2010,A,ITE22,TOTFERR,FRG,TOTAL,2.05
2011,A,ITE22,TOTFERR,FRG,TOTAL,1.8
2012,A,ITE22,TOTFERR,FRG,TOTAL,1.7
2013,A,ITE22,TOTFERR,FRG,TOTAL,1.74
2014,A,ITE22,TOTFERR,FRG,TOTAL,1.65
2015,A,ITE22,TOTFERR,FRG,TOTAL,1.49
2016,A,ITE22,TOTFERR,FRG,TOTAL,1.68
2017,A,ITE22,TOTFERR,FRG,TOTAL,1.55
2018,A,ITE22,TOTFERR,FRG,TOTAL,1.78
2019,A,ITE22,TOTFERR,FRG,TOTAL,1.52
2020,A,ITE22,TOTFERR,FRG,TOTAL,1.69
2021,A,ITE22,TOTFERR,FRG,TOTAL,1.79
2022,A,ITE22,TOTFERR,FRG,TOTAL,1.55
2023,A,ITE22,TOTFERR,FRG,TOTAL,1.56
2024,A,ITE22,TOTFERR,FRG,TOTAL,1.46
2002,A,ITE22,TOTFERR,ITL,TOTAL,1.04
2003,A,ITE22,TOTFERR,ITL,TOTAL,1.01
2004,A,ITE22,TOTFERR,ITL,TOTAL,1.15
2005,A,ITE22,TOTFERR,ITL,TOTAL,1.08
2006,A,ITE22,TOTFERR,ITL,TOTAL,1.15
2007,A,ITE22,TOTFERR,ITL,TOTAL,1.25
2008,A,ITE22,TOTFERR,ITL,TOTAL,1.19
2009,A,ITE22,TOTFERR,ITL,TOTAL,1.1
2010,A,ITE22,TOTFERR,ITL,TOTAL,1.27
2011,A,ITE22,TOTFERR,ITL,TOTAL,1.16
2012,A,ITE22,TOTFERR,ITL,TOTAL,1.26
2013,A,ITE22,TOTFERR,ITL,TOTAL,1.23
2014,A,ITE22,TOTFERR,ITL,TOTAL,1.22
2015,A,ITE22,TOTFERR,ITL,TOTAL,1.12
2016,A,ITE22,TOTFERR,ITL,TOTAL,1.12
2017,A,ITE22,TOTFERR,ITL,TOTAL,1.11
2018,A,ITE22,TOTFERR,ITL,TOTAL,1.09
2019,A,ITE22,TOTFERR,ITL,TOTAL,1.08
2020,A,ITE22,TOTFERR,ITL,TOTAL,1.05
2021,A,ITE22,TOTFERR,ITL,TOTAL,1.06
2022,A,ITE22,TOTFERR,ITL,TOTAL,1.04
2023,A,ITE22,TOTFERR,ITL,TOTAL,1.03
2024,A,ITE22,TOTFERR,ITL,TOTAL,1.09
1999,A,ITE22,TOTFERR,TOTAL,TOTAL,1.09
2000,A,ITE22,TOTFERR,TOTAL,TOTAL,1.11
2001,A,ITE22,TOTFERR,TOTAL,TOTAL,1.07
2002,A,ITE22,TOTFERR,TOTAL,TOTAL,1.11
2003,A,ITE22,TOTFERR,TOTAL,TOTAL,1.1
2004,A,ITE22,TOTFERR,TOTAL,TOTAL,1.22
2005,A,ITE22,TOTFERR,TOTAL,TOTAL,1.19
2006,A,ITE22,TOTFERR,TOTAL,TOTAL,1.26
2007,A,ITE22,TOTFERR,TOTAL,TOTAL,1.35
2008,A,ITE22,TOTFERR,TOTAL,TOTAL,1.34
2009,A,ITE22,TOTFERR,TOTAL,TOTAL,1.24
2010,A,ITE22,TOTFERR,TOTAL,TOTAL,1.41
2011,A,ITE22,TOTFERR,TOTAL,TOTAL,1.27
2012,A,ITE22,TOTFERR,TOTAL,TOTAL,1.34
2013,A,ITE22,TOTFERR,TOTAL,TOTAL,1.32
2014,A,ITE22,TOTFERR,TOTAL,TOTAL,1.3
2015,A,ITE22,TOTFERR,TOTAL,TOTAL,1.17
2016,A,ITE22,TOTFERR,TOTAL,TOTAL,1.2
2017,A,ITE22,TOTFERR,TOTAL,TOTAL,1.17
2018,A,ITE22,TOTFERR,TOTAL,TOTAL,1.18
2019,A,ITE22,TOTFERR,TOTAL,TOTAL,1.13
2020,A,ITE22,TOTFERR,TOTAL,TOTAL,1.14
2021,A,ITE22,TOTFERR,TOTAL,TOTAL,1.16
2022,A,ITE22,TOTFERR,TOTAL,TOTAL,1.1
2023,A,ITE22,TOTFERR,TOTAL,TOTAL,1.08
2024,A,ITE22,TOTFERR,TOTAL,TOTAL,1.12
2002,A,ITE3,TOTFERR,FRG,TOTAL,2.62
2003,A,ITE3,TOTFERR,FRG,TOTAL,2.42
2004,A,ITE3,TOTFERR,FRG,TOTAL,2.47
2005,A,ITE3,TOTFERR,FRG,TOTAL,2.55
2006,A,ITE3,TOTFERR,FRG,TOTAL,2.65
2007,A,ITE3,TOTFERR,FRG,TOTAL,2.48
2008,A,ITE3,TOTFERR,FRG,TOTAL,2.49
2009,A,ITE3,TOTFERR,FRG,TOTAL,2.39
2010,A,ITE3,TOTFERR,FRG,TOTAL,2.26
2011,A,ITE3,TOTFERR,FRG,TOTAL,2.23
2012,A,ITE3,TOTFERR,FRG,TOTAL,2.12
2013,A,ITE3,TOTFERR,FRG,TOTAL,1.94
2014,A,ITE3,TOTFERR,FRG,TOTAL,1.91
2015,A,ITE3,TOTFERR,FRG,TOTAL,1.87
2016,A,ITE3,TOTFERR,FRG,TOTAL,1.94
2017,A,ITE3,TOTFERR,FRG,TOTAL,1.95
2018,A,ITE3,TOTFERR,FRG,TOTAL,1.99
2019,A,ITE3,TOTFERR,FRG,TOTAL,1.96
2020,A,ITE3,TOTFERR,FRG,TOTAL,1.83
2021,A,ITE3,TOTFERR,FRG,TOTAL,1.86
2022,A,ITE3,TOTFERR,FRG,TOTAL,1.71
2023,A,ITE3,TOTFERR,FRG,TOTAL,1.81
2024,A,ITE3,TOTFERR,FRG,TOTAL,1.81
2002,A,ITE3,TOTFERR,ITL,TOTAL,1.13
2003,A,ITE3,TOTFERR,ITL,TOTAL,1.14
2004,A,ITE3,TOTFERR,ITL,TOTAL,1.17
2005,A,ITE3,TOTFERR,ITL,TOTAL,1.16
2006,A,ITE3,TOTFERR,ITL,TOTAL,1.18
2007,A,ITE3,TOTFERR,ITL,TOTAL,1.22
2008,A,ITE3,TOTFERR,ITL,TOTAL,1.26
2009,A,ITE3,TOTFERR,ITL,TOTAL,1.27
2010,A,ITE3,TOTFERR,ITL,TOTAL,1.25
2011,A,ITE3,TOTFERR,ITL,TOTAL,1.26
2012,A,ITE3,TOTFERR,ITL,TOTAL,1.24
2013,A,ITE3,TOTFERR,ITL,TOTAL,1.24
2014,A,ITE3,TOTFERR,ITL,TOTAL,1.25
2015,A,ITE3,TOTFERR,ITL,TOTAL,1.25
2016,A,ITE3,TOTFERR,ITL,TOTAL,1.23
2017,A,ITE3,TOTFERR,ITL,TOTAL,1.16
2018,A,ITE3,TOTFERR,ITL,TOTAL,1.11
2019,A,ITE3,TOTFERR,ITL,TOTAL,1.08
2020,A,ITE3,TOTFERR,ITL,TOTAL,1.11
2021,A,ITE3,TOTFERR,ITL,TOTAL,1.11
2022,A,ITE3,TOTFERR,ITL,TOTAL,1.1
2023,A,ITE3,TOTFERR,ITL,TOTAL,1.1
2024,A,ITE3,TOTFERR,ITL,TOTAL,1.03
1999,A,ITE3,TOTFERR,TOTAL,TOTAL,1.15
2000,A,ITE3,TOTFERR,TOTAL,TOTAL,1.18
2001,A,ITE3,TOTFERR,TOTAL,TOTAL,1.15
2002,A,ITE3,TOTFERR,TOTAL,TOTAL,1.22
2003,A,ITE3,TOTFERR,TOTAL,TOTAL,1.22
2004,A,ITE3,TOTFERR,TOTAL,TOTAL,1.27
2005,A,ITE3,TOTFERR,TOTAL,TOTAL,1.28
2006,A,ITE3,TOTFERR,TOTAL,TOTAL,1.32
2007,A,ITE3,TOTFERR,TOTAL,TOTAL,1.36
2008,A,ITE3,TOTFERR,TOTAL,TOTAL,1.42
2009,A,ITE3,TOTFERR,TOTAL,TOTAL,1.43
2010,A,ITE3,TOTFERR,TOTAL,TOTAL,1.41
2011,A,ITE3,TOTFERR,TOTAL,TOTAL,1.42
2012,A,ITE3,TOTFERR,TOTAL,TOTAL,1.38
2013,A,ITE3,TOTFERR,TOTAL,TOTAL,1.35
2014,A,ITE3,TOTFERR,TOTAL,TOTAL,1.35
2015,A,ITE3,TOTFERR,TOTAL,TOTAL,1.34
2016,A,ITE3,TOTFERR,TOTAL,TOTAL,1.32
2017,A,ITE3,TOTFERR,TOTAL,TOTAL,1.26
2018,A,ITE3,TOTFERR,TOTAL,TOTAL,1.23
2019,A,ITE3,TOTFERR,TOTAL,TOTAL,1.19
2020,A,ITE3,TOTFERR,TOTAL,TOTAL,1.19
2021,A,ITE3,TOTFERR,TOTAL,TOTAL,1.2
2022,A,ITE3,TOTFERR,TOTAL,TOTAL,1.16
2023,A,ITE3,TOTFERR,TOTAL,TOTAL,1.17
2024,A,ITE3,TOTFERR,TOTAL,TOTAL,1.11
2002,A,ITE31,TOTFERR,FRG,TOTAL,2.66
2003,A,ITE31,TOTFERR,FRG,TOTAL,2.56
2004,A,ITE31,TOTFERR,FRG,TOTAL,2.47
2005,A,ITE31,TOTFERR,FRG,TOTAL,2.62
2006,A,ITE31,TOTFERR,FRG,TOTAL,2.68
2007,A,ITE31,TOTFERR,FRG,TOTAL,2.5
2008,A,ITE31,TOTFERR,FRG,TOTAL,2.51
2009,A,ITE31,TOTFERR,FRG,TOTAL,2.34
2010,A,ITE31,TOTFERR,FRG,TOTAL,2.17
2011,A,ITE31,TOTFERR,FRG,TOTAL,2.22
2012,A,ITE31,TOTFERR,FRG,TOTAL,2.19
2013,A,ITE31,TOTFERR,FRG,TOTAL,1.95
2014,A,ITE31,TOTFERR,FRG,TOTAL,2.06
2015,A,ITE31,TOTFERR,FRG,TOTAL,1.81
2016,A,ITE31,TOTFERR,FRG,TOTAL,1.98
2017,A,ITE31,TOTFERR,FRG,TOTAL,1.99
2018,A,ITE31,TOTFERR,FRG,TOTAL,1.93
2019,A,ITE31,TOTFERR,FRG,TOTAL,1.78
2020,A,ITE31,TOTFERR,FRG,TOTAL,1.66
2021,A,ITE31,TOTFERR,FRG,TOTAL,1.81
2022,A,ITE31,TOTFERR,FRG,TOTAL,1.64
2023,A,ITE31,TOTFERR,FRG,TOTAL,1.64
2024,A,ITE31,TOTFERR,FRG,TOTAL,1.75
2002,A,ITE31,TOTFERR,ITL,TOTAL,1.17
2003,A,ITE31,TOTFERR,ITL,TOTAL,1.18
2004,A,ITE31,TOTFERR,ITL,TOTAL,1.18
2005,A,ITE31,TOTFERR,ITL,TOTAL,1.23
2006,A,ITE31,TOTFERR,ITL,TOTAL,1.24
2007,A,ITE31,TOTFERR,ITL,TOTAL,1.25
2008,A,ITE31,TOTFERR,ITL,TOTAL,1.29
2009,A,ITE31,TOTFERR,ITL,TOTAL,1.29
2010,A,ITE31,TOTFERR,ITL,TOTAL,1.29
2011,A,ITE31,TOTFERR,ITL,TOTAL,1.35
2012,A,ITE31,TOTFERR,ITL,TOTAL,1.25
2013,A,ITE31,TOTFERR,ITL,TOTAL,1.29
2014,A,ITE31,TOTFERR,ITL,TOTAL,1.25
2015,A,ITE31,TOTFERR,ITL,TOTAL,1.27
2016,A,ITE31,TOTFERR,ITL,TOTAL,1.23
2017,A,ITE31,TOTFERR,ITL,TOTAL,1.17
2018,A,ITE31,TOTFERR,ITL,TOTAL,1.12
2019,A,ITE31,TOTFERR,ITL,TOTAL,1.11
2020,A,ITE31,TOTFERR,ITL,TOTAL,1.1
2021,A,ITE31,TOTFERR,ITL,TOTAL,1.14
2022,A,ITE31,TOTFERR,ITL,TOTAL,1.15
2023,A,ITE31,TOTFERR,ITL,TOTAL,1.11
2024,A,ITE31,TOTFERR,ITL,TOTAL,1.01
1999,A,ITE31,TOTFERR,TOTAL,TOTAL,1.13
2000,A,ITE31,TOTFERR,TOTAL,TOTAL,1.2
2001,A,ITE31,TOTFERR,TOTAL,TOTAL,1.17
2002,A,ITE31,TOTFERR,TOTAL,TOTAL,1.25
2003,A,ITE31,TOTFERR,TOTAL,TOTAL,1.27
2004,A,ITE31,TOTFERR,TOTAL,TOTAL,1.28
2005,A,ITE31,TOTFERR,TOTAL,TOTAL,1.36
2006,A,ITE31,TOTFERR,TOTAL,TOTAL,1.38
2007,A,ITE31,TOTFERR,TOTAL,TOTAL,1.4
2008,A,ITE31,TOTFERR,TOTAL,TOTAL,1.45
2009,A,ITE31,TOTFERR,TOTAL,TOTAL,1.45
2010,A,ITE31,TOTFERR,TOTAL,TOTAL,1.43
2011,A,ITE31,TOTFERR,TOTAL,TOTAL,1.49
2012,A,ITE31,TOTFERR,TOTAL,TOTAL,1.41
2013,A,ITE31,TOTFERR,TOTAL,TOTAL,1.4
2014,A,ITE31,TOTFERR,TOTAL,TOTAL,1.37
2015,A,ITE31,TOTFERR,TOTAL,TOTAL,1.35
2016,A,ITE31,TOTFERR,TOTAL,TOTAL,1.34
2017,A,ITE31,TOTFERR,TOTAL,TOTAL,1.28
2018,A,ITE31,TOTFERR,TOTAL,TOTAL,1.23
2019,A,ITE31,TOTFERR,TOTAL,TOTAL,1.19
2020,A,ITE31,TOTFERR,TOTAL,TOTAL,1.16
2021,A,ITE31,TOTFERR,TOTAL,TOTAL,1.21
2022,A,ITE31,TOTFERR,TOTAL,TOTAL,1.19
2023,A,ITE31,TOTFERR,TOTAL,TOTAL,1.15
2024,A,ITE31,TOTFERR,TOTAL,TOTAL,1.08
2002,A,ITE32,TOTFERR,FRG,TOTAL,2.6
2003,A,ITE32,TOTFERR,FRG,TOTAL,2.18
2004,A,ITE32,TOTFERR,FRG,TOTAL,2.4
2005,A,ITE32,TOTFERR,FRG,TOTAL,2.5
2006,A,ITE32,TOTFERR,FRG,TOTAL,2.66
2007,A,ITE32,TOTFERR,FRG,TOTAL,2.47
2008,A,ITE32,TOTFERR,FRG,TOTAL,2.51
2009,A,ITE32,TOTFERR,FRG,TOTAL,2.56
2010,A,ITE32,TOTFERR,FRG,TOTAL,2.33
2011,A,ITE32,TOTFERR,FRG,TOTAL,2.24
2012,A,ITE32,TOTFERR,FRG,TOTAL,2.04
2013,A,ITE32,TOTFERR,FRG,TOTAL,1.83
2014,A,ITE32,TOTFERR,FRG,TOTAL,1.87
2015,A,ITE32,TOTFERR,FRG,TOTAL,1.8
2016,A,ITE32,TOTFERR,FRG,TOTAL,1.83
2017,A,ITE32,TOTFERR,FRG,TOTAL,1.9
2018,A,ITE32,TOTFERR,FRG,TOTAL,1.95
2019,A,ITE32,TOTFERR,FRG,TOTAL,2.08
2020,A,ITE32,TOTFERR,FRG,TOTAL,1.87
2021,A,ITE32,TOTFERR,FRG,TOTAL,1.86
2022,A,ITE32,TOTFERR,FRG,TOTAL,1.69
2023,A,ITE32,TOTFERR,FRG,TOTAL,1.81
2024,A,ITE32,TOTFERR,FRG,TOTAL,1.74
2002,A,ITE32,TOTFERR,ITL,TOTAL,1.15
2003,A,ITE32,TOTFERR,ITL,TOTAL,1.14
2004,A,ITE32,TOTFERR,ITL,TOTAL,1.19
2005,A,ITE32,TOTFERR,ITL,TOTAL,1.16
2006,A,ITE32,TOTFERR,ITL,TOTAL,1.18
2007,A,ITE32,TOTFERR,ITL,TOTAL,1.26
2008,A,ITE32,TOTFERR,ITL,TOTAL,1.35
2009,A,ITE32,TOTFERR,ITL,TOTAL,1.32
2010,A,ITE32,TOTFERR,ITL,TOTAL,1.28
2011,A,ITE32,TOTFERR,ITL,TOTAL,1.27
2012,A,ITE32,TOTFERR,ITL,TOTAL,1.31
2013,A,ITE32,TOTFERR,ITL,TOTAL,1.27
2014,A,ITE32,TOTFERR,ITL,TOTAL,1.28
2015,A,ITE32,TOTFERR,ITL,TOTAL,1.28
2016,A,ITE32,TOTFERR,ITL,TOTAL,1.25
2017,A,ITE32,TOTFERR,ITL,TOTAL,1.18
2018,A,ITE32,TOTFERR,ITL,TOTAL,1.13
2019,A,ITE32,TOTFERR,ITL,TOTAL,1.08
2020,A,ITE32,TOTFERR,ITL,TOTAL,1.12
2021,A,ITE32,TOTFERR,ITL,TOTAL,1.12
2022,A,ITE32,TOTFERR,ITL,TOTAL,1.08
2023,A,ITE32,TOTFERR,ITL,TOTAL,1.12
2024,A,ITE32,TOTFERR,ITL,TOTAL,1.03
1999,A,ITE32,TOTFERR,TOTAL,TOTAL,1.14
2000,A,ITE32,TOTFERR,TOTAL,TOTAL,1.13
2001,A,ITE32,TOTFERR,TOTAL,TOTAL,1.16
2002,A,ITE32,TOTFERR,TOTAL,TOTAL,1.23
2003,A,ITE32,TOTFERR,TOTAL,TOTAL,1.2
2004,A,ITE32,TOTFERR,TOTAL,TOTAL,1.29
2005,A,ITE32,TOTFERR,TOTAL,TOTAL,1.28
2006,A,ITE32,TOTFERR,TOTAL,TOTAL,1.33
2007,A,ITE32,TOTFERR,TOTAL,TOTAL,1.39
2008,A,ITE32,TOTFERR,TOTAL,TOTAL,1.5
2009,A,ITE32,TOTFERR,TOTAL,TOTAL,1.5
2010,A,ITE32,TOTFERR,TOTAL,TOTAL,1.46
2011,A,ITE32,TOTFERR,TOTAL,TOTAL,1.44
2012,A,ITE32,TOTFERR,TOTAL,TOTAL,1.43
2013,A,ITE32,TOTFERR,TOTAL,TOTAL,1.36
2014,A,ITE32,TOTFERR,TOTAL,TOTAL,1.38
2015,A,ITE32,TOTFERR,TOTAL,TOTAL,1.36
2016,A,ITE32,TOTFERR,TOTAL,TOTAL,1.32
2017,A,ITE32,TOTFERR,TOTAL,TOTAL,1.27
2018,A,ITE32,TOTFERR,TOTAL,TOTAL,1.24
2019,A,ITE32,TOTFERR,TOTAL,TOTAL,1.21
2020,A,ITE32,TOTFERR,TOTAL,TOTAL,1.21
2021,A,ITE32,TOTFERR,TOTAL,TOTAL,1.21
2022,A,ITE32,TOTFERR,TOTAL,TOTAL,1.14
2023,A,ITE32,TOTFERR,TOTAL,TOTAL,1.19
2024,A,ITE32,TOTFERR,TOTAL,TOTAL,1.1
2002,A,ITE33,TOTFERR,FRG,TOTAL,2.5
2003,A,ITE33,TOTFERR,FRG,TOTAL,2.53
2004,A,ITE33,TOTFERR,FRG,TOTAL,2.43
2005,A,ITE33,TOTFERR,FRG,TOTAL,2.61
2006,A,ITE33,TOTFERR,FRG,TOTAL,2.71
2007,A,ITE33,TOTFERR,FRG,TOTAL,2.62
2008,A,ITE33,TOTFERR,FRG,TOTAL,2.36
2009,A,ITE33,TOTFERR,FRG,TOTAL,2.28
2010,A,ITE33,TOTFERR,FRG,TOTAL,2.34
2011,A,ITE33,TOTFERR,FRG,TOTAL,2.29
2012,A,ITE33,TOTFERR,FRG,TOTAL,2.2
2013,A,ITE33,TOTFERR,FRG,TOTAL,2.06
2014,A,ITE33,TOTFERR,FRG,TOTAL,1.93
2015,A,ITE33,TOTFERR,FRG,TOTAL,1.96
2016,A,ITE33,TOTFERR,FRG,TOTAL,2.05
2017,A,ITE33,TOTFERR,FRG,TOTAL,1.99
2018,A,ITE33,TOTFERR,FRG,TOTAL,2.11
2019,A,ITE33,TOTFERR,FRG,TOTAL,2.17
2020,A,ITE33,TOTFERR,FRG,TOTAL,2.0
2021,A,ITE33,TOTFERR,FRG,TOTAL,1.97
2022,A,ITE33,TOTFERR,FRG,TOTAL,1.83
2023,A,ITE33,TOTFERR,FRG,TOTAL,1.89
2024,A,ITE33,TOTFERR,FRG,TOTAL,1.88
2002,A,ITE33,TOTFERR,ITL,TOTAL,1.12
2003,A,ITE33,TOTFERR,ITL,TOTAL,1.16
2004,A,ITE33,TOTFERR,ITL,TOTAL,1.16
2005,A,ITE33,TOTFERR,ITL,TOTAL,1.15
2006,A,ITE33,TOTFERR,ITL,TOTAL,1.18
2007,A,ITE33,TOTFERR,ITL,TOTAL,1.22
2008,A,ITE33,TOTFERR,ITL,TOTAL,1.22
2009,A,ITE33,TOTFERR,ITL,TOTAL,1.28
2010,A,ITE33,TOTFERR,ITL,TOTAL,1.25
2011,A,ITE33,TOTFERR,ITL,TOTAL,1.24
2012,A,ITE33,TOTFERR,ITL,TOTAL,1.2
2013,A,ITE33,TOTFERR,ITL,TOTAL,1.17
2014,A,ITE33,TOTFERR,ITL,TOTAL,1.26
2015,A,ITE33,TOTFERR,ITL,TOTAL,1.24
2016,A,ITE33,TOTFERR,ITL,TOTAL,1.23
2017,A,ITE33,TOTFERR,ITL,TOTAL,1.19
2018,A,ITE33,TOTFERR,ITL,TOTAL,1.12
2019,A,ITE33,TOTFERR,ITL,TOTAL,1.09
2020,A,ITE33,TOTFERR,ITL,TOTAL,1.12
2021,A,ITE33,TOTFERR,ITL,TOTAL,1.12
2022,A,ITE33,TOTFERR,ITL,TOTAL,1.08
2023,A,ITE33,TOTFERR,ITL,TOTAL,1.1
2024,A,ITE33,TOTFERR,ITL,TOTAL,1.06
1999,A,ITE33,TOTFERR,TOTAL,TOTAL,1.18
2000,A,ITE33,TOTFERR,TOTAL,TOTAL,1.21
2001,A,ITE33,TOTFERR,TOTAL,TOTAL,1.17
2002,A,ITE33,TOTFERR,TOTAL,TOTAL,1.22
2003,A,ITE33,TOTFERR,TOTAL,TOTAL,1.27
2004,A,ITE33,TOTFERR,TOTAL,TOTAL,1.29
2005,A,ITE33,TOTFERR,TOTAL,TOTAL,1.31
2006,A,ITE33,TOTFERR,TOTAL,TOTAL,1.34
2007,A,ITE33,TOTFERR,TOTAL,TOTAL,1.39
2008,A,ITE33,TOTFERR,TOTAL,TOTAL,1.39
2009,A,ITE33,TOTFERR,TOTAL,TOTAL,1.44
2010,A,ITE33,TOTFERR,TOTAL,TOTAL,1.44
2011,A,ITE33,TOTFERR,TOTAL,TOTAL,1.43
2012,A,ITE33,TOTFERR,TOTAL,TOTAL,1.39
2013,A,ITE33,TOTFERR,TOTAL,TOTAL,1.34
2014,A,ITE33,TOTFERR,TOTAL,TOTAL,1.38
2015,A,ITE33,TOTFERR,TOTAL,TOTAL,1.37
2016,A,ITE33,TOTFERR,TOTAL,TOTAL,1.36
2017,A,ITE33,TOTFERR,TOTAL,TOTAL,1.31
2018,A,ITE33,TOTFERR,TOTAL,TOTAL,1.27
2019,A,ITE33,TOTFERR,TOTAL,TOTAL,1.25
2020,A,ITE33,TOTFERR,TOTAL,TOTAL,1.24
2021,A,ITE33,TOTFERR,TOTAL,TOTAL,1.24
2022,A,ITE33,TOTFERR,TOTAL,TOTAL,1.17
2023,A,ITE33,TOTFERR,TOTAL,TOTAL,1.2
2024,A,ITE33,TOTFERR,TOTAL,TOTAL,1.16
2002,A,ITE34,TOTFERR,FRG,TOTAL,2.4
2003,A,ITE34,TOTFERR,FRG,TOTAL,2.24
2004,A,ITE34,TOTFERR,FRG,TOTAL,2.37
2005,A,ITE34,TOTFERR,FRG,TOTAL,2.19
2006,A,ITE34,TOTFERR,FRG,TOTAL,2.52
2007,A,ITE34,TOTFERR,FRG,TOTAL,2.02
2008,A,ITE34,TOTFERR,FRG,TOTAL,2.32
2009,A,ITE34,TOTFERR,FRG,TOTAL,2.06
2010,A,ITE34,TOTFERR,FRG,TOTAL,1.85
2011,A,ITE34,TOTFERR,FRG,TOTAL,1.93
2012,A,ITE34,TOTFERR,FRG,TOTAL,1.89
2013,A,ITE34,TOTFERR,FRG,TOTAL,1.69
2014,A,ITE34,TOTFERR,FRG,TOTAL,1.89
2015,A,ITE34,TOTFERR,FRG,TOTAL,1.69
2016,A,ITE34,TOTFERR,FRG,TOTAL,1.71
2017,A,ITE34,TOTFERR,FRG,TOTAL,1.72
2018,A,ITE34,TOTFERR,FRG,TOTAL,1.93
2019,A,ITE34,TOTFERR,FRG,TOTAL,1.74
2020,A,ITE34,TOTFERR,FRG,TOTAL,1.55
2021,A,ITE34,TOTFERR,FRG,TOTAL,1.71
2022,A,ITE34,TOTFERR,FRG,TOTAL,1.44
2023,A,ITE34,TOTFERR,FRG,TOTAL,1.69
2024,A,ITE34,TOTFERR,FRG,TOTAL,1.74
2002,A,ITE34,TOTFERR,ITL,TOTAL,1.07
2003,A,ITE34,TOTFERR,ITL,TOTAL,1.08
2004,A,ITE34,TOTFERR,ITL,TOTAL,1.16
2005,A,ITE34,TOTFERR,ITL,TOTAL,1.09
2006,A,ITE34,TOTFERR,ITL,TOTAL,1.16
2007,A,ITE34,TOTFERR,ITL,TOTAL,1.14
2008,A,ITE34,TOTFERR,ITL,TOTAL,1.23
2009,A,ITE34,TOTFERR,ITL,TOTAL,1.19
2010,A,ITE34,TOTFERR,ITL,TOTAL,1.23
2011,A,ITE34,TOTFERR,ITL,TOTAL,1.21
2012,A,ITE34,TOTFERR,ITL,TOTAL,1.2
2013,A,ITE34,TOTFERR,ITL,TOTAL,1.21
2014,A,ITE34,TOTFERR,ITL,TOTAL,1.26
2015,A,ITE34,TOTFERR,ITL,TOTAL,1.19
2016,A,ITE34,TOTFERR,ITL,TOTAL,1.22
2017,A,ITE34,TOTFERR,ITL,TOTAL,1.12
2018,A,ITE34,TOTFERR,ITL,TOTAL,1.08
2019,A,ITE34,TOTFERR,ITL,TOTAL,1.06
2020,A,ITE34,TOTFERR,ITL,TOTAL,1.12
2021,A,ITE34,TOTFERR,ITL,TOTAL,1.1
2022,A,ITE34,TOTFERR,ITL,TOTAL,1.13
2023,A,ITE34,TOTFERR,ITL,TOTAL,1.12
2024,A,ITE34,TOTFERR,ITL,TOTAL,1.07
1999,A,ITE34,TOTFERR,TOTAL,TOTAL,1.17
2000,A,ITE34,TOTFERR,TOTAL,TOTAL,1.2
2001,A,ITE34,TOTFERR,TOTAL,TOTAL,1.12
2002,A,ITE34,TOTFERR,TOTAL,TOTAL,1.12
2003,A,ITE34,TOTFERR,TOTAL,TOTAL,1.12
2004,A,ITE34,TOTFERR,TOTAL,TOTAL,1.21
2005,A,ITE34,TOTFERR,TOTAL,TOTAL,1.14
2006,A,ITE34,TOTFERR,TOTAL,TOTAL,1.24
2007,A,ITE34,TOTFERR,TOTAL,TOTAL,1.2
2008,A,ITE34,TOTFERR,TOTAL,TOTAL,1.33
2009,A,ITE34,TOTFERR,TOTAL,TOTAL,1.28
2010,A,ITE34,TOTFERR,TOTAL,TOTAL,1.3
2011,A,ITE34,TOTFERR,TOTAL,TOTAL,1.29
2012,A,ITE34,TOTFERR,TOTAL,TOTAL,1.28
2013,A,ITE34,TOTFERR,TOTAL,TOTAL,1.27
2014,A,ITE34,TOTFERR,TOTAL,TOTAL,1.33
2015,A,ITE34,TOTFERR,TOTAL,TOTAL,1.24
2016,A,ITE34,TOTFERR,TOTAL,TOTAL,1.26
2017,A,ITE34,TOTFERR,TOTAL,TOTAL,1.17
2018,A,ITE34,TOTFERR,TOTAL,TOTAL,1.15
2019,A,ITE34,TOTFERR,TOTAL,TOTAL,1.12
2020,A,ITE34,TOTFERR,TOTAL,TOTAL,1.13
2021,A,ITE34,TOTFERR,TOTAL,TOTAL,1.13
2022,A,ITE34,TOTFERR,TOTAL,TOTAL,1.14
2023,A,ITE34,TOTFERR,TOTAL,TOTAL,1.15
2024,A,ITE34,TOTFERR,TOTAL,TOTAL,1.11
2002,A,ITE4,TOTFERR,FRG,TOTAL,2.21
2003,A,ITE4,TOTFERR,FRG,TOTAL,2.35
2004,A,ITE4,TOTFERR,FRG,TOTAL,2.63
2005,A,ITE4,TOTFERR,FRG,TOTAL,2.74
2006,A,ITE4,TOTFERR,FRG,TOTAL,2.89
2007,A,ITE4,TOTFERR,FRG,TOTAL,2.62
2008,A,ITE4,TOTFERR,FRG,TOTAL,2.47
2009,A,ITE4,TOTFERR,FRG,TOTAL,2.19
2010,A,ITE4,TOTFERR,FRG,TOTAL,2.13
2011,A,ITE4,TOTFERR,FRG,TOTAL,2.15
2012,A,ITE4,TOTFERR,FRG,TOTAL,2.04
2013,A,ITE4,TOTFERR,FRG,TOTAL,2.01
2014,A,ITE4,TOTFERR,FRG,TOTAL,1.9
2015,A,ITE4,TOTFERR,FRG,TOTAL,1.82
2016,A,ITE4,TOTFERR,FRG,TOTAL,1.81
2017,A,ITE4,TOTFERR,FRG,TOTAL,1.75
2018,A,ITE4,TOTFERR,FRG,TOTAL,1.71
2019,A,ITE4,TOTFERR,FRG,TOTAL,1.66
2020,A,ITE4,TOTFERR,FRG,TOTAL,1.56
2021,A,ITE4,TOTFERR,FRG,TOTAL,1.5
2022,A,ITE4,TOTFERR,FRG,TOTAL,1.53
2023,A,ITE4,TOTFERR,FRG,TOTAL,1.5
2024,A,ITE4,TOTFERR,FRG,TOTAL,1.48
2002,A,ITE4,TOTFERR,ITL,TOTAL,1.16
2003,A,ITE4,TOTFERR,ITL,TOTAL,1.21
2004,A,ITE4,TOTFERR,ITL,TOTAL,1.23
2005,A,ITE4,TOTFERR,ITL,TOTAL,1.2
2006,A,ITE4,TOTFERR,ITL,TOTAL,1.26
2007,A,ITE4,TOTFERR,ITL,TOTAL,1.26
2008,A,ITE4,TOTFERR,ITL,TOTAL,1.37
2009,A,ITE4,TOTFERR,ITL,TOTAL,1.34
2010,A,ITE4,TOTFERR,ITL,TOTAL,1.35
2011,A,ITE4,TOTFERR,ITL,TOTAL,1.36
2012,A,ITE4,TOTFERR,ITL,TOTAL,1.34
2013,A,ITE4,TOTFERR,ITL,TOTAL,1.34
2014,A,ITE4,TOTFERR,ITL,TOTAL,1.32
2015,A,ITE4,TOTFERR,ITL,TOTAL,1.3
2016,A,ITE4,TOTFERR,ITL,TOTAL,1.3
2017,A,ITE4,TOTFERR,ITL,TOTAL,1.25
2018,A,ITE4,TOTFERR,ITL,TOTAL,1.2
2019,A,ITE4,TOTFERR,ITL,TOTAL,1.12
2020,A,ITE4,TOTFERR,ITL,TOTAL,1.13
2021,A,ITE4,TOTFERR,ITL,TOTAL,1.15
2022,A,ITE4,TOTFERR,ITL,TOTAL,1.12
2023,A,ITE4,TOTFERR,ITL,TOTAL,1.07
2024,A,ITE4,TOTFERR,ITL,TOTAL,1.06
1999,A,ITE4,TOTFERR,TOTAL,TOTAL,1.23
2000,A,ITE4,TOTFERR,TOTAL,TOTAL,1.19
2001,A,ITE4,TOTFERR,TOTAL,TOTAL,1.18
2002,A,ITE4,TOTFERR,TOTAL,TOTAL,1.2
2003,A,ITE4,TOTFERR,TOTAL,TOTAL,1.26
2004,A,ITE4,TOTFERR,TOTAL,TOTAL,1.3
2005,A,ITE4,TOTFERR,TOTAL,TOTAL,1.28
2006,A,ITE4,TOTFERR,TOTAL,TOTAL,1.34
2007,A,ITE4,TOTFERR,TOTAL,TOTAL,1.35
2008,A,ITE4,TOTFERR,TOTAL,TOTAL,1.46
2009,A,ITE4,TOTFERR,TOTAL,TOTAL,1.43
2010,A,ITE4,TOTFERR,TOTAL,TOTAL,1.44
2011,A,ITE4,TOTFERR,TOTAL,TOTAL,1.46
2012,A,ITE4,TOTFERR,TOTAL,TOTAL,1.44
2013,A,ITE4,TOTFERR,TOTAL,TOTAL,1.43
2014,A,ITE4,TOTFERR,TOTAL,TOTAL,1.4
2015,A,ITE4,TOTFERR,TOTAL,TOTAL,1.36
2016,A,ITE4,TOTFERR,TOTAL,TOTAL,1.36
2017,A,ITE4,TOTFERR,TOTAL,TOTAL,1.3
2018,A,ITE4,TOTFERR,TOTAL,TOTAL,1.25
2019,A,ITE4,TOTFERR,TOTAL,TOTAL,1.18
2020,A,ITE4,TOTFERR,TOTAL,TOTAL,1.18
2021,A,ITE4,TOTFERR,TOTAL,TOTAL,1.18
2022,A,ITE4,TOTFERR,TOTAL,TOTAL,1.16
2023,A,ITE4,TOTFERR,TOTAL,TOTAL,1.11
2024,A,ITE4,TOTFERR,TOTAL,TOTAL,1.1
2002,A,ITE41,TOTFERR,FRG,TOTAL,2.7
2003,A,ITE41,TOTFERR,FRG,TOTAL,2.04
2004,A,ITE41,TOTFERR,FRG,TOTAL,2.15
2005,A,ITE41,TOTFERR,FRG,TOTAL,3.11
2006,A,ITE41,TOTFERR,FRG,TOTAL,2.97
2007,A,ITE41,TOTFERR,FRG,TOTAL,2.66
2008,A,ITE41,TOTFERR,FRG,TOTAL,2.04
2009,A,ITE41,TOTFERR,FRG,TOTAL,1.86
2010,A,ITE41,TOTFERR,FRG,TOTAL,1.78
2011,A,ITE41,TOTFERR,FRG,TOTAL,2.02
2012,A,ITE41,TOTFERR,FRG,TOTAL,2.0
2013,A,ITE41,TOTFERR,FRG,TOTAL,1.7
2014,A,ITE41,TOTFERR,FRG,TOTAL,1.67
2015,A,ITE41,TOTFERR,FRG,TOTAL,1.62
2016,A,ITE41,TOTFERR,FRG,TOTAL,1.74
2017,A,ITE41,TOTFERR,FRG,TOTAL,1.66
2018,A,ITE41,TOTFERR,FRG,TOTAL,1.92
2019,A,ITE41,TOTFERR,FRG,TOTAL,1.72
2020,A,ITE41,TOTFERR,FRG,TOTAL,1.62
2021,A,ITE41,TOTFERR,FRG,TOTAL,1.55
2022,A,ITE41,TOTFERR,FRG,TOTAL,1.5
2023,A,ITE41,TOTFERR,FRG,TOTAL,1.64
2024,A,ITE41,TOTFERR,FRG,TOTAL,1.46
2002,A,ITE41,TOTFERR,ITL,TOTAL,1.02
2003,A,ITE41,TOTFERR,ITL,TOTAL,1.07
2004,A,ITE41,TOTFERR,ITL,TOTAL,1.08
2005,A,ITE41,TOTFERR,ITL,TOTAL,1.02
2006,A,ITE41,TOTFERR,ITL,TOTAL,1.12
2007,A,ITE41,TOTFERR,ITL,TOTAL,1.1
2008,A,ITE41,TOTFERR,ITL,TOTAL,1.18
2009,A,ITE41,TOTFERR,ITL,TOTAL,1.22
2010,A,ITE41,TOTFERR,ITL,TOTAL,1.21
2011,A,ITE41,TOTFERR,ITL,TOTAL,1.19
2012,A,ITE41,TOTFERR,ITL,TOTAL,1.18
2013,A,ITE41,TOTFERR,ITL,TOTAL,1.15
2014,A,ITE41,TOTFERR,ITL,TOTAL,1.21
2015,A,ITE41,TOTFERR,ITL,TOTAL,1.18
2016,A,ITE41,TOTFERR,ITL,TOTAL,1.15
2017,A,ITE41,TOTFERR,ITL,TOTAL,1.09
2018,A,ITE41,TOTFERR,ITL,TOTAL,1.09
2019,A,ITE41,TOTFERR,ITL,TOTAL,1.02
2020,A,ITE41,TOTFERR,ITL,TOTAL,1.02
2021,A,ITE41,TOTFERR,ITL,TOTAL,1.04
2022,A,ITE41,TOTFERR,ITL,TOTAL,1.06
2023,A,ITE41,TOTFERR,ITL,TOTAL,1.01
2024,A,ITE41,TOTFERR,ITL,TOTAL,0.94
1999,A,ITE41,TOTFERR,TOTAL,TOTAL,1.07
2000,A,ITE41,TOTFERR,TOTAL,TOTAL,1.11
2001,A,ITE41,TOTFERR,TOTAL,TOTAL,1.11
2002,A,ITE41,TOTFERR,TOTAL,TOTAL,1.07
2003,A,ITE41,TOTFERR,TOTAL,TOTAL,1.1
2004,A,ITE41,TOTFERR,TOTAL,TOTAL,1.11
2005,A,ITE41,TOTFERR,TOTAL,TOTAL,1.11
2006,A,ITE41,TOTFERR,TOTAL,TOTAL,1.21
2007,A,ITE41,TOTFERR,TOTAL,TOTAL,1.2
2008,A,ITE41,TOTFERR,TOTAL,TOTAL,1.26
2009,A,ITE41,TOTFERR,TOTAL,TOTAL,1.29
2010,A,ITE41,TOTFERR,TOTAL,TOTAL,1.28
2011,A,ITE41,TOTFERR,TOTAL,TOTAL,1.31
2012,A,ITE41,TOTFERR,TOTAL,TOTAL,1.31
2013,A,ITE41,TOTFERR,TOTAL,TOTAL,1.23
2014,A,ITE41,TOTFERR,TOTAL,TOTAL,1.27
2015,A,ITE41,TOTFERR,TOTAL,TOTAL,1.23
2016,A,ITE41,TOTFERR,TOTAL,TOTAL,1.23
2017,A,ITE41,TOTFERR,TOTAL,TOTAL,1.16
2018,A,ITE41,TOTFERR,TOTAL,TOTAL,1.2
2019,A,ITE41,TOTFERR,TOTAL,TOTAL,1.11
2020,A,ITE41,TOTFERR,TOTAL,TOTAL,1.09
2021,A,ITE41,TOTFERR,TOTAL,TOTAL,1.1
2022,A,ITE41,TOTFERR,TOTAL,TOTAL,1.1
2023,A,ITE41,TOTFERR,TOTAL,TOTAL,1.08
2024,A,ITE41,TOTFERR,TOTAL,TOTAL,1.0
2002,A,ITE42,TOTFERR,FRG,TOTAL,2.41
2003,A,ITE42,TOTFERR,FRG,TOTAL,1.9
2004,A,ITE42,TOTFERR,FRG,TOTAL,1.87
2005,A,ITE42,TOTFERR,FRG,TOTAL,2.18
2006,A,ITE42,TOTFERR,FRG,TOTAL,2.7
2007,A,ITE42,TOTFERR,FRG,TOTAL,2.3
2008,A,ITE42,TOTFERR,FRG,TOTAL,2.11
2009,A,ITE42,TOTFERR,FRG,TOTAL,2.0
2010,A,ITE42,TOTFERR,FRG,TOTAL,1.67
2011,A,ITE42,TOTFERR,FRG,TOTAL,1.85
2012,A,ITE42,TOTFERR,FRG,TOTAL,1.92
2013,A,ITE42,TOTFERR,FRG,TOTAL,1.52
2014,A,ITE42,TOTFERR,FRG,TOTAL,1.5
2015,A,ITE42,TOTFERR,FRG,TOTAL,1.49
2016,A,ITE42,TOTFERR,FRG,TOTAL,1.42
2017,A,ITE42,TOTFERR,FRG,TOTAL,1.66
2018,A,ITE42,TOTFERR,FRG,TOTAL,1.28
2019,A,ITE42,TOTFERR,FRG,TOTAL,1.59
2020,A,ITE42,TOTFERR,FRG,TOTAL,1.53
2021,A,ITE42,TOTFERR,FRG,TOTAL,1.77
2022,A,ITE42,TOTFERR,FRG,TOTAL,1.94
2023,A,ITE42,TOTFERR,FRG,TOTAL,1.85
2024,A,ITE42,TOTFERR,FRG,TOTAL,1.69
2002,A,ITE42,TOTFERR,ITL,TOTAL,1.11
2003,A,ITE42,TOTFERR,ITL,TOTAL,1.1
2004,A,ITE42,TOTFERR,ITL,TOTAL,1.15
2005,A,ITE42,TOTFERR,ITL,TOTAL,1.1
2006,A,ITE42,TOTFERR,ITL,TOTAL,1.18
2007,A,ITE42,TOTFERR,ITL,TOTAL,1.18
2008,A,ITE42,TOTFERR,ITL,TOTAL,1.22
2009,A,ITE42,TOTFERR,ITL,TOTAL,1.24
2010,A,ITE42,TOTFERR,ITL,TOTAL,1.19
2011,A,ITE42,TOTFERR,ITL,TOTAL,1.25
2012,A,ITE42,TOTFERR,ITL,TOTAL,1.22
2013,A,ITE42,TOTFERR,ITL,TOTAL,1.21
2014,A,ITE42,TOTFERR,ITL,TOTAL,1.18
2015,A,ITE42,TOTFERR,ITL,TOTAL,1.23
2016,A,ITE42,TOTFERR,ITL,TOTAL,1.13
2017,A,ITE42,TOTFERR,ITL,TOTAL,1.12
2018,A,ITE42,TOTFERR,ITL,TOTAL,1.09
2019,A,ITE42,TOTFERR,ITL,TOTAL,1.1
2020,A,ITE42,TOTFERR,ITL,TOTAL,1.11
2021,A,ITE42,TOTFERR,ITL,TOTAL,1.06
2022,A,ITE42,TOTFERR,ITL,TOTAL,1.02
2023,A,ITE42,TOTFERR,ITL,TOTAL,1.01
2024,A,ITE42,TOTFERR,ITL,TOTAL,1.05
1999,A,ITE42,TOTFERR,TOTAL,TOTAL,1.17
2000,A,ITE42,TOTFERR,TOTAL,TOTAL,1.14
2001,A,ITE42,TOTFERR,TOTAL,TOTAL,1.08
2002,A,ITE42,TOTFERR,TOTAL,TOTAL,1.14
2003,A,ITE42,TOTFERR,TOTAL,TOTAL,1.11
2004,A,ITE42,TOTFERR,TOTAL,TOTAL,1.16
2005,A,ITE42,TOTFERR,TOTAL,TOTAL,1.14
2006,A,ITE42,TOTFERR,TOTAL,TOTAL,1.23
2007,A,ITE42,TOTFERR,TOTAL,TOTAL,1.24
2008,A,ITE42,TOTFERR,TOTAL,TOTAL,1.29
2009,A,ITE42,TOTFERR,TOTAL,TOTAL,1.32
2010,A,ITE42,TOTFERR,TOTAL,TOTAL,1.23
2011,A,ITE42,TOTFERR,TOTAL,TOTAL,1.32
2012,A,ITE42,TOTFERR,TOTAL,TOTAL,1.31
2013,A,ITE42,TOTFERR,TOTAL,TOTAL,1.24
2014,A,ITE42,TOTFERR,TOTAL,TOTAL,1.21
2015,A,ITE42,TOTFERR,TOTAL,TOTAL,1.25
2016,A,ITE42,TOTFERR,TOTAL,TOTAL,1.16
2017,A,ITE42,TOTFERR,TOTAL,TOTAL,1.17
2018,A,ITE42,TOTFERR,TOTAL,TOTAL,1.1
2019,A,ITE42,TOTFERR,TOTAL,TOTAL,1.16
2020,A,ITE42,TOTFERR,TOTAL,TOTAL,1.15
2021,A,ITE42,TOTFERR,TOTAL,TOTAL,1.13
2022,A,ITE42,TOTFERR,TOTAL,TOTAL,1.12
2023,A,ITE42,TOTFERR,TOTAL,TOTAL,1.1
2024,A,ITE42,TOTFERR,TOTAL,TOTAL,1.11
2002,A,ITE43,TOTFERR,FRG,TOTAL,2.1
2003,A,ITE43,TOTFERR,FRG,TOTAL,2.33
2004,A,ITE43,TOTFERR,FRG,TOTAL,2.64
2005,A,ITE43,TOTFERR,FRG,TOTAL,2.72
2006,A,ITE43,TOTFERR,FRG,TOTAL,2.85
2007,A,ITE43,TOTFERR,FRG,TOTAL,2.58
2008,A,ITE43,TOTFERR,FRG,TOTAL,2.49
2009,A,ITE43,TOTFERR,FRG,TOTAL,2.22
2010,A,ITE43,TOTFERR,FRG,TOTAL,2.14
2011,A,ITE43,TOTFERR,FRG,TOTAL,2.14
2012,A,ITE43,TOTFERR,FRG,TOTAL,2.01
2013,A,ITE43,TOTFERR,FRG,TOTAL,2.0
2014,A,ITE43,TOTFERR,FRG,TOTAL,1.89
2015,A,ITE43,TOTFERR,FRG,TOTAL,1.83
2016,A,ITE43,TOTFERR,FRG,TOTAL,1.79
2017,A,ITE43,TOTFERR,FRG,TOTAL,1.72
2018,A,ITE43,TOTFERR,FRG,TOTAL,1.67
2019,A,ITE43,TOTFERR,FRG,TOTAL,1.62
2020,A,ITE43,TOTFERR,FRG,TOTAL,1.51
2021,A,ITE43,TOTFERR,FRG,TOTAL,1.43
2022,A,ITE43,TOTFERR,FRG,TOTAL,1.49
2023,A,ITE43,TOTFERR,FRG,TOTAL,1.42
2024,A,ITE43,TOTFERR,FRG,TOTAL,1.45
2002,A,ITE43,TOTFERR,ITL,TOTAL,1.16
2003,A,ITE43,TOTFERR,ITL,TOTAL,1.23
2004,A,ITE43,TOTFERR,ITL,TOTAL,1.25
2005,A,ITE43,TOTFERR,ITL,TOTAL,1.22
2006,A,ITE43,TOTFERR,ITL,TOTAL,1.28
2007,A,ITE43,TOTFERR,ITL,TOTAL,1.27
2008,A,ITE43,TOTFERR,ITL,TOTAL,1.41
2009,A,ITE43,TOTFERR,ITL,TOTAL,1.36
2010,A,ITE43,TOTFERR,ITL,TOTAL,1.36
2011,A,ITE43,TOTFERR,ITL,TOTAL,1.4
2012,A,ITE43,TOTFERR,ITL,TOTAL,1.36
2013,A,ITE43,TOTFERR,ITL,TOTAL,1.37
2014,A,ITE43,TOTFERR,ITL,TOTAL,1.34
2015,A,ITE43,TOTFERR,ITL,TOTAL,1.31
2016,A,ITE43,TOTFERR,ITL,TOTAL,1.32
2017,A,ITE43,TOTFERR,ITL,TOTAL,1.25
2018,A,ITE43,TOTFERR,ITL,TOTAL,1.2
2019,A,ITE43,TOTFERR,ITL,TOTAL,1.12
2020,A,ITE43,TOTFERR,ITL,TOTAL,1.14
2021,A,ITE43,TOTFERR,ITL,TOTAL,1.16
2022,A,ITE43,TOTFERR,ITL,TOTAL,1.13
2023,A,ITE43,TOTFERR,ITL,TOTAL,1.07
2024,A,ITE43,TOTFERR,ITL,TOTAL,1.07
1999,A,ITE43,TOTFERR,TOTAL,TOTAL,1.24
2000,A,ITE43,TOTFERR,TOTAL,TOTAL,1.19
2001,A,ITE43,TOTFERR,TOTAL,TOTAL,1.18
2002,A,ITE43,TOTFERR,TOTAL,TOTAL,1.21
2003,A,ITE43,TOTFERR,TOTAL,TOTAL,1.28
2004,A,ITE43,TOTFERR,TOTAL,TOTAL,1.33
2005,A,ITE43,TOTFERR,TOTAL,TOTAL,1.3
2006,A,ITE43,TOTFERR,TOTAL,TOTAL,1.37
2007,A,ITE43,TOTFERR,TOTAL,TOTAL,1.37
2008,A,ITE43,TOTFERR,TOTAL,TOTAL,1.51
2009,A,ITE43,TOTFERR,TOTAL,TOTAL,1.45
2010,A,ITE43,TOTFERR,TOTAL,TOTAL,1.46
2011,A,ITE43,TOTFERR,TOTAL,TOTAL,1.5
2012,A,ITE43,TOTFERR,TOTAL,TOTAL,1.46
2013,A,ITE43,TOTFERR,TOTAL,TOTAL,1.46
2014,A,ITE43,TOTFERR,TOTAL,TOTAL,1.42
2015,A,ITE43,TOTFERR,TOTAL,TOTAL,1.38
2016,A,ITE43,TOTFERR,TOTAL,TOTAL,1.38
2017,A,ITE43,TOTFERR,TOTAL,TOTAL,1.31
2018,A,ITE43,TOTFERR,TOTAL,TOTAL,1.25
2019,A,ITE43,TOTFERR,TOTAL,TOTAL,1.17
2020,A,ITE43,TOTFERR,TOTAL,TOTAL,1.17
2021,A,ITE43,TOTFERR,TOTAL,TOTAL,1.18
2022,A,ITE43,TOTFERR,TOTAL,TOTAL,1.15
2023,A,ITE43,TOTFERR,TOTAL,TOTAL,1.1
2024,A,ITE43,TOTFERR,TOTAL,TOTAL,1.1
2002,A,ITE44,TOTFERR,FRG,TOTAL,3.12
2003,A,ITE44,TOTFERR,FRG,TOTAL,2.87
2004,A,ITE44,TOTFERR,FRG,TOTAL,3.53
2005,A,ITE44,TOTFERR,FRG,TOTAL,3.12
2006,A,ITE44,TOTFERR,FRG,TOTAL,3.36
2007,A,ITE44,TOTFERR,FRG,TOTAL,3.11
2008,A,ITE44,TOTFERR,FRG,TOTAL,2.73
2009,A,ITE44,TOTFERR,FRG,TOTAL,2.23
2010,A,ITE44,TOTFERR,FRG,TOTAL,2.3
2011,A,ITE44,TOTFERR,FRG,TOTAL,2.31
2012,A,ITE44,TOTFERR,FRG,TOTAL,2.38
2013,A,ITE44,TOTFERR,FRG,TOTAL,2.42
2014,A,ITE44,TOTFERR,FRG,TOTAL,2.16
2015,A,ITE44,TOTFERR,FRG,TOTAL,2.05
2016,A,ITE44,TOTFERR,FRG,TOTAL,2.08
2017,A,ITE44,TOTFERR,FRG,TOTAL,2.15
2018,A,ITE44,TOTFERR,FRG,TOTAL,2.08
2019,A,ITE44,TOTFERR,FRG,TOTAL,2.08
2020,A,ITE44,TOTFERR,FRG,TOTAL,1.95
2021,A,ITE44,TOTFERR,FRG,TOTAL,1.97
2022,A,ITE44,TOTFERR,FRG,TOTAL,1.74
2023,A,ITE44,TOTFERR,FRG,TOTAL,1.82
2024,A,ITE44,TOTFERR,FRG,TOTAL,1.63
2002,A,ITE44,TOTFERR,ITL,TOTAL,1.22
2003,A,ITE44,TOTFERR,ITL,TOTAL,1.24
2004,A,ITE44,TOTFERR,ITL,TOTAL,1.24
2005,A,ITE44,TOTFERR,ITL,TOTAL,1.23
2006,A,ITE44,TOTFERR,ITL,TOTAL,1.29
2007,A,ITE44,TOTFERR,ITL,TOTAL,1.28
2008,A,ITE44,TOTFERR,ITL,TOTAL,1.35
2009,A,ITE44,TOTFERR,ITL,TOTAL,1.37
2010,A,ITE44,TOTFERR,ITL,TOTAL,1.4
2011,A,ITE44,TOTFERR,ITL,TOTAL,1.39
2012,A,ITE44,TOTFERR,ITL,TOTAL,1.37
2013,A,ITE44,TOTFERR,ITL,TOTAL,1.33
2014,A,ITE44,TOTFERR,ITL,TOTAL,1.35
2015,A,ITE44,TOTFERR,ITL,TOTAL,1.31
2016,A,ITE44,TOTFERR,ITL,TOTAL,1.32
2017,A,ITE44,TOTFERR,ITL,TOTAL,1.31
2018,A,ITE44,TOTFERR,ITL,TOTAL,1.27
2019,A,ITE44,TOTFERR,ITL,TOTAL,1.19
2020,A,ITE44,TOTFERR,ITL,TOTAL,1.16
2021,A,ITE44,TOTFERR,ITL,TOTAL,1.2
2022,A,ITE44,TOTFERR,ITL,TOTAL,1.16
2023,A,ITE44,TOTFERR,ITL,TOTAL,1.14
2024,A,ITE44,TOTFERR,ITL,TOTAL,1.07
1999,A,ITE44,TOTFERR,TOTAL,TOTAL,1.25
2000,A,ITE44,TOTFERR,TOTAL,TOTAL,1.27
2001,A,ITE44,TOTFERR,TOTAL,TOTAL,1.22
2002,A,ITE44,TOTFERR,TOTAL,TOTAL,1.26
2003,A,ITE44,TOTFERR,TOTAL,TOTAL,1.27
2004,A,ITE44,TOTFERR,TOTAL,TOTAL,1.29
2005,A,ITE44,TOTFERR,TOTAL,TOTAL,1.27
2006,A,ITE44,TOTFERR,TOTAL,TOTAL,1.34
2007,A,ITE44,TOTFERR,TOTAL,TOTAL,1.35
2008,A,ITE44,TOTFERR,TOTAL,TOTAL,1.44
2009,A,ITE44,TOTFERR,TOTAL,TOTAL,1.44
2010,A,ITE44,TOTFERR,TOTAL,TOTAL,1.48
2011,A,ITE44,TOTFERR,TOTAL,TOTAL,1.47
2012,A,ITE44,TOTFERR,TOTAL,TOTAL,1.47
2013,A,ITE44,TOTFERR,TOTAL,TOTAL,1.44
2014,A,ITE44,TOTFERR,TOTAL,TOTAL,1.44
2015,A,ITE44,TOTFERR,TOTAL,TOTAL,1.39
2016,A,ITE44,TOTFERR,TOTAL,TOTAL,1.39
2017,A,ITE44,TOTFERR,TOTAL,TOTAL,1.4
2018,A,ITE44,TOTFERR,TOTAL,TOTAL,1.36
2019,A,ITE44,TOTFERR,TOTAL,TOTAL,1.28
2020,A,ITE44,TOTFERR,TOTAL,TOTAL,1.24
2021,A,ITE44,TOTFERR,TOTAL,TOTAL,1.28
2022,A,ITE44,TOTFERR,TOTAL,TOTAL,1.22
2023,A,ITE44,TOTFERR,TOTAL,TOTAL,1.21
2024,A,ITE44,TOTFERR,TOTAL,TOTAL,1.13
2002,A,ITE45,TOTFERR,FRG,TOTAL,2.54
2003,A,ITE45,TOTFERR,FRG,TOTAL,2.65
2004,A,ITE45,TOTFERR,FRG,TOTAL,2.35
2005,A,ITE45,TOTFERR,FRG,TOTAL,2.57
2006,A,ITE45,TOTFERR,FRG,TOTAL,2.84
2007,A,ITE45,TOTFERR,FRG,TOTAL,2.6
2008,A,ITE45,TOTFERR,FRG,TOTAL,2.42
2009,A,ITE45,TOTFERR,FRG,TOTAL,2.26
2010,A,ITE45,TOTFERR,FRG,TOTAL,2.18
2011,A,ITE45,TOTFERR,FRG,TOTAL,2.13
2012,A,ITE45,TOTFERR,FRG,TOTAL,2.16
2013,A,ITE45,TOTFERR,FRG,TOTAL,2.03
2014,A,ITE45,TOTFERR,FRG,TOTAL,1.95
2015,A,ITE45,TOTFERR,FRG,TOTAL,1.7
2016,A,ITE45,TOTFERR,FRG,TOTAL,1.89
2017,A,ITE45,TOTFERR,FRG,TOTAL,1.71
2018,A,ITE45,TOTFERR,FRG,TOTAL,1.6
2019,A,ITE45,TOTFERR,FRG,TOTAL,1.56
2020,A,ITE45,TOTFERR,FRG,TOTAL,1.55
2021,A,ITE45,TOTFERR,FRG,TOTAL,1.65
2022,A,ITE45,TOTFERR,FRG,TOTAL,1.61
2023,A,ITE45,TOTFERR,FRG,TOTAL,1.72
2024,A,ITE45,TOTFERR,FRG,TOTAL,1.54
2002,A,ITE45,TOTFERR,ITL,TOTAL,1.11
2003,A,ITE45,TOTFERR,ITL,TOTAL,1.13
2004,A,ITE45,TOTFERR,ITL,TOTAL,1.15
2005,A,ITE45,TOTFERR,ITL,TOTAL,1.13
2006,A,ITE45,TOTFERR,ITL,TOTAL,1.16
2007,A,ITE45,TOTFERR,ITL,TOTAL,1.21
2008,A,ITE45,TOTFERR,ITL,TOTAL,1.22
2009,A,ITE45,TOTFERR,ITL,TOTAL,1.21
2010,A,ITE45,TOTFERR,ITL,TOTAL,1.27
2011,A,ITE45,TOTFERR,ITL,TOTAL,1.2
2012,A,ITE45,TOTFERR,ITL,TOTAL,1.25
2013,A,ITE45,TOTFERR,ITL,TOTAL,1.22
2014,A,ITE45,TOTFERR,ITL,TOTAL,1.21
2015,A,ITE45,TOTFERR,ITL,TOTAL,1.23
2016,A,ITE45,TOTFERR,ITL,TOTAL,1.29
2017,A,ITE45,TOTFERR,ITL,TOTAL,1.22
2018,A,ITE45,TOTFERR,ITL,TOTAL,1.16
2019,A,ITE45,TOTFERR,ITL,TOTAL,1.12
2020,A,ITE45,TOTFERR,ITL,TOTAL,1.15
2021,A,ITE45,TOTFERR,ITL,TOTAL,1.11
2022,A,ITE45,TOTFERR,ITL,TOTAL,1.12
2023,A,ITE45,TOTFERR,ITL,TOTAL,1.09
2024,A,ITE45,TOTFERR,ITL,TOTAL,1.06
1999,A,ITE45,TOTFERR,TOTAL,TOTAL,1.15
2000,A,ITE45,TOTFERR,TOTAL,TOTAL,1.18
2001,A,ITE45,TOTFERR,TOTAL,TOTAL,1.12
2002,A,ITE45,TOTFERR,TOTAL,TOTAL,1.14
2003,A,ITE45,TOTFERR,TOTAL,TOTAL,1.16
2004,A,ITE45,TOTFERR,TOTAL,TOTAL,1.17
2005,A,ITE45,TOTFERR,TOTAL,TOTAL,1.17
2006,A,ITE45,TOTFERR,TOTAL,TOTAL,1.2
2007,A,ITE45,TOTFERR,TOTAL,TOTAL,1.26
2008,A,ITE45,TOTFERR,TOTAL,TOTAL,1.27
2009,A,ITE45,TOTFERR,TOTAL,TOTAL,1.27
2010,A,ITE45,TOTFERR,TOTAL,TOTAL,1.32
2011,A,ITE45,TOTFERR,TOTAL,TOTAL,1.26
2012,A,ITE45,TOTFERR,TOTAL,TOTAL,1.32
2013,A,ITE45,TOTFERR,TOTAL,TOTAL,1.28
2014,A,ITE45,TOTFERR,TOTAL,TOTAL,1.26
2015,A,ITE45,TOTFERR,TOTAL,TOTAL,1.26
2016,A,ITE45,TOTFERR,TOTAL,TOTAL,1.33
2017,A,ITE45,TOTFERR,TOTAL,TOTAL,1.25
2018,A,ITE45,TOTFERR,TOTAL,TOTAL,1.18
2019,A,ITE45,TOTFERR,TOTAL,TOTAL,1.15
2020,A,ITE45,TOTFERR,TOTAL,TOTAL,1.18
2021,A,ITE45,TOTFERR,TOTAL,TOTAL,1.14
2022,A,ITE45,TOTFERR,TOTAL,TOTAL,1.15
2023,A,ITE45,TOTFERR,TOTAL,TOTAL,1.13
2024,A,ITE45,TOTFERR,TOTAL,TOTAL,1.09
2002,A,ITF,TOTFERR,FRG,TOTAL,2.53
2003,A,ITF,TOTFERR,FRG,TOTAL,2.48
2004,A,ITF,TOTFERR,FRG,TOTAL,2.45
2005,A,ITF,TOTFERR,FRG,TOTAL,2.36
2006,A,ITF,TOTFERR,FRG,TOTAL,2.61
2007,A,ITF,TOTFERR,FRG,TOTAL,2.5
2008,A,ITF,TOTFERR,FRG,TOTAL,2.14
2009,A,ITF,TOTFERR,FRG,TOTAL,2.08
2010,A,ITF,TOTFERR,FRG,TOTAL,1.98
2011,A,ITF,TOTFERR,FRG,TOTAL,1.96
2012,A,ITF,TOTFERR,FRG,TOTAL,1.93
2013,A,ITF,TOTFERR,FRG,TOTAL,1.91
2014,A,ITF,TOTFERR,FRG,TOTAL,1.88
2015,A,ITF,TOTFERR,FRG,TOTAL,1.84
2016,A,ITF,TOTFERR,FRG,TOTAL,1.88
2017,A,ITF,TOTFERR,FRG,TOTAL,1.95
2018,A,ITF,TOTFERR,FRG,TOTAL,1.85
2019,A,ITF,TOTFERR,FRG,TOTAL,1.83
2020,A,ITF,TOTFERR,FRG,TOTAL,1.83
2021,A,ITF,TOTFERR,FRG,TOTAL,1.82
2022,A,ITF,TOTFERR,FRG,TOTAL,1.84
2023,A,ITF,TOTFERR,FRG,TOTAL,1.8
2024,A,ITF,TOTFERR,FRG,TOTAL,1.73
2002,A,ITF,TOTFERR,ITL,TOTAL,1.33
2003,A,ITF,TOTFERR,ITL,TOTAL,1.34
2004,A,ITF,TOTFERR,ITL,TOTAL,1.36
2005,A,ITF,TOTFERR,ITL,TOTAL,1.33
2006,A,ITF,TOTFERR,ITL,TOTAL,1.33
2007,A,ITF,TOTFERR,ITL,TOTAL,1.34
2008,A,ITF,TOTFERR,ITL,TOTAL,1.35
2009,A,ITF,TOTFERR,ITL,TOTAL,1.35
2010,A,ITF,TOTFERR,ITL,TOTAL,1.35
2011,A,ITF,TOTFERR,ITL,TOTAL,1.32
2012,A,ITF,TOTFERR,ITL,TOTAL,1.31
2013,A,ITF,TOTFERR,ITL,TOTAL,1.29
2014,A,ITF,TOTFERR,ITL,TOTAL,1.28
2015,A,ITF,TOTFERR,ITL,TOTAL,1.28
2016,A,ITF,TOTFERR,ITL,TOTAL,1.29
2017,A,ITF,TOTFERR,ITL,TOTAL,1.28
2018,A,ITF,TOTFERR,ITL,TOTAL,1.25
2019,A,ITF,TOTFERR,ITL,TOTAL,1.23
2020,A,ITF,TOTFERR,ITL,TOTAL,1.21
2021,A,ITF,TOTFERR,ITL,TOTAL,1.21
2022,A,ITF,TOTFERR,ITL,TOTAL,1.24
2023,A,ITF,TOTFERR,ITL,TOTAL,1.22
2024,A,ITF,TOTFERR,ITL,TOTAL,1.19
1999,A,ITF,TOTFERR,TOTAL,TOTAL,1.36
2000,A,ITF,TOTFERR,TOTAL,TOTAL,1.37
2001,A,ITF,TOTFERR,TOTAL,TOTAL,1.36
2002,A,ITF,TOTFERR,TOTAL,TOTAL,1.34
2003,A,ITF,TOTFERR,TOTAL,TOTAL,1.36
2004,A,ITF,TOTFERR,TOTAL,TOTAL,1.37
2005,A,ITF,TOTFERR,TOTAL,TOTAL,1.34
2006,A,ITF,TOTFERR,TOTAL,TOTAL,1.35
2007,A,ITF,TOTFERR,TOTAL,TOTAL,1.36
2008,A,ITF,TOTFERR,TOTAL,TOTAL,1.37
2009,A,ITF,TOTFERR,TOTAL,TOTAL,1.37
2010,A,ITF,TOTFERR,TOTAL,TOTAL,1.37
2011,A,ITF,TOTFERR,TOTAL,TOTAL,1.35
2012,A,ITF,TOTFERR,TOTAL,TOTAL,1.34
2013,A,ITF,TOTFERR,TOTAL,TOTAL,1.31
2014,A,ITF,TOTFERR,TOTAL,TOTAL,1.31
2015,A,ITF,TOTFERR,TOTAL,TOTAL,1.3
2016,A,ITF,TOTFERR,TOTAL,TOTAL,1.31
2017,A,ITF,TOTFERR,TOTAL,TOTAL,1.3
2018,A,ITF,TOTFERR,TOTAL,TOTAL,1.27
2019,A,ITF,TOTFERR,TOTAL,TOTAL,1.25
2020,A,ITF,TOTFERR,TOTAL,TOTAL,1.24
2021,A,ITF,TOTFERR,TOTAL,TOTAL,1.23
2022,A,ITF,TOTFERR,TOTAL,TOTAL,1.26
2023,A,ITF,TOTFERR,TOTAL,TOTAL,1.24
2024,A,ITF,TOTFERR,TOTAL,TOTAL,1.21
2002,A,ITF1,TOTFERR,FRG,TOTAL,2.14
2003,A,ITF1,TOTFERR,FRG,TOTAL,2.41
2004,A,ITF1,TOTFERR,FRG,TOTAL,2.41
2005,A,ITF1,TOTFERR,FRG,TOTAL,2.54
2006,A,ITF1,TOTFERR,FRG,TOTAL,2.69
2007,A,ITF1,TOTFERR,FRG,TOTAL,2.58
2008,A,ITF1,TOTFERR,FRG,TOTAL,2.16
2009,A,ITF1,TOTFERR,FRG,TOTAL,2.12
2010,A,ITF1,TOTFERR,FRG,TOTAL,2.09
2011,A,ITF1,TOTFERR,FRG,TOTAL,2.07
2012,A,ITF1,TOTFERR,FRG,TOTAL,2.0
2013,A,ITF1,TOTFERR,FRG,TOTAL,1.89
2014,A,ITF1,TOTFERR,FRG,TOTAL,1.89
2015,A,ITF1,TOTFERR,FRG,TOTAL,1.86
2016,A,ITF1,TOTFERR,FRG,TOTAL,1.88
2017,A,ITF1,TOTFERR,FRG,TOTAL,1.95
2018,A,ITF1,TOTFERR,FRG,TOTAL,1.81
2019,A,ITF1,TOTFERR,FRG,TOTAL,1.77
2020,A,ITF1,TOTFERR,FRG,TOTAL,1.78
2021,A,ITF1,TOTFERR,FRG,TOTAL,1.85
2022,A,ITF1,TOTFERR,FRG,TOTAL,1.84
2023,A,ITF1,TOTFERR,FRG,TOTAL,1.84
2024,A,ITF1,TOTFERR,FRG,TOTAL,1.83
2002,A,ITF1,TOTFERR,ITL,TOTAL,1.12
2003,A,ITF1,TOTFERR,ITL,TOTAL,1.15
2004,A,ITF1,TOTFERR,ITL,TOTAL,1.16
2005,A,ITF1,TOTFERR,ITL,TOTAL,1.17
2006,A,ITF1,TOTFERR,ITL,TOTAL,1.16
2007,A,ITF1,TOTFERR,ITL,TOTAL,1.2
2008,A,ITF1,TOTFERR,ITL,TOTAL,1.25
2009,A,ITF1,TOTFERR,ITL,TOTAL,1.21
2010,A,ITF1,TOTFERR,ITL,TOTAL,1.27
2011,A,ITF1,TOTFERR,ITL,TOTAL,1.24
2012,A,ITF1,TOTFERR,ITL,TOTAL,1.25
2013,A,ITF1,TOTFERR,ITL,TOTAL,1.23
2014,A,ITF1,TOTFERR,ITL,TOTAL,1.23
2015,A,ITF1,TOTFERR,ITL,TOTAL,1.23
2016,A,ITF1,TOTFERR,ITL,TOTAL,1.24
2017,A,ITF1,TOTFERR,ITL,TOTAL,1.19
2018,A,ITF1,TOTFERR,ITL,TOTAL,1.15
2019,A,ITF1,TOTFERR,ITL,TOTAL,1.12
2020,A,ITF1,TOTFERR,ITL,TOTAL,1.12
2021,A,ITF1,TOTFERR,ITL,TOTAL,1.15
2022,A,ITF1,TOTFERR,ITL,TOTAL,1.13
2023,A,ITF1,TOTFERR,ITL,TOTAL,1.08
2024,A,ITF1,TOTFERR,ITL,TOTAL,1.06
1999,A,ITF1,TOTFERR,TOTAL,TOTAL,1.14
2000,A,ITF1,TOTFERR,TOTAL,TOTAL,1.16
2001,A,ITF1,TOTFERR,TOTAL,TOTAL,1.17
2002,A,ITF1,TOTFERR,TOTAL,TOTAL,1.14
2003,A,ITF1,TOTFERR,TOTAL,TOTAL,1.19
2004,A,ITF1,TOTFERR,TOTAL,TOTAL,1.2
2005,A,ITF1,TOTFERR,TOTAL,TOTAL,1.22
2006,A,ITF1,TOTFERR,TOTAL,TOTAL,1.22
2007,A,ITF1,TOTFERR,TOTAL,TOTAL,1.27
2008,A,ITF1,TOTFERR,TOTAL,TOTAL,1.31
2009,A,ITF1,TOTFERR,TOTAL,TOTAL,1.29
2010,A,ITF1,TOTFERR,TOTAL,TOTAL,1.34
2011,A,ITF1,TOTFERR,TOTAL,TOTAL,1.32
2012,A,ITF1,TOTFERR,TOTAL,TOTAL,1.33
2013,A,ITF1,TOTFERR,TOTAL,TOTAL,1.3
2014,A,ITF1,TOTFERR,TOTAL,TOTAL,1.3
2015,A,ITF1,TOTFERR,TOTAL,TOTAL,1.29
2016,A,ITF1,TOTFERR,TOTAL,TOTAL,1.29
2017,A,ITF1,TOTFERR,TOTAL,TOTAL,1.25
2018,A,ITF1,TOTFERR,TOTAL,TOTAL,1.2
2019,A,ITF1,TOTFERR,TOTAL,TOTAL,1.17
2020,A,ITF1,TOTFERR,TOTAL,TOTAL,1.17
2021,A,ITF1,TOTFERR,TOTAL,TOTAL,1.2
2022,A,ITF1,TOTFERR,TOTAL,TOTAL,1.18
2023,A,ITF1,TOTFERR,TOTAL,TOTAL,1.14
2024,A,ITF1,TOTFERR,TOTAL,TOTAL,1.12
2002,A,ITF11,TOTFERR,FRG,TOTAL,1.9
2003,A,ITF11,TOTFERR,FRG,TOTAL,2.18
2004,A,ITF11,TOTFERR,FRG,TOTAL,2.05
2005,A,ITF11,TOTFERR,FRG,TOTAL,2.22
2006,A,ITF11,TOTFERR,FRG,TOTAL,2.33
2007,A,ITF11,TOTFERR,FRG,TOTAL,2.5
2008,A,ITF11,TOTFERR,FRG,TOTAL,1.89
2009,A,ITF11,TOTFERR,FRG,TOTAL,1.99
2010,A,ITF11,TOTFERR,FRG,TOTAL,2.38
2011,A,ITF11,TOTFERR,FRG,TOTAL,2.12
2012,A,ITF11,TOTFERR,FRG,TOTAL,2.13
2013,A,ITF11,TOTFERR,FRG,TOTAL,2.07
2014,A,ITF11,TOTFERR,FRG,TOTAL,1.95
2015,A,ITF11,TOTFERR,FRG,TOTAL,2.12
2016,A,ITF11,TOTFERR,FRG,TOTAL,2.06
2017,A,ITF11,TOTFERR,FRG,TOTAL,2.09
2018,A,ITF11,TOTFERR,FRG,TOTAL,1.92
2019,A,ITF11,TOTFERR,FRG,TOTAL,1.75
2020,A,ITF11,TOTFERR,FRG,TOTAL,1.74
2021,A,ITF11,TOTFERR,FRG,TOTAL,1.77
2022,A,ITF11,TOTFERR,FRG,TOTAL,1.74
2023,A,ITF11,TOTFERR,FRG,TOTAL,1.94
2024,A,ITF11,TOTFERR,FRG,TOTAL,1.9
2002,A,ITF11,TOTFERR,ITL,TOTAL,1.06
2003,A,ITF11,TOTFERR,ITL,TOTAL,1.13
2004,A,ITF11,TOTFERR,ITL,TOTAL,1.13
2005,A,ITF11,TOTFERR,ITL,TOTAL,1.09
2006,A,ITF11,TOTFERR,ITL,TOTAL,1.06
2007,A,ITF11,TOTFERR,ITL,TOTAL,1.13
2008,A,ITF11,TOTFERR,ITL,TOTAL,1.17
2009,A,ITF11,TOTFERR,ITL,TOTAL,1.15
2010,A,ITF11,TOTFERR,ITL,TOTAL,1.2
2011,A,ITF11,TOTFERR,ITL,TOTAL,1.2
2012,A,ITF11,TOTFERR,ITL,TOTAL,1.24
2013,A,ITF11,TOTFERR,ITL,TOTAL,1.17
2014,A,ITF11,TOTFERR,ITL,TOTAL,1.16
2015,A,ITF11,TOTFERR,ITL,TOTAL,1.19
2016,A,ITF11,TOTFERR,ITL,TOTAL,1.17
2017,A,ITF11,TOTFERR,ITL,TOTAL,1.13
2018,A,ITF11,TOTFERR,ITL,TOTAL,1.13
2019,A,ITF11,TOTFERR,ITL,TOTAL,1.05
2020,A,ITF11,TOTFERR,ITL,TOTAL,1.09
2021,A,ITF11,TOTFERR,ITL,TOTAL,1.04
2022,A,ITF11,TOTFERR,ITL,TOTAL,1.1
2023,A,ITF11,TOTFERR,ITL,TOTAL,1.03
2024,A,ITF11,TOTFERR,ITL,TOTAL,1.06
1999,A,ITF11,TOTFERR,TOTAL,TOTAL,1.11
2000,A,ITF11,TOTFERR,TOTAL,TOTAL,1.09
2001,A,ITF11,TOTFERR,TOTAL,TOTAL,1.16
2002,A,ITF11,TOTFERR,TOTAL,TOTAL,1.08
2003,A,ITF11,TOTFERR,TOTAL,TOTAL,1.16
2004,A,ITF11,TOTFERR,TOTAL,TOTAL,1.17
2005,A,ITF11,TOTFERR,TOTAL,TOTAL,1.14
2006,A,ITF11,TOTFERR,TOTAL,TOTAL,1.12
2007,A,ITF11,TOTFERR,TOTAL,TOTAL,1.21
2008,A,ITF11,TOTFERR,TOTAL,TOTAL,1.21
2009,A,ITF11,TOTFERR,TOTAL,TOTAL,1.22
2010,A,ITF11,TOTFERR,TOTAL,TOTAL,1.31
2011,A,ITF11,TOTFERR,TOTAL,TOTAL,1.31
2012,A,ITF11,TOTFERR,TOTAL,TOTAL,1.35
2013,A,ITF11,TOTFERR,TOTAL,TOTAL,1.28
2014,A,ITF11,TOTFERR,TOTAL,TOTAL,1.27
2015,A,ITF11,TOTFERR,TOTAL,TOTAL,1.31
2016,A,ITF11,TOTFERR,TOTAL,TOTAL,1.27
2017,A,ITF11,TOTFERR,TOTAL,TOTAL,1.24
2018,A,ITF11,TOTFERR,TOTAL,TOTAL,1.22
2019,A,ITF11,TOTFERR,TOTAL,TOTAL,1.13
2020,A,ITF11,TOTFERR,TOTAL,TOTAL,1.16
2021,A,ITF11,TOTFERR,TOTAL,TOTAL,1.11
2022,A,ITF11,TOTFERR,TOTAL,TOTAL,1.16
2023,A,ITF11,TOTFERR,TOTAL,TOTAL,1.12
2024,A,ITF11,TOTFERR,TOTAL,TOTAL,1.15
2002,A,ITF12,TOTFERR,FRG,TOTAL,2.52
2003,A,ITF12,TOTFERR,FRG,TOTAL,2.68
2004,A,ITF12,TOTFERR,FRG,TOTAL,2.97
2005,A,ITF12,TOTFERR,FRG,TOTAL,3.24
2006,A,ITF12,TOTFERR,FRG,TOTAL,2.87
2007,A,ITF12,TOTFERR,FRG,TOTAL,2.58
2008,A,ITF12,TOTFERR,FRG,TOTAL,2.28
2009,A,ITF12,TOTFERR,FRG,TOTAL,2.33
2010,A,ITF12,TOTFERR,FRG,TOTAL,2.07
2011,A,ITF12,TOTFERR,FRG,TOTAL,2.18
2012,A,ITF12,TOTFERR,FRG,TOTAL,2.1
2013,A,ITF12,TOTFERR,FRG,TOTAL,1.95
2014,A,ITF12,TOTFERR,FRG,TOTAL,1.9
2015,A,ITF12,TOTFERR,FRG,TOTAL,1.74
2016,A,ITF12,TOTFERR,FRG,TOTAL,1.97
2017,A,ITF12,TOTFERR,FRG,TOTAL,1.93
2018,A,ITF12,TOTFERR,FRG,TOTAL,1.74
2019,A,ITF12,TOTFERR,FRG,TOTAL,1.9
2020,A,ITF12,TOTFERR,FRG,TOTAL,1.78
2021,A,ITF12,TOTFERR,FRG,TOTAL,1.7
2022,A,ITF12,TOTFERR,FRG,TOTAL,1.92
2023,A,ITF12,TOTFERR,FRG,TOTAL,1.92
2024,A,ITF12,TOTFERR,FRG,TOTAL,1.88
2002,A,ITF12,TOTFERR,ITL,TOTAL,1.13
2003,A,ITF12,TOTFERR,ITL,TOTAL,1.16
2004,A,ITF12,TOTFERR,ITL,TOTAL,1.18
2005,A,ITF12,TOTFERR,ITL,TOTAL,1.2
2006,A,ITF12,TOTFERR,ITL,TOTAL,1.13
2007,A,ITF12,TOTFERR,ITL,TOTAL,1.19
2008,A,ITF12,TOTFERR,ITL,TOTAL,1.25
2009,A,ITF12,TOTFERR,ITL,TOTAL,1.2
2010,A,ITF12,TOTFERR,ITL,TOTAL,1.24
2011,A,ITF12,TOTFERR,ITL,TOTAL,1.2
2012,A,ITF12,TOTFERR,ITL,TOTAL,1.2
2013,A,ITF12,TOTFERR,ITL,TOTAL,1.24
2014,A,ITF12,TOTFERR,ITL,TOTAL,1.22
2015,A,ITF12,TOTFERR,ITL,TOTAL,1.21
2016,A,ITF12,TOTFERR,ITL,TOTAL,1.24
2017,A,ITF12,TOTFERR,ITL,TOTAL,1.21
2018,A,ITF12,TOTFERR,ITL,TOTAL,1.13
2019,A,ITF12,TOTFERR,ITL,TOTAL,1.11
2020,A,ITF12,TOTFERR,ITL,TOTAL,1.1
2021,A,ITF12,TOTFERR,ITL,TOTAL,1.16
2022,A,ITF12,TOTFERR,ITL,TOTAL,1.13
2023,A,ITF12,TOTFERR,ITL,TOTAL,1.12
2024,A,ITF12,TOTFERR,ITL,TOTAL,1.04
1999,A,ITF12,TOTFERR,TOTAL,TOTAL,1.14
2000,A,ITF12,TOTFERR,TOTAL,TOTAL,1.19
2001,A,ITF12,TOTFERR,TOTAL,TOTAL,1.19
2002,A,ITF12,TOTFERR,TOTAL,TOTAL,1.17
2003,A,ITF12,TOTFERR,TOTAL,TOTAL,1.21
2004,A,ITF12,TOTFERR,TOTAL,TOTAL,1.25
2005,A,ITF12,TOTFERR,TOTAL,TOTAL,1.3
2006,A,ITF12,TOTFERR,TOTAL,TOTAL,1.23
2007,A,ITF12,TOTFERR,TOTAL,TOTAL,1.29
2008,A,ITF12,TOTFERR,TOTAL,TOTAL,1.34
2009,A,ITF12,TOTFERR,TOTAL,TOTAL,1.32
2010,A,ITF12,TOTFERR,TOTAL,TOTAL,1.33
2011,A,ITF12,TOTFERR,TOTAL,TOTAL,1.31
2012,A,ITF12,TOTFERR,TOTAL,TOTAL,1.3
2013,A,ITF12,TOTFERR,TOTAL,TOTAL,1.33
2014,A,ITF12,TOTFERR,TOTAL,TOTAL,1.29
2015,A,ITF12,TOTFERR,TOTAL,TOTAL,1.27
2016,A,ITF12,TOTFERR,TOTAL,TOTAL,1.3
2017,A,ITF12,TOTFERR,TOTAL,TOTAL,1.28
2018,A,ITF12,TOTFERR,TOTAL,TOTAL,1.18
2019,A,ITF12,TOTFERR,TOTAL,TOTAL,1.17
2020,A,ITF12,TOTFERR,TOTAL,TOTAL,1.15
2021,A,ITF12,TOTFERR,TOTAL,TOTAL,1.19
2022,A,ITF12,TOTFERR,TOTAL,TOTAL,1.19
2023,A,ITF12,TOTFERR,TOTAL,TOTAL,1.19
2024,A,ITF12,TOTFERR,TOTAL,TOTAL,1.11
2002,A,ITF13,TOTFERR,FRG,TOTAL,2.3
2003,A,ITF13,TOTFERR,FRG,TOTAL,2.19
2004,A,ITF13,TOTFERR,FRG,TOTAL,2.36
2005,A,ITF13,TOTFERR,FRG,TOTAL,2.4
2006,A,ITF13,TOTFERR,FRG,TOTAL,2.98
2007,A,ITF13,TOTFERR,FRG,TOTAL,2.71
2008,A,ITF13,TOTFERR,FRG,TOTAL,2.55
2009,A,ITF13,TOTFERR,FRG,TOTAL,1.99
2010,A,ITF13,TOTFERR,FRG,TOTAL,1.7
2011,A,ITF13,TOTFERR,FRG,TOTAL,2.01
2012,A,ITF13,TOTFERR,FRG,TOTAL,1.84
2013,A,ITF13,TOTFERR,FRG,TOTAL,1.73
2014,A,ITF13,TOTFERR,FRG,TOTAL,1.99
2015,A,ITF13,TOTFERR,FRG,TOTAL,1.91
2016,A,ITF13,TOTFERR,FRG,TOTAL,1.64
2017,A,ITF13,TOTFERR,FRG,TOTAL,1.85
2018,A,ITF13,TOTFERR,FRG,TOTAL,1.87
2019,A,ITF13,TOTFERR,FRG,TOTAL,1.76
2020,A,ITF13,TOTFERR,FRG,TOTAL,1.94
2021,A,ITF13,TOTFERR,FRG,TOTAL,2.13
2022,A,ITF13,TOTFERR,FRG,TOTAL,1.9
2023,A,ITF13,TOTFERR,FRG,TOTAL,1.77
2024,A,ITF13,TOTFERR,FRG,TOTAL,1.71
2002,A,ITF13,TOTFERR,ITL,TOTAL,1.16
2003,A,ITF13,TOTFERR,ITL,TOTAL,1.2
2004,A,ITF13,TOTFERR,ITL,TOTAL,1.23
2005,A,ITF13,TOTFERR,ITL,TOTAL,1.23
2006,A,ITF13,TOTFERR,ITL,TOTAL,1.28
2007,A,ITF13,TOTFERR,ITL,TOTAL,1.28
2008,A,ITF13,TOTFERR,ITL,TOTAL,1.33
2009,A,ITF13,TOTFERR,ITL,TOTAL,1.28
2010,A,ITF13,TOTFERR,ITL,TOTAL,1.37
2011,A,ITF13,TOTFERR,ITL,TOTAL,1.35
2012,A,ITF13,TOTFERR,ITL,TOTAL,1.31
2013,A,ITF13,TOTFERR,ITL,TOTAL,1.34
2014,A,ITF13,TOTFERR,ITL,TOTAL,1.31
2015,A,ITF13,TOTFERR,ITL,TOTAL,1.28
2016,A,ITF13,TOTFERR,ITL,TOTAL,1.33
2017,A,ITF13,TOTFERR,ITL,TOTAL,1.23
2018,A,ITF13,TOTFERR,ITL,TOTAL,1.18
2019,A,ITF13,TOTFERR,ITL,TOTAL,1.19
2020,A,ITF13,TOTFERR,ITL,TOTAL,1.18
2021,A,ITF13,TOTFERR,ITL,TOTAL,1.23
2022,A,ITF13,TOTFERR,ITL,TOTAL,1.18
2023,A,ITF13,TOTFERR,ITL,TOTAL,1.07
2024,A,ITF13,TOTFERR,ITL,TOTAL,1.08
1999,A,ITF13,TOTFERR,TOTAL,TOTAL,1.16
2000,A,ITF13,TOTFERR,TOTAL,TOTAL,1.2
2001,A,ITF13,TOTFERR,TOTAL,TOTAL,1.2
2002,A,ITF13,TOTFERR,TOTAL,TOTAL,1.18
2003,A,ITF13,TOTFERR,TOTAL,TOTAL,1.22
2004,A,ITF13,TOTFERR,TOTAL,TOTAL,1.26
2005,A,ITF13,TOTFERR,TOTAL,TOTAL,1.26
2006,A,ITF13,TOTFERR,TOTAL,TOTAL,1.33
2007,A,ITF13,TOTFERR,TOTAL,TOTAL,1.34
2008,A,ITF13,TOTFERR,TOTAL,TOTAL,1.4
2009,A,ITF13,TOTFERR,TOTAL,TOTAL,1.33
2010,A,ITF13,TOTFERR,TOTAL,TOTAL,1.39
2011,A,ITF13,TOTFERR,TOTAL,TOTAL,1.4
2012,A,ITF13,TOTFERR,TOTAL,TOTAL,1.35
2013,A,ITF13,TOTFERR,TOTAL,TOTAL,1.37
2014,A,ITF13,TOTFERR,TOTAL,TOTAL,1.36
2015,A,ITF13,TOTFERR,TOTAL,TOTAL,1.33
2016,A,ITF13,TOTFERR,TOTAL,TOTAL,1.35
2017,A,ITF13,TOTFERR,TOTAL,TOTAL,1.27
2018,A,ITF13,TOTFERR,TOTAL,TOTAL,1.22
2019,A,ITF13,TOTFERR,TOTAL,TOTAL,1.23
2020,A,ITF13,TOTFERR,TOTAL,TOTAL,1.24
2021,A,ITF13,TOTFERR,TOTAL,TOTAL,1.29
2022,A,ITF13,TOTFERR,TOTAL,TOTAL,1.23
2023,A,ITF13,TOTFERR,TOTAL,TOTAL,1.11
2024,A,ITF13,TOTFERR,TOTAL,TOTAL,1.12
2002,A,ITF14,TOTFERR,FRG,TOTAL,1.95
2003,A,ITF14,TOTFERR,FRG,TOTAL,2.49
2004,A,ITF14,TOTFERR,FRG,TOTAL,2.27
2005,A,ITF14,TOTFERR,FRG,TOTAL,2.26
2006,A,ITF14,TOTFERR,FRG,TOTAL,2.73
2007,A,ITF14,TOTFERR,FRG,TOTAL,2.59
2008,A,ITF14,TOTFERR,FRG,TOTAL,2.03
2009,A,ITF14,TOTFERR,FRG,TOTAL,2.06
2010,A,ITF14,TOTFERR,FRG,TOTAL,2.07
2011,A,ITF14,TOTFERR,FRG,TOTAL,1.91
2012,A,ITF14,TOTFERR,FRG,TOTAL,1.89
2013,A,ITF14,TOTFERR,FRG,TOTAL,1.72
2014,A,ITF14,TOTFERR,FRG,TOTAL,1.73
2015,A,ITF14,TOTFERR,FRG,TOTAL,1.62
2016,A,ITF14,TOTFERR,FRG,TOTAL,1.76
2017,A,ITF14,TOTFERR,FRG,TOTAL,1.86
2018,A,ITF14,TOTFERR,FRG,TOTAL,1.68
2019,A,ITF14,TOTFERR,FRG,TOTAL,1.64
2020,A,ITF14,TOTFERR,FRG,TOTAL,1.69
2021,A,ITF14,TOTFERR,FRG,TOTAL,1.85
2022,A,ITF14,TOTFERR,FRG,TOTAL,1.77
2023,A,ITF14,TOTFERR,FRG,TOTAL,1.7
2024,A,ITF14,TOTFERR,FRG,TOTAL,1.8
2002,A,ITF14,TOTFERR,ITL,TOTAL,1.13
2003,A,ITF14,TOTFERR,ITL,TOTAL,1.14
2004,A,ITF14,TOTFERR,ITL,TOTAL,1.12
2005,A,ITF14,TOTFERR,ITL,TOTAL,1.16
2006,A,ITF14,TOTFERR,ITL,TOTAL,1.16
2007,A,ITF14,TOTFERR,ITL,TOTAL,1.18
2008,A,ITF14,TOTFERR,ITL,TOTAL,1.24
2009,A,ITF14,TOTFERR,ITL,TOTAL,1.22
2010,A,ITF14,TOTFERR,ITL,TOTAL,1.27
2011,A,ITF14,TOTFERR,ITL,TOTAL,1.22
2012,A,ITF14,TOTFERR,ITL,TOTAL,1.25
2013,A,ITF14,TOTFERR,ITL,TOTAL,1.19
2014,A,ITF14,TOTFERR,ITL,TOTAL,1.24
2015,A,ITF14,TOTFERR,ITL,TOTAL,1.23
2016,A,ITF14,TOTFERR,ITL,TOTAL,1.23
2017,A,ITF14,TOTFERR,ITL,TOTAL,1.17
2018,A,ITF14,TOTFERR,ITL,TOTAL,1.16
2019,A,ITF14,TOTFERR,ITL,TOTAL,1.13
2020,A,ITF14,TOTFERR,ITL,TOTAL,1.09
2021,A,ITF14,TOTFERR,ITL,TOTAL,1.17
2022,A,ITF14,TOTFERR,ITL,TOTAL,1.12
2023,A,ITF14,TOTFERR,ITL,TOTAL,1.1
2024,A,ITF14,TOTFERR,ITL,TOTAL,1.06
1999,A,ITF14,TOTFERR,TOTAL,TOTAL,1.15
2000,A,ITF14,TOTFERR,TOTAL,TOTAL,1.16
2001,A,ITF14,TOTFERR,TOTAL,TOTAL,1.13
2002,A,ITF14,TOTFERR,TOTAL,TOTAL,1.14
2003,A,ITF14,TOTFERR,TOTAL,TOTAL,1.17
2004,A,ITF14,TOTFERR,TOTAL,TOTAL,1.15
2005,A,ITF14,TOTFERR,TOTAL,TOTAL,1.19
2006,A,ITF14,TOTFERR,TOTAL,TOTAL,1.21
2007,A,ITF14,TOTFERR,TOTAL,TOTAL,1.25
2008,A,ITF14,TOTFERR,TOTAL,TOTAL,1.28
2009,A,ITF14,TOTFERR,TOTAL,TOTAL,1.28
2010,A,ITF14,TOTFERR,TOTAL,TOTAL,1.33
2011,A,ITF14,TOTFERR,TOTAL,TOTAL,1.28
2012,A,ITF14,TOTFERR,TOTAL,TOTAL,1.31
2013,A,ITF14,TOTFERR,TOTAL,TOTAL,1.23
2014,A,ITF14,TOTFERR,TOTAL,TOTAL,1.27
2015,A,ITF14,TOTFERR,TOTAL,TOTAL,1.26
2016,A,ITF14,TOTFERR,TOTAL,TOTAL,1.26
2017,A,ITF14,TOTFERR,TOTAL,TOTAL,1.23
2018,A,ITF14,TOTFERR,TOTAL,TOTAL,1.19
2019,A,ITF14,TOTFERR,TOTAL,TOTAL,1.15
2020,A,ITF14,TOTFERR,TOTAL,TOTAL,1.12
2021,A,ITF14,TOTFERR,TOTAL,TOTAL,1.21
2022,A,ITF14,TOTFERR,TOTAL,TOTAL,1.15
2023,A,ITF14,TOTFERR,TOTAL,TOTAL,1.13
2024,A,ITF14,TOTFERR,TOTAL,TOTAL,1.11
2002,A,ITF2,TOTFERR,FRG,TOTAL,1.85
2003,A,ITF2,TOTFERR,FRG,TOTAL,2.72
2004,A,ITF2,TOTFERR,FRG,TOTAL,2.83
2005,A,ITF2,TOTFERR,FRG,TOTAL,2.41
2006,A,ITF2,TOTFERR,FRG,TOTAL,2.91
2007,A,ITF2,TOTFERR,FRG,TOTAL,2.19
2008,A,ITF2,TOTFERR,FRG,TOTAL,2.38
2009,A,ITF2,TOTFERR,FRG,TOTAL,2.17
2010,A,ITF2,TOTFERR,FRG,TOTAL,2.27
2011,A,ITF2,TOTFERR,FRG,TOTAL,2.05
2012,A,ITF2,TOTFERR,FRG,TOTAL,2.07
2013,A,ITF2,TOTFERR,FRG,TOTAL,1.87
2014,A,ITF2,TOTFERR,FRG,TOTAL,1.82
2015,A,ITF2,TOTFERR,FRG,TOTAL,1.66
2016,A,ITF2,TOTFERR,FRG,TOTAL,1.94
2017,A,ITF2,TOTFERR,FRG,TOTAL,2.02
2018,A,ITF2,TOTFERR,FRG,TOTAL,1.69
2019,A,ITF2,TOTFERR,FRG,TOTAL,1.76
2020,A,ITF2,TOTFERR,FRG,TOTAL,1.94
2021,A,ITF2,TOTFERR,FRG,TOTAL,1.68
2022,A,ITF2,TOTFERR,FRG,TOTAL,1.62
2023,A,ITF2,TOTFERR,FRG,TOTAL,1.58
2024,A,ITF2,TOTFERR,FRG,TOTAL,1.72
2002,A,ITF2,TOTFERR,ITL,TOTAL,1.14
2003,A,ITF2,TOTFERR,ITL,TOTAL,1.14
2004,A,ITF2,TOTFERR,ITL,TOTAL,1.12
2005,A,ITF2,TOTFERR,ITL,TOTAL,1.13
2006,A,ITF2,TOTFERR,ITL,TOTAL,1.11
2007,A,ITF2,TOTFERR,ITL,TOTAL,1.16
2008,A,ITF2,TOTFERR,ITL,TOTAL,1.15
2009,A,ITF2,TOTFERR,ITL,TOTAL,1.09
2010,A,ITF2,TOTFERR,ITL,TOTAL,1.18
2011,A,ITF2,TOTFERR,ITL,TOTAL,1.15
2012,A,ITF2,TOTFERR,ITL,TOTAL,1.14
2013,A,ITF2,TOTFERR,ITL,TOTAL,1.14
2014,A,ITF2,TOTFERR,ITL,TOTAL,1.14
2015,A,ITF2,TOTFERR,ITL,TOTAL,1.16
2016,A,ITF2,TOTFERR,ITL,TOTAL,1.11
2017,A,ITF2,TOTFERR,ITL,TOTAL,1.16
2018,A,ITF2,TOTFERR,ITL,TOTAL,1.07
2019,A,ITF2,TOTFERR,ITL,TOTAL,1.12
2020,A,ITF2,TOTFERR,ITL,TOTAL,1.01
2021,A,ITF2,TOTFERR,ITL,TOTAL,1.05
2022,A,ITF2,TOTFERR,ITL,TOTAL,1.08
2023,A,ITF2,TOTFERR,ITL,TOTAL,1.07
2024,A,ITF2,TOTFERR,ITL,TOTAL,1.01
1999,A,ITF2,TOTFERR,TOTAL,TOTAL,1.18
2000,A,ITF2,TOTFERR,TOTAL,TOTAL,1.15
2001,A,ITF2,TOTFERR,TOTAL,TOTAL,1.12
2002,A,ITF2,TOTFERR,TOTAL,TOTAL,1.15
2003,A,ITF2,TOTFERR,TOTAL,TOTAL,1.16
2004,A,ITF2,TOTFERR,TOTAL,TOTAL,1.14
2005,A,ITF2,TOTFERR,TOTAL,TOTAL,1.15
2006,A,ITF2,TOTFERR,TOTAL,TOTAL,1.14
2007,A,ITF2,TOTFERR,TOTAL,TOTAL,1.18
2008,A,ITF2,TOTFERR,TOTAL,TOTAL,1.19
2009,A,ITF2,TOTFERR,TOTAL,TOTAL,1.13
2010,A,ITF2,TOTFERR,TOTAL,TOTAL,1.23
2011,A,ITF2,TOTFERR,TOTAL,TOTAL,1.19
2012,A,ITF2,TOTFERR,TOTAL,TOTAL,1.19
2013,A,ITF2,TOTFERR,TOTAL,TOTAL,1.18
2014,A,ITF2,TOTFERR,TOTAL,TOTAL,1.18
2015,A,ITF2,TOTFERR,TOTAL,TOTAL,1.18
2016,A,ITF2,TOTFERR,TOTAL,TOTAL,1.16
2017,A,ITF2,TOTFERR,TOTAL,TOTAL,1.2
2018,A,ITF2,TOTFERR,TOTAL,TOTAL,1.11
2019,A,ITF2,TOTFERR,TOTAL,TOTAL,1.15
2020,A,ITF2,TOTFERR,TOTAL,TOTAL,1.06
2021,A,ITF2,TOTFERR,TOTAL,TOTAL,1.08
2022,A,ITF2,TOTFERR,TOTAL,TOTAL,1.1
2023,A,ITF2,TOTFERR,TOTAL,TOTAL,1.1
2024,A,ITF2,TOTFERR,TOTAL,TOTAL,1.05
2002,A,ITF21,TOTFERR,FRG,TOTAL,1.44
2003,A,ITF21,TOTFERR,FRG,TOTAL,2.4
2004,A,ITF21,TOTFERR,FRG,TOTAL,1.82
2005,A,ITF21,TOTFERR,FRG,TOTAL,1.43
2006,A,ITF21,TOTFERR,FRG,TOTAL,2.92
2007,A,ITF21,TOTFERR,FRG,TOTAL,1.11
2008,A,ITF21,TOTFERR,FRG,TOTAL,2.84
2009,A,ITF21,TOTFERR,FRG,TOTAL,1.93
2010,A,ITF21,TOTFERR,FRG,TOTAL,2.08
2011,A,ITF21,TOTFERR,FRG,TOTAL,2.04
2012,A,ITF21,TOTFERR,FRG,TOTAL,2.16
2013,A,ITF21,TOTFERR,FRG,TOTAL,1.61
2014,A,ITF21,TOTFERR,FRG,TOTAL,2.07
2015,A,ITF21,TOTFERR,FRG,TOTAL,1.84
2016,A,ITF21,TOTFERR,FRG,TOTAL,2.06
2017,A,ITF21,TOTFERR,FRG,TOTAL,2.28
2018,A,ITF21,TOTFERR,FRG,TOTAL,1.67
2019,A,ITF21,TOTFERR,FRG,TOTAL,2.4
2020,A,ITF21,TOTFERR,FRG,TOTAL,1.92
2021,A,ITF21,TOTFERR,FRG,TOTAL,1.75
2022,A,ITF21,TOTFERR,FRG,TOTAL,2.13
2023,A,ITF21,TOTFERR,FRG,TOTAL,1.7
2024,A,ITF21,TOTFERR,FRG,TOTAL,2.18
2002,A,ITF21,TOTFERR,ITL,TOTAL,1.08
2003,A,ITF21,TOTFERR,ITL,TOTAL,1.06
2004,A,ITF21,TOTFERR,ITL,TOTAL,1.06
2005,A,ITF21,TOTFERR,ITL,TOTAL,1.14
2006,A,ITF21,TOTFERR,ITL,TOTAL,1.05
2007,A,ITF21,TOTFERR,ITL,TOTAL,1.15
2008,A,ITF21,TOTFERR,ITL,TOTAL,1.12
2009,A,ITF21,TOTFERR,ITL,TOTAL,1.13
2010,A,ITF21,TOTFERR,ITL,TOTAL,1.15
2011,A,ITF21,TOTFERR,ITL,TOTAL,1.09
2012,A,ITF21,TOTFERR,ITL,TOTAL,1.15
2013,A,ITF21,TOTFERR,ITL,TOTAL,1.17
2014,A,ITF21,TOTFERR,ITL,TOTAL,1.16
2015,A,ITF21,TOTFERR,ITL,TOTAL,1.22
2016,A,ITF21,TOTFERR,ITL,TOTAL,1.13
2017,A,ITF21,TOTFERR,ITL,TOTAL,1.16
2018,A,ITF21,TOTFERR,ITL,TOTAL,1.15
2019,A,ITF21,TOTFERR,ITL,TOTAL,1.18
2020,A,ITF21,TOTFERR,ITL,TOTAL,0.97
2021,A,ITF21,TOTFERR,ITL,TOTAL,1.06
2022,A,ITF21,TOTFERR,ITL,TOTAL,1.14
2023,A,ITF21,TOTFERR,ITL,TOTAL,1.05
2024,A,ITF21,TOTFERR,ITL,TOTAL,0.98
1999,A,ITF21,TOTFERR,TOTAL,TOTAL,1.08
2000,A,ITF21,TOTFERR,TOTAL,TOTAL,1.09
2001,A,ITF21,TOTFERR,TOTAL,TOTAL,1.08
2002,A,ITF21,TOTFERR,TOTAL,TOTAL,1.09
2003,A,ITF21,TOTFERR,TOTAL,TOTAL,1.08
2004,A,ITF21,TOTFERR,TOTAL,TOTAL,1.07
2005,A,ITF21,TOTFERR,TOTAL,TOTAL,1.14
2006,A,ITF21,TOTFERR,TOTAL,TOTAL,1.08
2007,A,ITF21,TOTFERR,TOTAL,TOTAL,1.15
2008,A,ITF21,TOTFERR,TOTAL,TOTAL,1.17
2009,A,ITF21,TOTFERR,TOTAL,TOTAL,1.16
2010,A,ITF21,TOTFERR,TOTAL,TOTAL,1.18
2011,A,ITF21,TOTFERR,TOTAL,TOTAL,1.13
2012,A,ITF21,TOTFERR,TOTAL,TOTAL,1.2
2013,A,ITF21,TOTFERR,TOTAL,TOTAL,1.19
2014,A,ITF21,TOTFERR,TOTAL,TOTAL,1.2
2015,A,ITF21,TOTFERR,TOTAL,TOTAL,1.25
2016,A,ITF21,TOTFERR,TOTAL,TOTAL,1.17
2017,A,ITF21,TOTFERR,TOTAL,TOTAL,1.21
2018,A,ITF21,TOTFERR,TOTAL,TOTAL,1.18
2019,A,ITF21,TOTFERR,TOTAL,TOTAL,1.24
2020,A,ITF21,TOTFERR,TOTAL,TOTAL,1.02
2021,A,ITF21,TOTFERR,TOTAL,TOTAL,1.09
2022,A,ITF21,TOTFERR,TOTAL,TOTAL,1.18
2023,A,ITF21,TOTFERR,TOTAL,TOTAL,1.08
2024,A,ITF21,TOTFERR,TOTAL,TOTAL,1.03
2002,A,ITF22,TOTFERR,FRG,TOTAL,1.99
2003,A,ITF22,TOTFERR,FRG,TOTAL,2.87
2004,A,ITF22,TOTFERR,FRG,TOTAL,3.28
2005,A,ITF22,TOTFERR,FRG,TOTAL,2.83
2006,A,ITF22,TOTFERR,FRG,TOTAL,2.94
2007,A,ITF22,TOTFERR,FRG,TOTAL,2.7
2008,A,ITF22,TOTFERR,FRG,TOTAL,2.29
2009,A,ITF22,TOTFERR,FRG,TOTAL,2.27
2010,A,ITF22,TOTFERR,FRG,TOTAL,2.34
2011,A,ITF22,TOTFERR,FRG,TOTAL,2.05
2012,A,ITF22,TOTFERR,FRG,TOTAL,2.06
2013,A,ITF22,TOTFERR,FRG,TOTAL,1.95
2014,A,ITF22,TOTFERR,FRG,TOTAL,1.74
2015,A,ITF22,TOTFERR,FRG,TOTAL,1.6
2016,A,ITF22,TOTFERR,FRG,TOTAL,1.9
2017,A,ITF22,TOTFERR,FRG,TOTAL,1.92
2018,A,ITF22,TOTFERR,FRG,TOTAL,1.69
2019,A,ITF22,TOTFERR,FRG,TOTAL,1.56
2020,A,ITF22,TOTFERR,FRG,TOTAL,1.94
2021,A,ITF22,TOTFERR,FRG,TOTAL,1.66
2022,A,ITF22,TOTFERR,FRG,TOTAL,1.5
2023,A,ITF22,TOTFERR,FRG,TOTAL,1.52
2024,A,ITF22,TOTFERR,FRG,TOTAL,1.58
2002,A,ITF22,TOTFERR,ITL,TOTAL,1.16
2003,A,ITF22,TOTFERR,ITL,TOTAL,1.17
2004,A,ITF22,TOTFERR,ITL,TOTAL,1.15
2005,A,ITF22,TOTFERR,ITL,TOTAL,1.13
2006,A,ITF22,TOTFERR,ITL,TOTAL,1.13
2007,A,ITF22,TOTFERR,ITL,TOTAL,1.16
2008,A,ITF22,TOTFERR,ITL,TOTAL,1.16
2009,A,ITF22,TOTFERR,ITL,TOTAL,1.08
2010,A,ITF22,TOTFERR,ITL,TOTAL,1.2
2011,A,ITF22,TOTFERR,ITL,TOTAL,1.17
2012,A,ITF22,TOTFERR,ITL,TOTAL,1.14
2013,A,ITF22,TOTFERR,ITL,TOTAL,1.12
2014,A,ITF22,TOTFERR,ITL,TOTAL,1.13
2015,A,ITF22,TOTFERR,ITL,TOTAL,1.14
2016,A,ITF22,TOTFERR,ITL,TOTAL,1.11
2017,A,ITF22,TOTFERR,ITL,TOTAL,1.16
2018,A,ITF22,TOTFERR,ITL,TOTAL,1.04
2019,A,ITF22,TOTFERR,ITL,TOTAL,1.1
2020,A,ITF22,TOTFERR,ITL,TOTAL,1.03
2021,A,ITF22,TOTFERR,ITL,TOTAL,1.04
2022,A,ITF22,TOTFERR,ITL,TOTAL,1.05
2023,A,ITF22,TOTFERR,ITL,TOTAL,1.08
2024,A,ITF22,TOTFERR,ITL,TOTAL,1.03
1999,A,ITF22,TOTFERR,TOTAL,TOTAL,1.22
2000,A,ITF22,TOTFERR,TOTAL,TOTAL,1.18
2001,A,ITF22,TOTFERR,TOTAL,TOTAL,1.14
2002,A,ITF22,TOTFERR,TOTAL,TOTAL,1.17
2003,A,ITF22,TOTFERR,TOTAL,TOTAL,1.19
2004,A,ITF22,TOTFERR,TOTAL,TOTAL,1.17
2005,A,ITF22,TOTFERR,TOTAL,TOTAL,1.15
2006,A,ITF22,TOTFERR,TOTAL,TOTAL,1.16
2007,A,ITF22,TOTFERR,TOTAL,TOTAL,1.19
2008,A,ITF22,TOTFERR,TOTAL,TOTAL,1.19
2009,A,ITF22,TOTFERR,TOTAL,TOTAL,1.13
2010,A,ITF22,TOTFERR,TOTAL,TOTAL,1.25
2011,A,ITF22,TOTFERR,TOTAL,TOTAL,1.22
2012,A,ITF22,TOTFERR,TOTAL,TOTAL,1.19
2013,A,ITF22,TOTFERR,TOTAL,TOTAL,1.17
2014,A,ITF22,TOTFERR,TOTAL,TOTAL,1.17
2015,A,ITF22,TOTFERR,TOTAL,TOTAL,1.16
2016,A,ITF22,TOTFERR,TOTAL,TOTAL,1.15
2017,A,ITF22,TOTFERR,TOTAL,TOTAL,1.2
2018,A,ITF22,TOTFERR,TOTAL,TOTAL,1.08
2019,A,ITF22,TOTFERR,TOTAL,TOTAL,1.12
2020,A,ITF22,TOTFERR,TOTAL,TOTAL,1.08
2021,A,ITF22,TOTFERR,TOTAL,TOTAL,1.08
2022,A,ITF22,TOTFERR,TOTAL,TOTAL,1.07
2023,A,ITF22,TOTFERR,TOTAL,TOTAL,1.11
2024,A,ITF22,TOTFERR,TOTAL,TOTAL,1.06
2002,A,ITF3,TOTFERR,FRG,TOTAL,2.75
2003,A,ITF3,TOTFERR,FRG,TOTAL,2.38
2004,A,ITF3,TOTFERR,FRG,TOTAL,2.25
2005,A,ITF3,TOTFERR,FRG,TOTAL,2.19
2006,A,ITF3,TOTFERR,FRG,TOTAL,2.37
2007,A,ITF3,TOTFERR,FRG,TOTAL,2.43
2008,A,ITF3,TOTFERR,FRG,TOTAL,2.09
2009,A,ITF3,TOTFERR,FRG,TOTAL,2.07
2010,A,ITF3,TOTFERR,FRG,TOTAL,1.9
2011,A,ITF3,TOTFERR,FRG,TOTAL,1.9
2012,A,ITF3,TOTFERR,FRG,TOTAL,1.83
2013,A,ITF3,TOTFERR,FRG,TOTAL,1.81
2014,A,ITF3,TOTFERR,FRG,TOTAL,1.82
2015,A,ITF3,TOTFERR,FRG,TOTAL,1.75
2016,A,ITF3,TOTFERR,FRG,TOTAL,1.79
2017,A,ITF3,TOTFERR,FRG,TOTAL,1.92
2018,A,ITF3,TOTFERR,FRG,TOTAL,1.8
2019,A,ITF3,TOTFERR,FRG,TOTAL,1.84
2020,A,ITF3,TOTFERR,FRG,TOTAL,1.81
2021,A,ITF3,TOTFERR,FRG,TOTAL,1.74
2022,A,ITF3,TOTFERR,FRG,TOTAL,1.87
2023,A,ITF3,TOTFERR,FRG,TOTAL,1.84
2024,A,ITF3,TOTFERR,FRG,TOTAL,1.75
2002,A,ITF3,TOTFERR,ITL,TOTAL,1.46
2003,A,ITF3,TOTFERR,ITL,TOTAL,1.48
2004,A,ITF3,TOTFERR,ITL,TOTAL,1.48
2005,A,ITF3,TOTFERR,ITL,TOTAL,1.44
2006,A,ITF3,TOTFERR,ITL,TOTAL,1.45
2007,A,ITF3,TOTFERR,ITL,TOTAL,1.46
2008,A,ITF3,TOTFERR,ITL,TOTAL,1.45
2009,A,ITF3,TOTFERR,ITL,TOTAL,1.44
2010,A,ITF3,TOTFERR,ITL,TOTAL,1.43
2011,A,ITF3,TOTFERR,ITL,TOTAL,1.4
2012,A,ITF3,TOTFERR,ITL,TOTAL,1.38
2013,A,ITF3,TOTFERR,ITL,TOTAL,1.35
2014,A,ITF3,TOTFERR,ITL,TOTAL,1.33
2015,A,ITF3,TOTFERR,ITL,TOTAL,1.34
2016,A,ITF3,TOTFERR,ITL,TOTAL,1.34
2017,A,ITF3,TOTFERR,ITL,TOTAL,1.34
2018,A,ITF3,TOTFERR,ITL,TOTAL,1.31
2019,A,ITF3,TOTFERR,ITL,TOTAL,1.29
2020,A,ITF3,TOTFERR,ITL,TOTAL,1.28
2021,A,ITF3,TOTFERR,ITL,TOTAL,1.27
2022,A,ITF3,TOTFERR,ITL,TOTAL,1.31
2023,A,ITF3,TOTFERR,ITL,TOTAL,1.28
2024,A,ITF3,TOTFERR,ITL,TOTAL,1.24
1999,A,ITF3,TOTFERR,TOTAL,TOTAL,1.49
2000,A,ITF3,TOTFERR,TOTAL,TOTAL,1.48
2001,A,ITF3,TOTFERR,TOTAL,TOTAL,1.49
2002,A,ITF3,TOTFERR,TOTAL,TOTAL,1.47
2003,A,ITF3,TOTFERR,TOTAL,TOTAL,1.48
2004,A,ITF3,TOTFERR,TOTAL,TOTAL,1.49
2005,A,ITF3,TOTFERR,TOTAL,TOTAL,1.45
2006,A,ITF3,TOTFERR,TOTAL,TOTAL,1.46
2007,A,ITF3,TOTFERR,TOTAL,TOTAL,1.47
2008,A,ITF3,TOTFERR,TOTAL,TOTAL,1.46
2009,A,ITF3,TOTFERR,TOTAL,TOTAL,1.45
2010,A,ITF3,TOTFERR,TOTAL,TOTAL,1.44
2011,A,ITF3,TOTFERR,TOTAL,TOTAL,1.41
2012,A,ITF3,TOTFERR,TOTAL,TOTAL,1.39
2013,A,ITF3,TOTFERR,TOTAL,TOTAL,1.36
2014,A,ITF3,TOTFERR,TOTAL,TOTAL,1.34
2015,A,ITF3,TOTFERR,TOTAL,TOTAL,1.35
2016,A,ITF3,TOTFERR,TOTAL,TOTAL,1.35
2017,A,ITF3,TOTFERR,TOTAL,TOTAL,1.36
2018,A,ITF3,TOTFERR,TOTAL,TOTAL,1.33
2019,A,ITF3,TOTFERR,TOTAL,TOTAL,1.31
2020,A,ITF3,TOTFERR,TOTAL,TOTAL,1.3
2021,A,ITF3,TOTFERR,TOTAL,TOTAL,1.28
2022,A,ITF3,TOTFERR,TOTAL,TOTAL,1.33
2023,A,ITF3,TOTFERR,TOTAL,TOTAL,1.29
2024,A,ITF3,TOTFERR,TOTAL,TOTAL,1.26
2002,A,ITF31,TOTFERR,FRG,TOTAL,2.65
2003,A,ITF31,TOTFERR,FRG,TOTAL,2.45
2004,A,ITF31,TOTFERR,FRG,TOTAL,2.04
2005,A,ITF31,TOTFERR,FRG,TOTAL,2.08
2006,A,ITF31,TOTFERR,FRG,TOTAL,2.14
2007,A,ITF31,TOTFERR,FRG,TOTAL,2.33
2008,A,ITF31,TOTFERR,FRG,TOTAL,2.25
2009,A,ITF31,TOTFERR,FRG,TOTAL,2.25
2010,A,ITF31,TOTFERR,FRG,TOTAL,2.01
2011,A,ITF31,TOTFERR,FRG,TOTAL,1.77
2012,A,ITF31,TOTFERR,FRG,TOTAL,1.92
2013,A,ITF31,TOTFERR,FRG,TOTAL,1.92
2014,A,ITF31,TOTFERR,FRG,TOTAL,1.92
2015,A,ITF31,TOTFERR,FRG,TOTAL,2.04
2016,A,ITF31,TOTFERR,FRG,TOTAL,1.98
2017,A,ITF31,TOTFERR,FRG,TOTAL,2.13
2018,A,ITF31,TOTFERR,FRG,TOTAL,2.01
2019,A,ITF31,TOTFERR,FRG,TOTAL,1.89
2020,A,ITF31,TOTFERR,FRG,TOTAL,2.05
2021,A,ITF31,TOTFERR,FRG,TOTAL,1.99
2022,A,ITF31,TOTFERR,FRG,TOTAL,2.01
2023,A,ITF31,TOTFERR,FRG,TOTAL,1.96
2024,A,ITF31,TOTFERR,FRG,TOTAL,1.92
2002,A,ITF31,TOTFERR,ITL,TOTAL,1.47
2003,A,ITF31,TOTFERR,ITL,TOTAL,1.49
2004,A,ITF31,TOTFERR,ITL,TOTAL,1.52
2005,A,ITF31,TOTFERR,ITL,TOTAL,1.45
2006,A,ITF31,TOTFERR,ITL,TOTAL,1.46
2007,A,ITF31,TOTFERR,ITL,TOTAL,1.46
2008,A,ITF31,TOTFERR,ITL,TOTAL,1.45
2009,A,ITF31,TOTFERR,ITL,TOTAL,1.46
2010,A,ITF31,TOTFERR,ITL,TOTAL,1.46
2011,A,ITF31,TOTFERR,ITL,TOTAL,1.41
2012,A,ITF31,TOTFERR,ITL,TOTAL,1.37
2013,A,ITF31,TOTFERR,ITL,TOTAL,1.34
2014,A,ITF31,TOTFERR,ITL,TOTAL,1.31
2015,A,ITF31,TOTFERR,ITL,TOTAL,1.35
2016,A,ITF31,TOTFERR,ITL,TOTAL,1.33
2017,A,ITF31,TOTFERR,ITL,TOTAL,1.31
2018,A,ITF31,TOTFERR,ITL,TOTAL,1.3
2019,A,ITF31,TOTFERR,ITL,TOTAL,1.24
2020,A,ITF31,TOTFERR,ITL,TOTAL,1.28
2021,A,ITF31,TOTFERR,ITL,TOTAL,1.23
2022,A,ITF31,TOTFERR,ITL,TOTAL,1.33
2023,A,ITF31,TOTFERR,ITL,TOTAL,1.32
2024,A,ITF31,TOTFERR,ITL,TOTAL,1.25
1999,A,ITF31,TOTFERR,TOTAL,TOTAL,1.48
2000,A,ITF31,TOTFERR,TOTAL,TOTAL,1.45
2001,A,ITF31,TOTFERR,TOTAL,TOTAL,1.5
2002,A,ITF31,TOTFERR,TOTAL,TOTAL,1.48
2003,A,ITF31,TOTFERR,TOTAL,TOTAL,1.49
2004,A,ITF31,TOTFERR,TOTAL,TOTAL,1.52
2005,A,ITF31,TOTFERR,TOTAL,TOTAL,1.45
2006,A,ITF31,TOTFERR,TOTAL,TOTAL,1.46
2007,A,ITF31,TOTFERR,TOTAL,TOTAL,1.47
2008,A,ITF31,TOTFERR,TOTAL,TOTAL,1.47
2009,A,ITF31,TOTFERR,TOTAL,TOTAL,1.48
2010,A,ITF31,TOTFERR,TOTAL,TOTAL,1.47
2011,A,ITF31,TOTFERR,TOTAL,TOTAL,1.41
2012,A,ITF31,TOTFERR,TOTAL,TOTAL,1.38
2013,A,ITF31,TOTFERR,TOTAL,TOTAL,1.35
2014,A,ITF31,TOTFERR,TOTAL,TOTAL,1.33
2015,A,ITF31,TOTFERR,TOTAL,TOTAL,1.37
2016,A,ITF31,TOTFERR,TOTAL,TOTAL,1.35
2017,A,ITF31,TOTFERR,TOTAL,TOTAL,1.34
2018,A,ITF31,TOTFERR,TOTAL,TOTAL,1.33
2019,A,ITF31,TOTFERR,TOTAL,TOTAL,1.26
2020,A,ITF31,TOTFERR,TOTAL,TOTAL,1.31
2021,A,ITF31,TOTFERR,TOTAL,TOTAL,1.26
2022,A,ITF31,TOTFERR,TOTAL,TOTAL,1.35
2023,A,ITF31,TOTFERR,TOTAL,TOTAL,1.34
2024,A,ITF31,TOTFERR,TOTAL,TOTAL,1.28
2002,A,ITF32,TOTFERR,FRG,TOTAL,2.67
2003,A,ITF32,TOTFERR,FRG,TOTAL,1.98
2004,A,ITF32,TOTFERR,FRG,TOTAL,1.78
2005,A,ITF32,TOTFERR,FRG,TOTAL,2.23
2006,A,ITF32,TOTFERR,FRG,TOTAL,2.03
2007,A,ITF32,TOTFERR,FRG,TOTAL,2.05
2008,A,ITF32,TOTFERR,FRG,TOTAL,1.89
2009,A,ITF32,TOTFERR,FRG,TOTAL,1.7
2010,A,ITF32,TOTFERR,FRG,TOTAL,1.58
2011,A,ITF32,TOTFERR,FRG,TOTAL,1.42
2012,A,ITF32,TOTFERR,FRG,TOTAL,1.5
2013,A,ITF32,TOTFERR,FRG,TOTAL,1.47
2014,A,ITF32,TOTFERR,FRG,TOTAL,1.78
2015,A,ITF32,TOTFERR,FRG,TOTAL,1.34
2016,A,ITF32,TOTFERR,FRG,TOTAL,1.5
2017,A,ITF32,TOTFERR,FRG,TOTAL,1.89
2018,A,ITF32,TOTFERR,FRG,TOTAL,1.54
2019,A,ITF32,TOTFERR,FRG,TOTAL,1.73
2020,A,ITF32,TOTFERR,FRG,TOTAL,1.43
2021,A,ITF32,TOTFERR,FRG,TOTAL,1.85
2022,A,ITF32,TOTFERR,FRG,TOTAL,1.59
2023,A,ITF32,TOTFERR,FRG,TOTAL,1.59
2024,A,ITF32,TOTFERR,FRG,TOTAL,1.51
2002,A,ITF32,TOTFERR,ITL,TOTAL,1.26
2003,A,ITF32,TOTFERR,ITL,TOTAL,1.25
2004,A,ITF32,TOTFERR,ITL,TOTAL,1.25
2005,A,ITF32,TOTFERR,ITL,TOTAL,1.22
2006,A,ITF32,TOTFERR,ITL,TOTAL,1.22
2007,A,ITF32,TOTFERR,ITL,TOTAL,1.27
2008,A,ITF32,TOTFERR,ITL,TOTAL,1.23
2009,A,ITF32,TOTFERR,ITL,TOTAL,1.25
2010,A,ITF32,TOTFERR,ITL,TOTAL,1.21
2011,A,ITF32,TOTFERR,ITL,TOTAL,1.22
2012,A,ITF32,TOTFERR,ITL,TOTAL,1.15
2013,A,ITF32,TOTFERR,ITL,TOTAL,1.24
2014,A,ITF32,TOTFERR,ITL,TOTAL,1.16
2015,A,ITF32,TOTFERR,ITL,TOTAL,1.19
2016,A,ITF32,TOTFERR,ITL,TOTAL,1.23
2017,A,ITF32,TOTFERR,ITL,TOTAL,1.21
2018,A,ITF32,TOTFERR,ITL,TOTAL,1.17
2019,A,ITF32,TOTFERR,ITL,TOTAL,1.19
2020,A,ITF32,TOTFERR,ITL,TOTAL,1.15
2021,A,ITF32,TOTFERR,ITL,TOTAL,1.08
2022,A,ITF32,TOTFERR,ITL,TOTAL,1.19
2023,A,ITF32,TOTFERR,ITL,TOTAL,1.15
2024,A,ITF32,TOTFERR,ITL,TOTAL,1.14
1999,A,ITF32,TOTFERR,TOTAL,TOTAL,1.28
2000,A,ITF32,TOTFERR,TOTAL,TOTAL,1.32
2001,A,ITF32,TOTFERR,TOTAL,TOTAL,1.26
2002,A,ITF32,TOTFERR,TOTAL,TOTAL,1.27
2003,A,ITF32,TOTFERR,TOTAL,TOTAL,1.25
2004,A,ITF32,TOTFERR,TOTAL,TOTAL,1.25
2005,A,ITF32,TOTFERR,TOTAL,TOTAL,1.23
2006,A,ITF32,TOTFERR,TOTAL,TOTAL,1.22
2007,A,ITF32,TOTFERR,TOTAL,TOTAL,1.28
2008,A,ITF32,TOTFERR,TOTAL,TOTAL,1.24
2009,A,ITF32,TOTFERR,TOTAL,TOTAL,1.26
2010,A,ITF32,TOTFERR,TOTAL,TOTAL,1.22
2011,A,ITF32,TOTFERR,TOTAL,TOTAL,1.22
2012,A,ITF32,TOTFERR,TOTAL,TOTAL,1.16
2013,A,ITF32,TOTFERR,TOTAL,TOTAL,1.24
2014,A,ITF32,TOTFERR,TOTAL,TOTAL,1.18
2015,A,ITF32,TOTFERR,TOTAL,TOTAL,1.19
2016,A,ITF32,TOTFERR,TOTAL,TOTAL,1.23
2017,A,ITF32,TOTFERR,TOTAL,TOTAL,1.23
2018,A,ITF32,TOTFERR,TOTAL,TOTAL,1.18
2019,A,ITF32,TOTFERR,TOTAL,TOTAL,1.21
2020,A,ITF32,TOTFERR,TOTAL,TOTAL,1.16
2021,A,ITF32,TOTFERR,TOTAL,TOTAL,1.11
2022,A,ITF32,TOTFERR,TOTAL,TOTAL,1.2
2023,A,ITF32,TOTFERR,TOTAL,TOTAL,1.16
2024,A,ITF32,TOTFERR,TOTAL,TOTAL,1.14
2002,A,ITF33,TOTFERR,FRG,TOTAL,2.7
2003,A,ITF33,TOTFERR,FRG,TOTAL,2.42
2004,A,ITF33,TOTFERR,FRG,TOTAL,2.38
2005,A,ITF33,TOTFERR,FRG,TOTAL,2.26
2006,A,ITF33,TOTFERR,FRG,TOTAL,2.56
2007,A,ITF33,TOTFERR,FRG,TOTAL,2.56
2008,A,ITF33,TOTFERR,FRG,TOTAL,2.18
2009,A,ITF33,TOTFERR,FRG,TOTAL,2.16
2010,A,ITF33,TOTFERR,FRG,TOTAL,1.99
2011,A,ITF33,TOTFERR,FRG,TOTAL,1.97
2012,A,ITF33,TOTFERR,FRG,TOTAL,1.82
2013,A,ITF33,TOTFERR,FRG,TOTAL,1.82
2014,A,ITF33,TOTFERR,FRG,TOTAL,1.77
2015,A,ITF33,TOTFERR,FRG,TOTAL,1.65
2016,A,ITF33,TOTFERR,FRG,TOTAL,1.84
2017,A,ITF33,TOTFERR,FRG,TOTAL,1.82
2018,A,ITF33,TOTFERR,FRG,TOTAL,1.79
2019,A,ITF33,TOTFERR,FRG,TOTAL,1.81
2020,A,ITF33,TOTFERR,FRG,TOTAL,1.77
2021,A,ITF33,TOTFERR,FRG,TOTAL,1.61
2022,A,ITF33,TOTFERR,FRG,TOTAL,1.78
2023,A,ITF33,TOTFERR,FRG,TOTAL,1.72
2024,A,ITF33,TOTFERR,FRG,TOTAL,1.66
2002,A,ITF33,TOTFERR,ITL,TOTAL,1.55
2003,A,ITF33,TOTFERR,ITL,TOTAL,1.57
2004,A,ITF33,TOTFERR,ITL,TOTAL,1.57
2005,A,ITF33,TOTFERR,ITL,TOTAL,1.53
2006,A,ITF33,TOTFERR,ITL,TOTAL,1.55
2007,A,ITF33,TOTFERR,ITL,TOTAL,1.55
2008,A,ITF33,TOTFERR,ITL,TOTAL,1.54
2009,A,ITF33,TOTFERR,ITL,TOTAL,1.52
2010,A,ITF33,TOTFERR,ITL,TOTAL,1.5
2011,A,ITF33,TOTFERR,ITL,TOTAL,1.48
2012,A,ITF33,TOTFERR,ITL,TOTAL,1.45
2013,A,ITF33,TOTFERR,ITL,TOTAL,1.42
2014,A,ITF33,TOTFERR,ITL,TOTAL,1.39
2015,A,ITF33,TOTFERR,ITL,TOTAL,1.41
2016,A,ITF33,TOTFERR,ITL,TOTAL,1.4
2017,A,ITF33,TOTFERR,ITL,TOTAL,1.41
2018,A,ITF33,TOTFERR,ITL,TOTAL,1.37
2019,A,ITF33,TOTFERR,ITL,TOTAL,1.36
2020,A,ITF33,TOTFERR,ITL,TOTAL,1.34
2021,A,ITF33,TOTFERR,ITL,TOTAL,1.33
2022,A,ITF33,TOTFERR,ITL,TOTAL,1.36
2023,A,ITF33,TOTFERR,ITL,TOTAL,1.31
2024,A,ITF33,TOTFERR,ITL,TOTAL,1.29
1999,A,ITF33,TOTFERR,TOTAL,TOTAL,1.57
2000,A,ITF33,TOTFERR,TOTAL,TOTAL,1.56
2001,A,ITF33,TOTFERR,TOTAL,TOTAL,1.58
2002,A,ITF33,TOTFERR,TOTAL,TOTAL,1.56
2003,A,ITF33,TOTFERR,TOTAL,TOTAL,1.57
2004,A,ITF33,TOTFERR,TOTAL,TOTAL,1.58
2005,A,ITF33,TOTFERR,TOTAL,TOTAL,1.53
2006,A,ITF33,TOTFERR,TOTAL,TOTAL,1.55
2007,A,ITF33,TOTFERR,TOTAL,TOTAL,1.56
2008,A,ITF33,TOTFERR,TOTAL,TOTAL,1.54
2009,A,ITF33,TOTFERR,TOTAL,TOTAL,1.53
2010,A,ITF33,TOTFERR,TOTAL,TOTAL,1.51
2011,A,ITF33,TOTFERR,TOTAL,TOTAL,1.49
2012,A,ITF33,TOTFERR,TOTAL,TOTAL,1.46
2013,A,ITF33,TOTFERR,TOTAL,TOTAL,1.42
2014,A,ITF33,TOTFERR,TOTAL,TOTAL,1.39
2015,A,ITF33,TOTFERR,TOTAL,TOTAL,1.41
2016,A,ITF33,TOTFERR,TOTAL,TOTAL,1.41
2017,A,ITF33,TOTFERR,TOTAL,TOTAL,1.42
2018,A,ITF33,TOTFERR,TOTAL,TOTAL,1.38
2019,A,ITF33,TOTFERR,TOTAL,TOTAL,1.37
2020,A,ITF33,TOTFERR,TOTAL,TOTAL,1.35
2021,A,ITF33,TOTFERR,TOTAL,TOTAL,1.33
2022,A,ITF33,TOTFERR,TOTAL,TOTAL,1.37
2023,A,ITF33,TOTFERR,TOTAL,TOTAL,1.32
2024,A,ITF33,TOTFERR,TOTAL,TOTAL,1.3
2002,A,ITF34,TOTFERR,FRG,TOTAL,3.35
2003,A,ITF34,TOTFERR,FRG,TOTAL,2.36
2004,A,ITF34,TOTFERR,FRG,TOTAL,1.92
2005,A,ITF34,TOTFERR,FRG,TOTAL,1.46
2006,A,ITF34,TOTFERR,FRG,TOTAL,1.91
2007,A,ITF34,TOTFERR,FRG,TOTAL,2.39
2008,A,ITF34,TOTFERR,FRG,TOTAL,1.58
2009,A,ITF34,TOTFERR,FRG,TOTAL,1.7
2010,A,ITF34,TOTFERR,FRG,TOTAL,1.6
2011,A,ITF34,TOTFERR,FRG,TOTAL,1.71
2012,A,ITF34,TOTFERR,FRG,TOTAL,1.57
2013,A,ITF34,TOTFERR,FRG,TOTAL,1.56
2014,A,ITF34,TOTFERR,FRG,TOTAL,1.57
2015,A,ITF34,TOTFERR,FRG,TOTAL,1.63
2016,A,ITF34,TOTFERR,FRG,TOTAL,1.63
2017,A,ITF34,TOTFERR,FRG,TOTAL,1.83
2018,A,ITF34,TOTFERR,FRG,TOTAL,1.59
2019,A,ITF34,TOTFERR,FRG,TOTAL,1.86
2020,A,ITF34,TOTFERR,FRG,TOTAL,1.6
2021,A,ITF34,TOTFERR,FRG,TOTAL,1.57
2022,A,ITF34,TOTFERR,FRG,TOTAL,1.69
2023,A,ITF34,TOTFERR,FRG,TOTAL,1.72
2024,A,ITF34,TOTFERR,FRG,TOTAL,1.73
2002,A,ITF34,TOTFERR,ITL,TOTAL,1.24
2003,A,ITF34,TOTFERR,ITL,TOTAL,1.25
2004,A,ITF34,TOTFERR,ITL,TOTAL,1.28
2005,A,ITF34,TOTFERR,ITL,TOTAL,1.22
2006,A,ITF34,TOTFERR,ITL,TOTAL,1.21
2007,A,ITF34,TOTFERR,ITL,TOTAL,1.23
2008,A,ITF34,TOTFERR,ITL,TOTAL,1.27
2009,A,ITF34,TOTFERR,ITL,TOTAL,1.22
2010,A,ITF34,TOTFERR,ITL,TOTAL,1.22
2011,A,ITF34,TOTFERR,ITL,TOTAL,1.16
2012,A,ITF34,TOTFERR,ITL,TOTAL,1.17
2013,A,ITF34,TOTFERR,ITL,TOTAL,1.17
2014,A,ITF34,TOTFERR,ITL,TOTAL,1.14
2015,A,ITF34,TOTFERR,ITL,TOTAL,1.15
2016,A,ITF34,TOTFERR,ITL,TOTAL,1.19
2017,A,ITF34,TOTFERR,ITL,TOTAL,1.19
2018,A,ITF34,TOTFERR,ITL,TOTAL,1.14
2019,A,ITF34,TOTFERR,ITL,TOTAL,1.11
2020,A,ITF34,TOTFERR,ITL,TOTAL,1.08
2021,A,ITF34,TOTFERR,ITL,TOTAL,1.1
2022,A,ITF34,TOTFERR,ITL,TOTAL,1.11
2023,A,ITF34,TOTFERR,ITL,TOTAL,1.12
2024,A,ITF34,TOTFERR,ITL,TOTAL,1.07
1999,A,ITF34,TOTFERR,TOTAL,TOTAL,1.31
2000,A,ITF34,TOTFERR,TOTAL,TOTAL,1.27
2001,A,ITF34,TOTFERR,TOTAL,TOTAL,1.24
2002,A,ITF34,TOTFERR,TOTAL,TOTAL,1.26
2003,A,ITF34,TOTFERR,TOTAL,TOTAL,1.27
2004,A,ITF34,TOTFERR,TOTAL,TOTAL,1.29
2005,A,ITF34,TOTFERR,TOTAL,TOTAL,1.22
2006,A,ITF34,TOTFERR,TOTAL,TOTAL,1.22
2007,A,ITF34,TOTFERR,TOTAL,TOTAL,1.25
2008,A,ITF34,TOTFERR,TOTAL,TOTAL,1.27
2009,A,ITF34,TOTFERR,TOTAL,TOTAL,1.23
2010,A,ITF34,TOTFERR,TOTAL,TOTAL,1.23
2011,A,ITF34,TOTFERR,TOTAL,TOTAL,1.18
2012,A,ITF34,TOTFERR,TOTAL,TOTAL,1.18
2013,A,ITF34,TOTFERR,TOTAL,TOTAL,1.18
2014,A,ITF34,TOTFERR,TOTAL,TOTAL,1.16
2015,A,ITF34,TOTFERR,TOTAL,TOTAL,1.16
2016,A,ITF34,TOTFERR,TOTAL,TOTAL,1.2
2017,A,ITF34,TOTFERR,TOTAL,TOTAL,1.21
2018,A,ITF34,TOTFERR,TOTAL,TOTAL,1.15
2019,A,ITF34,TOTFERR,TOTAL,TOTAL,1.13
2020,A,ITF34,TOTFERR,TOTAL,TOTAL,1.09
2021,A,ITF34,TOTFERR,TOTAL,TOTAL,1.12
2022,A,ITF34,TOTFERR,TOTAL,TOTAL,1.13
2023,A,ITF34,TOTFERR,TOTAL,TOTAL,1.14
2024,A,ITF34,TOTFERR,TOTAL,TOTAL,1.1
2002,A,ITF35,TOTFERR,FRG,TOTAL,2.86
2003,A,ITF35,TOTFERR,FRG,TOTAL,2.51
2004,A,ITF35,TOTFERR,FRG,TOTAL,2.49
2005,A,ITF35,TOTFERR,FRG,TOTAL,2.55
2006,A,ITF35,TOTFERR,FRG,TOTAL,2.55
2007,A,ITF35,TOTFERR,FRG,TOTAL,2.37
2008,A,ITF35,TOTFERR,FRG,TOTAL,2.03
2009,A,ITF35,TOTFERR,FRG,TOTAL,1.95
2010,A,ITF35,TOTFERR,FRG,TOTAL,1.83
2011,A,ITF35,TOTFERR,FRG,TOTAL,1.99
2012,A,ITF35,TOTFERR,FRG,TOTAL,1.92
2013,A,ITF35,TOTFERR,FRG,TOTAL,1.84
2014,A,ITF35,TOTFERR,FRG,TOTAL,1.91
2015,A,ITF35,TOTFERR,FRG,TOTAL,1.82
2016,A,ITF35,TOTFERR,FRG,TOTAL,1.65
2017,A,ITF35,TOTFERR,FRG,TOTAL,1.97
2018,A,ITF35,TOTFERR,FRG,TOTAL,1.77
2019,A,ITF35,TOTFERR,FRG,TOTAL,1.88
2020,A,ITF35,TOTFERR,FRG,TOTAL,1.82
2021,A,ITF35,TOTFERR,FRG,TOTAL,1.82
2022,A,ITF35,TOTFERR,FRG,TOTAL,2.02
2023,A,ITF35,TOTFERR,FRG,TOTAL,2.09
2024,A,ITF35,TOTFERR,FRG,TOTAL,1.82
2002,A,ITF35,TOTFERR,ITL,TOTAL,1.31
2003,A,ITF35,TOTFERR,ITL,TOTAL,1.33
2004,A,ITF35,TOTFERR,ITL,TOTAL,1.33
2005,A,ITF35,TOTFERR,ITL,TOTAL,1.31
2006,A,ITF35,TOTFERR,ITL,TOTAL,1.32
2007,A,ITF35,TOTFERR,ITL,TOTAL,1.32
2008,A,ITF35,TOTFERR,ITL,TOTAL,1.33
2009,A,ITF35,TOTFERR,ITL,TOTAL,1.34
2010,A,ITF35,TOTFERR,ITL,TOTAL,1.32
2011,A,ITF35,TOTFERR,ITL,TOTAL,1.32
2012,A,ITF35,TOTFERR,ITL,TOTAL,1.31
2013,A,ITF35,TOTFERR,ITL,TOTAL,1.25
2014,A,ITF35,TOTFERR,ITL,TOTAL,1.27
2015,A,ITF35,TOTFERR,ITL,TOTAL,1.27
2016,A,ITF35,TOTFERR,ITL,TOTAL,1.28
2017,A,ITF35,TOTFERR,ITL,TOTAL,1.25
2018,A,ITF35,TOTFERR,ITL,TOTAL,1.24
2019,A,ITF35,TOTFERR,ITL,TOTAL,1.25
2020,A,ITF35,TOTFERR,ITL,TOTAL,1.21
2021,A,ITF35,TOTFERR,ITL,TOTAL,1.22
2022,A,ITF35,TOTFERR,ITL,TOTAL,1.23
2023,A,ITF35,TOTFERR,ITL,TOTAL,1.21
2024,A,ITF35,TOTFERR,ITL,TOTAL,1.19
1999,A,ITF35,TOTFERR,TOTAL,TOTAL,1.39
2000,A,ITF35,TOTFERR,TOTAL,TOTAL,1.36
2001,A,ITF35,TOTFERR,TOTAL,TOTAL,1.34
2002,A,ITF35,TOTFERR,TOTAL,TOTAL,1.32
2003,A,ITF35,TOTFERR,TOTAL,TOTAL,1.34
2004,A,ITF35,TOTFERR,TOTAL,TOTAL,1.34
2005,A,ITF35,TOTFERR,TOTAL,TOTAL,1.33
2006,A,ITF35,TOTFERR,TOTAL,TOTAL,1.33
2007,A,ITF35,TOTFERR,TOTAL,TOTAL,1.33
2008,A,ITF35,TOTFERR,TOTAL,TOTAL,1.34
2009,A,ITF35,TOTFERR,TOTAL,TOTAL,1.35
2010,A,ITF35,TOTFERR,TOTAL,TOTAL,1.33
2011,A,ITF35,TOTFERR,TOTAL,TOTAL,1.34
2012,A,ITF35,TOTFERR,TOTAL,TOTAL,1.34
2013,A,ITF35,TOTFERR,TOTAL,TOTAL,1.28
2014,A,ITF35,TOTFERR,TOTAL,TOTAL,1.3
2015,A,ITF35,TOTFERR,TOTAL,TOTAL,1.29
2016,A,ITF35,TOTFERR,TOTAL,TOTAL,1.29
2017,A,ITF35,TOTFERR,TOTAL,TOTAL,1.28
2018,A,ITF35,TOTFERR,TOTAL,TOTAL,1.26
2019,A,ITF35,TOTFERR,TOTAL,TOTAL,1.28
2020,A,ITF35,TOTFERR,TOTAL,TOTAL,1.24
2021,A,ITF35,TOTFERR,TOTAL,TOTAL,1.25
2022,A,ITF35,TOTFERR,TOTAL,TOTAL,1.26
2023,A,ITF35,TOTFERR,TOTAL,TOTAL,1.25
2024,A,ITF35,TOTFERR,TOTAL,TOTAL,1.22
2002,A,ITF4,TOTFERR,FRG,TOTAL,2.6
2003,A,ITF4,TOTFERR,FRG,TOTAL,2.61
2004,A,ITF4,TOTFERR,FRG,TOTAL,2.91
2005,A,ITF4,TOTFERR,FRG,TOTAL,2.39
2006,A,ITF4,TOTFERR,FRG,TOTAL,2.83
2007,A,ITF4,TOTFERR,FRG,TOTAL,2.65
2008,A,ITF4,TOTFERR,FRG,TOTAL,2.18
2009,A,ITF4,TOTFERR,FRG,TOTAL,2.12
2010,A,ITF4,TOTFERR,FRG,TOTAL,2.05
2011,A,ITF4,TOTFERR,FRG,TOTAL,2.02
2012,A,ITF4,TOTFERR,FRG,TOTAL,2.01
2013,A,ITF4,TOTFERR,FRG,TOTAL,2.02
2014,A,ITF4,TOTFERR,FRG,TOTAL,1.96
2015,A,ITF4,TOTFERR,FRG,TOTAL,1.98
2016,A,ITF4,TOTFERR,FRG,TOTAL,2.08
2017,A,ITF4,TOTFERR,FRG,TOTAL,2.05
2018,A,ITF4,TOTFERR,FRG,TOTAL,2.0
2019,A,ITF4,TOTFERR,FRG,TOTAL,2.0
2020,A,ITF4,TOTFERR,FRG,TOTAL,1.95
2021,A,ITF4,TOTFERR,FRG,TOTAL,1.96
2022,A,ITF4,TOTFERR,FRG,TOTAL,1.95
2023,A,ITF4,TOTFERR,FRG,TOTAL,1.89
2024,A,ITF4,TOTFERR,FRG,TOTAL,1.83
2002,A,ITF4,TOTFERR,ITL,TOTAL,1.29
2003,A,ITF4,TOTFERR,ITL,TOTAL,1.29
2004,A,ITF4,TOTFERR,ITL,TOTAL,1.32
2005,A,ITF4,TOTFERR,ITL,TOTAL,1.28
2006,A,ITF4,TOTFERR,ITL,TOTAL,1.26
2007,A,ITF4,TOTFERR,ITL,TOTAL,1.29
2008,A,ITF4,TOTFERR,ITL,TOTAL,1.31
2009,A,ITF4,TOTFERR,ITL,TOTAL,1.32
2010,A,ITF4,TOTFERR,ITL,TOTAL,1.31
2011,A,ITF4,TOTFERR,ITL,TOTAL,1.29
2012,A,ITF4,TOTFERR,ITL,TOTAL,1.27
2013,A,ITF4,TOTFERR,ITL,TOTAL,1.25
2014,A,ITF4,TOTFERR,ITL,TOTAL,1.27
2015,A,ITF4,TOTFERR,ITL,TOTAL,1.23
2016,A,ITF4,TOTFERR,ITL,TOTAL,1.24
2017,A,ITF4,TOTFERR,ITL,TOTAL,1.22
2018,A,ITF4,TOTFERR,ITL,TOTAL,1.21
2019,A,ITF4,TOTFERR,ITL,TOTAL,1.17
2020,A,ITF4,TOTFERR,ITL,TOTAL,1.15
2021,A,ITF4,TOTFERR,ITL,TOTAL,1.17
2022,A,ITF4,TOTFERR,ITL,TOTAL,1.19
2023,A,ITF4,TOTFERR,ITL,TOTAL,1.18
2024,A,ITF4,TOTFERR,ITL,TOTAL,1.14
1999,A,ITF4,TOTFERR,TOTAL,TOTAL,1.33
2000,A,ITF4,TOTFERR,TOTAL,TOTAL,1.35
2001,A,ITF4,TOTFERR,TOTAL,TOTAL,1.34
2002,A,ITF4,TOTFERR,TOTAL,TOTAL,1.3
2003,A,ITF4,TOTFERR,TOTAL,TOTAL,1.3
2004,A,ITF4,TOTFERR,TOTAL,TOTAL,1.34
2005,A,ITF4,TOTFERR,TOTAL,TOTAL,1.29
2006,A,ITF4,TOTFERR,TOTAL,TOTAL,1.28
2007,A,ITF4,TOTFERR,TOTAL,TOTAL,1.31
2008,A,ITF4,TOTFERR,TOTAL,TOTAL,1.33
2009,A,ITF4,TOTFERR,TOTAL,TOTAL,1.34
2010,A,ITF4,TOTFERR,TOTAL,TOTAL,1.33
2011,A,ITF4,TOTFERR,TOTAL,TOTAL,1.31
2012,A,ITF4,TOTFERR,TOTAL,TOTAL,1.3
2013,A,ITF4,TOTFERR,TOTAL,TOTAL,1.28
2014,A,ITF4,TOTFERR,TOTAL,TOTAL,1.29
2015,A,ITF4,TOTFERR,TOTAL,TOTAL,1.26
2016,A,ITF4,TOTFERR,TOTAL,TOTAL,1.27
2017,A,ITF4,TOTFERR,TOTAL,TOTAL,1.25
2018,A,ITF4,TOTFERR,TOTAL,TOTAL,1.23
2019,A,ITF4,TOTFERR,TOTAL,TOTAL,1.2
2020,A,ITF4,TOTFERR,TOTAL,TOTAL,1.18
2021,A,ITF4,TOTFERR,TOTAL,TOTAL,1.2
2022,A,ITF4,TOTFERR,TOTAL,TOTAL,1.22
2023,A,ITF4,TOTFERR,TOTAL,TOTAL,1.2
2024,A,ITF4,TOTFERR,TOTAL,TOTAL,1.16
2002,A,ITF41,TOTFERR,FRG,TOTAL,3.25
2003,A,ITF41,TOTFERR,FRG,TOTAL,3.09
2004,A,ITF41,TOTFERR,FRG,TOTAL,3.72
2005,A,ITF41,TOTFERR,FRG,TOTAL,2.91
2006,A,ITF41,TOTFERR,FRG,TOTAL,3.49
2007,A,ITF41,TOTFERR,FRG,TOTAL,2.87
2008,A,ITF41,TOTFERR,FRG,TOTAL,2.29
2009,A,ITF41,TOTFERR,FRG,TOTAL,2.23
2010,A,ITF41,TOTFERR,FRG,TOTAL,2.15
2011,A,ITF41,TOTFERR,FRG,TOTAL,2.13
2012,A,ITF41,TOTFERR,FRG,TOTAL,2.15
2013,A,ITF41,TOTFERR,FRG,TOTAL,2.1
2014,A,ITF41,TOTFERR,FRG,TOTAL,1.91
2015,A,ITF41,TOTFERR,FRG,TOTAL,2.17
2016,A,ITF41,TOTFERR,FRG,TOTAL,2.33
2017,A,ITF41,TOTFERR,FRG,TOTAL,2.13
2018,A,ITF41,TOTFERR,FRG,TOTAL,2.21
2019,A,ITF41,TOTFERR,FRG,TOTAL,2.08
2020,A,ITF41,TOTFERR,FRG,TOTAL,2.06
2021,A,ITF41,TOTFERR,FRG,TOTAL,2.06
2022,A,ITF41,TOTFERR,FRG,TOTAL,2.2
2023,A,ITF41,TOTFERR,FRG,TOTAL,2.06
2024,A,ITF41,TOTFERR,FRG,TOTAL,1.94
2002,A,ITF41,TOTFERR,ITL,TOTAL,1.38
2003,A,ITF41,TOTFERR,ITL,TOTAL,1.4
2004,A,ITF41,TOTFERR,ITL,TOTAL,1.4
2005,A,ITF41,TOTFERR,ITL,TOTAL,1.38
2006,A,ITF41,TOTFERR,ITL,TOTAL,1.33
2007,A,ITF41,TOTFERR,ITL,TOTAL,1.35
2008,A,ITF41,TOTFERR,ITL,TOTAL,1.39
2009,A,ITF41,TOTFERR,ITL,TOTAL,1.42
2010,A,ITF41,TOTFERR,ITL,TOTAL,1.38
2011,A,ITF41,TOTFERR,ITL,TOTAL,1.34
2012,A,ITF41,TOTFERR,ITL,TOTAL,1.33
2013,A,ITF41,TOTFERR,ITL,TOTAL,1.33
2014,A,ITF41,TOTFERR,ITL,TOTAL,1.35
2015,A,ITF41,TOTFERR,ITL,TOTAL,1.33
2016,A,ITF41,TOTFERR,ITL,TOTAL,1.29
2017,A,ITF41,TOTFERR,ITL,TOTAL,1.25
2018,A,ITF41,TOTFERR,ITL,TOTAL,1.23
2019,A,ITF41,TOTFERR,ITL,TOTAL,1.23
2020,A,ITF41,TOTFERR,ITL,TOTAL,1.22
2021,A,ITF41,TOTFERR,ITL,TOTAL,1.19
2022,A,ITF41,TOTFERR,ITL,TOTAL,1.21
2023,A,ITF41,TOTFERR,ITL,TOTAL,1.26
2024,A,ITF41,TOTFERR,ITL,TOTAL,1.15
1999,A,ITF41,TOTFERR,TOTAL,TOTAL,1.46
2000,A,ITF41,TOTFERR,TOTAL,TOTAL,1.47
2001,A,ITF41,TOTFERR,TOTAL,TOTAL,1.43
2002,A,ITF41,TOTFERR,TOTAL,TOTAL,1.4
2003,A,ITF41,TOTFERR,TOTAL,TOTAL,1.42
2004,A,ITF41,TOTFERR,TOTAL,TOTAL,1.43
2005,A,ITF41,TOTFERR,TOTAL,TOTAL,1.4
2006,A,ITF41,TOTFERR,TOTAL,TOTAL,1.36
2007,A,ITF41,TOTFERR,TOTAL,TOTAL,1.38
2008,A,ITF41,TOTFERR,TOTAL,TOTAL,1.41
2009,A,ITF41,TOTFERR,TOTAL,TOTAL,1.44
2010,A,ITF41,TOTFERR,TOTAL,TOTAL,1.41
2011,A,ITF41,TOTFERR,TOTAL,TOTAL,1.37
2012,A,ITF41,TOTFERR,TOTAL,TOTAL,1.37
2013,A,ITF41,TOTFERR,TOTAL,TOTAL,1.37
2014,A,ITF41,TOTFERR,TOTAL,TOTAL,1.37
2015,A,ITF41,TOTFERR,TOTAL,TOTAL,1.37
2016,A,ITF41,TOTFERR,TOTAL,TOTAL,1.34
2017,A,ITF41,TOTFERR,TOTAL,TOTAL,1.29
2018,A,ITF41,TOTFERR,TOTAL,TOTAL,1.28
2019,A,ITF41,TOTFERR,TOTAL,TOTAL,1.27
2020,A,ITF41,TOTFERR,TOTAL,TOTAL,1.27
2021,A,ITF41,TOTFERR,TOTAL,TOTAL,1.24
2022,A,ITF41,TOTFERR,TOTAL,TOTAL,1.26
2023,A,ITF41,TOTFERR,TOTAL,TOTAL,1.3
2024,A,ITF41,TOTFERR,TOTAL,TOTAL,1.19
2002,A,ITF42,TOTFERR,FRG,TOTAL,2.61
2003,A,ITF42,TOTFERR,FRG,TOTAL,2.55
2004,A,ITF42,TOTFERR,FRG,TOTAL,3.0
2005,A,ITF42,TOTFERR,FRG,TOTAL,2.51
2006,A,ITF42,TOTFERR,FRG,TOTAL,2.65
2007,A,ITF42,TOTFERR,FRG,TOTAL,2.8
2008,A,ITF42,TOTFERR,FRG,TOTAL,2.19
2009,A,ITF42,TOTFERR,FRG,TOTAL,2.25
2010,A,ITF42,TOTFERR,FRG,TOTAL,2.14
2011,A,ITF42,TOTFERR,FRG,TOTAL,2.03
2012,A,ITF42,TOTFERR,FRG,TOTAL,2.15
2013,A,ITF42,TOTFERR,FRG,TOTAL,2.07
2014,A,ITF42,TOTFERR,FRG,TOTAL,1.99
2015,A,ITF42,TOTFERR,FRG,TOTAL,2.1
2016,A,ITF42,TOTFERR,FRG,TOTAL,2.11
2017,A,ITF42,TOTFERR,FRG,TOTAL,2.29
2018,A,ITF42,TOTFERR,FRG,TOTAL,2.1
2019,A,ITF42,TOTFERR,FRG,TOTAL,2.11
2020,A,ITF42,TOTFERR,FRG,TOTAL,1.88
2021,A,ITF42,TOTFERR,FRG,TOTAL,1.9
2022,A,ITF42,TOTFERR,FRG,TOTAL,1.84
2023,A,ITF42,TOTFERR,FRG,TOTAL,1.88
2024,A,ITF42,TOTFERR,FRG,TOTAL,1.72
2002,A,ITF42,TOTFERR,ITL,TOTAL,1.3
2003,A,ITF42,TOTFERR,ITL,TOTAL,1.31
2004,A,ITF42,TOTFERR,ITL,TOTAL,1.31
2005,A,ITF42,TOTFERR,ITL,TOTAL,1.28
2006,A,ITF42,TOTFERR,ITL,TOTAL,1.25
2007,A,ITF42,TOTFERR,ITL,TOTAL,1.26
2008,A,ITF42,TOTFERR,ITL,TOTAL,1.3
2009,A,ITF42,TOTFERR,ITL,TOTAL,1.28
2010,A,ITF42,TOTFERR,ITL,TOTAL,1.31
2011,A,ITF42,TOTFERR,ITL,TOTAL,1.31
2012,A,ITF42,TOTFERR,ITL,TOTAL,1.26
2013,A,ITF42,TOTFERR,ITL,TOTAL,1.25
2014,A,ITF42,TOTFERR,ITL,TOTAL,1.27
2015,A,ITF42,TOTFERR,ITL,TOTAL,1.24
2016,A,ITF42,TOTFERR,ITL,TOTAL,1.26
2017,A,ITF42,TOTFERR,ITL,TOTAL,1.25
2018,A,ITF42,TOTFERR,ITL,TOTAL,1.24
2019,A,ITF42,TOTFERR,ITL,TOTAL,1.2
2020,A,ITF42,TOTFERR,ITL,TOTAL,1.15
2021,A,ITF42,TOTFERR,ITL,TOTAL,1.19
2022,A,ITF42,TOTFERR,ITL,TOTAL,1.22
2023,A,ITF42,TOTFERR,ITL,TOTAL,1.19
2024,A,ITF42,TOTFERR,ITL,TOTAL,1.15
1999,A,ITF42,TOTFERR,TOTAL,TOTAL,1.36
2000,A,ITF42,TOTFERR,TOTAL,TOTAL,1.38
2001,A,ITF42,TOTFERR,TOTAL,TOTAL,1.37
2002,A,ITF42,TOTFERR,TOTAL,TOTAL,1.32
2003,A,ITF42,TOTFERR,TOTAL,TOTAL,1.33
2004,A,ITF42,TOTFERR,TOTAL,TOTAL,1.34
2005,A,ITF42,TOTFERR,TOTAL,TOTAL,1.29
2006,A,ITF42,TOTFERR,TOTAL,TOTAL,1.28
2007,A,ITF42,TOTFERR,TOTAL,TOTAL,1.29
2008,A,ITF42,TOTFERR,TOTAL,TOTAL,1.32
2009,A,ITF42,TOTFERR,TOTAL,TOTAL,1.31
2010,A,ITF42,TOTFERR,TOTAL,TOTAL,1.33
2011,A,ITF42,TOTFERR,TOTAL,TOTAL,1.34
2012,A,ITF42,TOTFERR,TOTAL,TOTAL,1.3
2013,A,ITF42,TOTFERR,TOTAL,TOTAL,1.28
2014,A,ITF42,TOTFERR,TOTAL,TOTAL,1.3
2015,A,ITF42,TOTFERR,TOTAL,TOTAL,1.28
2016,A,ITF42,TOTFERR,TOTAL,TOTAL,1.29
2017,A,ITF42,TOTFERR,TOTAL,TOTAL,1.29
2018,A,ITF42,TOTFERR,TOTAL,TOTAL,1.28
2019,A,ITF42,TOTFERR,TOTAL,TOTAL,1.24
2020,A,ITF42,TOTFERR,TOTAL,TOTAL,1.18
2021,A,ITF42,TOTFERR,TOTAL,TOTAL,1.22
2022,A,ITF42,TOTFERR,TOTAL,TOTAL,1.24
2023,A,ITF42,TOTFERR,TOTAL,TOTAL,1.22
2024,A,ITF42,TOTFERR,TOTAL,TOTAL,1.17
2002,A,ITF43,TOTFERR,FRG,TOTAL,2.55
2003,A,ITF43,TOTFERR,FRG,TOTAL,2.76
2004,A,ITF43,TOTFERR,FRG,TOTAL,2.64
2005,A,ITF43,TOTFERR,FRG,TOTAL,2.09
2006,A,ITF43,TOTFERR,FRG,TOTAL,2.61
2007,A,ITF43,TOTFERR,FRG,TOTAL,2.59
2008,A,ITF43,TOTFERR,FRG,TOTAL,2.71
2009,A,ITF43,TOTFERR,FRG,TOTAL,2.35
2010,A,ITF43,TOTFERR,FRG,TOTAL,2.19
2011,A,ITF43,TOTFERR,FRG,TOTAL,1.94
2012,A,ITF43,TOTFERR,FRG,TOTAL,2.07
2013,A,ITF43,TOTFERR,FRG,TOTAL,2.08
2014,A,ITF43,TOTFERR,FRG,TOTAL,2.32
2015,A,ITF43,TOTFERR,FRG,TOTAL,1.99
2016,A,ITF43,TOTFERR,FRG,TOTAL,2.24
2017,A,ITF43,TOTFERR,FRG,TOTAL,2.09
2018,A,ITF43,TOTFERR,FRG,TOTAL,1.82
2019,A,ITF43,TOTFERR,FRG,TOTAL,2.22
2020,A,ITF43,TOTFERR,FRG,TOTAL,2.05
2021,A,ITF43,TOTFERR,FRG,TOTAL,2.26
2022,A,ITF43,TOTFERR,FRG,TOTAL,1.86
2023,A,ITF43,TOTFERR,FRG,TOTAL,1.93
2024,A,ITF43,TOTFERR,FRG,TOTAL,1.73
2002,A,ITF43,TOTFERR,ITL,TOTAL,1.12
2003,A,ITF43,TOTFERR,ITL,TOTAL,1.11
2004,A,ITF43,TOTFERR,ITL,TOTAL,1.27
2005,A,ITF43,TOTFERR,ITL,TOTAL,1.25
2006,A,ITF43,TOTFERR,ITL,TOTAL,1.19
2007,A,ITF43,TOTFERR,ITL,TOTAL,1.32
2008,A,ITF43,TOTFERR,ITL,TOTAL,1.36
2009,A,ITF43,TOTFERR,ITL,TOTAL,1.43
2010,A,ITF43,TOTFERR,ITL,TOTAL,1.34
2011,A,ITF43,TOTFERR,ITL,TOTAL,1.33
2012,A,ITF43,TOTFERR,ITL,TOTAL,1.32
2013,A,ITF43,TOTFERR,ITL,TOTAL,1.27
2014,A,ITF43,TOTFERR,ITL,TOTAL,1.31
2015,A,ITF43,TOTFERR,ITL,TOTAL,1.23
2016,A,ITF43,TOTFERR,ITL,TOTAL,1.23
2017,A,ITF43,TOTFERR,ITL,TOTAL,1.24
2018,A,ITF43,TOTFERR,ITL,TOTAL,1.16
2019,A,ITF43,TOTFERR,ITL,TOTAL,1.15
2020,A,ITF43,TOTFERR,ITL,TOTAL,1.12
2021,A,ITF43,TOTFERR,ITL,TOTAL,1.14
2022,A,ITF43,TOTFERR,ITL,TOTAL,1.14
2023,A,ITF43,TOTFERR,ITL,TOTAL,1.14
2024,A,ITF43,TOTFERR,ITL,TOTAL,1.1
1999,A,ITF43,TOTFERR,TOTAL,TOTAL,1.27
2000,A,ITF43,TOTFERR,TOTAL,TOTAL,1.27
2001,A,ITF43,TOTFERR,TOTAL,TOTAL,1.3
2002,A,ITF43,TOTFERR,TOTAL,TOTAL,1.13
2003,A,ITF43,TOTFERR,TOTAL,TOTAL,1.13
2004,A,ITF43,TOTFERR,TOTAL,TOTAL,1.28
2005,A,ITF43,TOTFERR,TOTAL,TOTAL,1.25
2006,A,ITF43,TOTFERR,TOTAL,TOTAL,1.2
2007,A,ITF43,TOTFERR,TOTAL,TOTAL,1.33
2008,A,ITF43,TOTFERR,TOTAL,TOTAL,1.38
2009,A,ITF43,TOTFERR,TOTAL,TOTAL,1.44
2010,A,ITF43,TOTFERR,TOTAL,TOTAL,1.36
2011,A,ITF43,TOTFERR,TOTAL,TOTAL,1.34
2012,A,ITF43,TOTFERR,TOTAL,TOTAL,1.34
2013,A,ITF43,TOTFERR,TOTAL,TOTAL,1.29
2014,A,ITF43,TOTFERR,TOTAL,TOTAL,1.34
2015,A,ITF43,TOTFERR,TOTAL,TOTAL,1.25
2016,A,ITF43,TOTFERR,TOTAL,TOTAL,1.26
2017,A,ITF43,TOTFERR,TOTAL,TOTAL,1.25
2018,A,ITF43,TOTFERR,TOTAL,TOTAL,1.18
2019,A,ITF43,TOTFERR,TOTAL,TOTAL,1.18
2020,A,ITF43,TOTFERR,TOTAL,TOTAL,1.15
2021,A,ITF43,TOTFERR,TOTAL,TOTAL,1.17
2022,A,ITF43,TOTFERR,TOTAL,TOTAL,1.16
2023,A,ITF43,TOTFERR,TOTAL,TOTAL,1.16
2024,A,ITF43,TOTFERR,TOTAL,TOTAL,1.12
2002,A,ITF44,TOTFERR,FRG,TOTAL,1.97
2003,A,ITF44,TOTFERR,FRG,TOTAL,1.67
2004,A,ITF44,TOTFERR,FRG,TOTAL,2.04
2005,A,ITF44,TOTFERR,FRG,TOTAL,1.87
2006,A,ITF44,TOTFERR,FRG,TOTAL,2.66
2007,A,ITF44,TOTFERR,FRG,TOTAL,2.62
2008,A,ITF44,TOTFERR,FRG,TOTAL,1.91
2009,A,ITF44,TOTFERR,FRG,TOTAL,1.7
2010,A,ITF44,TOTFERR,FRG,TOTAL,1.86
2011,A,ITF44,TOTFERR,FRG,TOTAL,1.98
2012,A,ITF44,TOTFERR,FRG,TOTAL,1.75
2013,A,ITF44,TOTFERR,FRG,TOTAL,1.86
2014,A,ITF44,TOTFERR,FRG,TOTAL,1.96
2015,A,ITF44,TOTFERR,FRG,TOTAL,1.81
2016,A,ITF44,TOTFERR,FRG,TOTAL,2.0
2017,A,ITF44,TOTFERR,FRG,TOTAL,1.87
2018,A,ITF44,TOTFERR,FRG,TOTAL,1.7
2019,A,ITF44,TOTFERR,FRG,TOTAL,2.03
2020,A,ITF44,TOTFERR,FRG,TOTAL,1.81
2021,A,ITF44,TOTFERR,FRG,TOTAL,1.93
2022,A,ITF44,TOTFERR,FRG,TOTAL,2.18
2023,A,ITF44,TOTFERR,FRG,TOTAL,1.88
2024,A,ITF44,TOTFERR,FRG,TOTAL,2.18
2002,A,ITF44,TOTFERR,ITL,TOTAL,1.26
2003,A,ITF44,TOTFERR,ITL,TOTAL,1.21
2004,A,ITF44,TOTFERR,ITL,TOTAL,1.25
2005,A,ITF44,TOTFERR,ITL,TOTAL,1.21
2006,A,ITF44,TOTFERR,ITL,TOTAL,1.25
2007,A,ITF44,TOTFERR,ITL,TOTAL,1.24
2008,A,ITF44,TOTFERR,ITL,TOTAL,1.27
2009,A,ITF44,TOTFERR,ITL,TOTAL,1.3
2010,A,ITF44,TOTFERR,ITL,TOTAL,1.24
2011,A,ITF44,TOTFERR,ITL,TOTAL,1.24
2012,A,ITF44,TOTFERR,ITL,TOTAL,1.2
2013,A,ITF44,TOTFERR,ITL,TOTAL,1.24
2014,A,ITF44,TOTFERR,ITL,TOTAL,1.2
2015,A,ITF44,TOTFERR,ITL,TOTAL,1.16
2016,A,ITF44,TOTFERR,ITL,TOTAL,1.15
2017,A,ITF44,TOTFERR,ITL,TOTAL,1.12
2018,A,ITF44,TOTFERR,ITL,TOTAL,1.13
2019,A,ITF44,TOTFERR,ITL,TOTAL,1.05
2020,A,ITF44,TOTFERR,ITL,TOTAL,1.12
2021,A,ITF44,TOTFERR,ITL,TOTAL,1.12
2022,A,ITF44,TOTFERR,ITL,TOTAL,1.18
2023,A,ITF44,TOTFERR,ITL,TOTAL,1.13
2024,A,ITF44,TOTFERR,ITL,TOTAL,1.14
1999,A,ITF44,TOTFERR,TOTAL,TOTAL,1.3
2000,A,ITF44,TOTFERR,TOTAL,TOTAL,1.29
2001,A,ITF44,TOTFERR,TOTAL,TOTAL,1.27
2002,A,ITF44,TOTFERR,TOTAL,TOTAL,1.26
2003,A,ITF44,TOTFERR,TOTAL,TOTAL,1.21
2004,A,ITF44,TOTFERR,TOTAL,TOTAL,1.26
2005,A,ITF44,TOTFERR,TOTAL,TOTAL,1.21
2006,A,ITF44,TOTFERR,TOTAL,TOTAL,1.26
2007,A,ITF44,TOTFERR,TOTAL,TOTAL,1.25
2008,A,ITF44,TOTFERR,TOTAL,TOTAL,1.28
2009,A,ITF44,TOTFERR,TOTAL,TOTAL,1.3
2010,A,ITF44,TOTFERR,TOTAL,TOTAL,1.25
2011,A,ITF44,TOTFERR,TOTAL,TOTAL,1.25
2012,A,ITF44,TOTFERR,TOTAL,TOTAL,1.22
2013,A,ITF44,TOTFERR,TOTAL,TOTAL,1.26
2014,A,ITF44,TOTFERR,TOTAL,TOTAL,1.22
2015,A,ITF44,TOTFERR,TOTAL,TOTAL,1.18
2016,A,ITF44,TOTFERR,TOTAL,TOTAL,1.18
2017,A,ITF44,TOTFERR,TOTAL,TOTAL,1.14
2018,A,ITF44,TOTFERR,TOTAL,TOTAL,1.15
2019,A,ITF44,TOTFERR,TOTAL,TOTAL,1.09
2020,A,ITF44,TOTFERR,TOTAL,TOTAL,1.14
2021,A,ITF44,TOTFERR,TOTAL,TOTAL,1.14
2022,A,ITF44,TOTFERR,TOTAL,TOTAL,1.21
2023,A,ITF44,TOTFERR,TOTAL,TOTAL,1.16
2024,A,ITF44,TOTFERR,TOTAL,TOTAL,1.16
2002,A,ITF45,TOTFERR,FRG,TOTAL,2.38
2003,A,ITF45,TOTFERR,FRG,TOTAL,2.79
2004,A,ITF45,TOTFERR,FRG,TOTAL,2.47
2005,A,ITF45,TOTFERR,FRG,TOTAL,2.17
2006,A,ITF45,TOTFERR,FRG,TOTAL,2.65
2007,A,ITF45,TOTFERR,FRG,TOTAL,2.23
2008,A,ITF45,TOTFERR,FRG,TOTAL,2.09
2009,A,ITF45,TOTFERR,FRG,TOTAL,2.02
2010,A,ITF45,TOTFERR,FRG,TOTAL,2.0
2011,A,ITF45,TOTFERR,FRG,TOTAL,1.99
2012,A,ITF45,TOTFERR,FRG,TOTAL,1.73
2013,A,ITF45,TOTFERR,FRG,TOTAL,1.92
2014,A,ITF45,TOTFERR,FRG,TOTAL,1.79
2015,A,ITF45,TOTFERR,FRG,TOTAL,1.76
2016,A,ITF45,TOTFERR,FRG,TOTAL,1.84
2017,A,ITF45,TOTFERR,FRG,TOTAL,1.77
2018,A,ITF45,TOTFERR,FRG,TOTAL,1.72
2019,A,ITF45,TOTFERR,FRG,TOTAL,1.74
2020,A,ITF45,TOTFERR,FRG,TOTAL,2.03
2021,A,ITF45,TOTFERR,FRG,TOTAL,1.84
2022,A,ITF45,TOTFERR,FRG,TOTAL,1.91
2023,A,ITF45,TOTFERR,FRG,TOTAL,1.8
2024,A,ITF45,TOTFERR,FRG,TOTAL,1.84
2002,A,ITF45,TOTFERR,ITL,TOTAL,1.24
2003,A,ITF45,TOTFERR,ITL,TOTAL,1.24
2004,A,ITF45,TOTFERR,ITL,TOTAL,1.28
2005,A,ITF45,TOTFERR,ITL,TOTAL,1.21
2006,A,ITF45,TOTFERR,ITL,TOTAL,1.19
2007,A,ITF45,TOTFERR,ITL,TOTAL,1.22
2008,A,ITF45,TOTFERR,ITL,TOTAL,1.23
2009,A,ITF45,TOTFERR,ITL,TOTAL,1.19
2010,A,ITF45,TOTFERR,ITL,TOTAL,1.22
2011,A,ITF45,TOTFERR,ITL,TOTAL,1.17
2012,A,ITF45,TOTFERR,ITL,TOTAL,1.22
2013,A,ITF45,TOTFERR,ITL,TOTAL,1.19
2014,A,ITF45,TOTFERR,ITL,TOTAL,1.16
2015,A,ITF45,TOTFERR,ITL,TOTAL,1.14
2016,A,ITF45,TOTFERR,ITL,TOTAL,1.15
2017,A,ITF45,TOTFERR,ITL,TOTAL,1.14
2018,A,ITF45,TOTFERR,ITL,TOTAL,1.16
2019,A,ITF45,TOTFERR,ITL,TOTAL,1.12
2020,A,ITF45,TOTFERR,ITL,TOTAL,1.08
2021,A,ITF45,TOTFERR,ITL,TOTAL,1.12
2022,A,ITF45,TOTFERR,ITL,TOTAL,1.15
2023,A,ITF45,TOTFERR,ITL,TOTAL,1.11
2024,A,ITF45,TOTFERR,ITL,TOTAL,1.1
1999,A,ITF45,TOTFERR,TOTAL,TOTAL,1.21
2000,A,ITF45,TOTFERR,TOTAL,TOTAL,1.28
2001,A,ITF45,TOTFERR,TOTAL,TOTAL,1.27
2002,A,ITF45,TOTFERR,TOTAL,TOTAL,1.25
2003,A,ITF45,TOTFERR,TOTAL,TOTAL,1.25
2004,A,ITF45,TOTFERR,TOTAL,TOTAL,1.29
2005,A,ITF45,TOTFERR,TOTAL,TOTAL,1.22
2006,A,ITF45,TOTFERR,TOTAL,TOTAL,1.22
2007,A,ITF45,TOTFERR,TOTAL,TOTAL,1.24
2008,A,ITF45,TOTFERR,TOTAL,TOTAL,1.25
2009,A,ITF45,TOTFERR,TOTAL,TOTAL,1.21
2010,A,ITF45,TOTFERR,TOTAL,TOTAL,1.24
2011,A,ITF45,TOTFERR,TOTAL,TOTAL,1.2
2012,A,ITF45,TOTFERR,TOTAL,TOTAL,1.24
2013,A,ITF45,TOTFERR,TOTAL,TOTAL,1.21
2014,A,ITF45,TOTFERR,TOTAL,TOTAL,1.19
2015,A,ITF45,TOTFERR,TOTAL,TOTAL,1.16
2016,A,ITF45,TOTFERR,TOTAL,TOTAL,1.17
2017,A,ITF45,TOTFERR,TOTAL,TOTAL,1.16
2018,A,ITF45,TOTFERR,TOTAL,TOTAL,1.17
2019,A,ITF45,TOTFERR,TOTAL,TOTAL,1.14
2020,A,ITF45,TOTFERR,TOTAL,TOTAL,1.12
2021,A,ITF45,TOTFERR,TOTAL,TOTAL,1.15
2022,A,ITF45,TOTFERR,TOTAL,TOTAL,1.18
2023,A,ITF45,TOTFERR,TOTAL,TOTAL,1.13
2024,A,ITF45,TOTFERR,TOTAL,TOTAL,1.13
2002,A,ITF5,TOTFERR,FRG,TOTAL,3.11
2003,A,ITF5,TOTFERR,FRG,TOTAL,2.77
2004,A,ITF5,TOTFERR,FRG,TOTAL,2.85
2005,A,ITF5,TOTFERR,FRG,TOTAL,2.86
2006,A,ITF5,TOTFERR,FRG,TOTAL,2.84
2007,A,ITF5,TOTFERR,FRG,TOTAL,2.34
2008,A,ITF5,TOTFERR,FRG,TOTAL,2.1
2009,A,ITF5,TOTFERR,FRG,TOTAL,2.14
2010,A,ITF5,TOTFERR,FRG,TOTAL,2.05
2011,A,ITF5,TOTFERR,FRG,TOTAL,1.8
2012,A,ITF5,TOTFERR,FRG,TOTAL,1.92
2013,A,ITF5,TOTFERR,FRG,TOTAL,1.65
2014,A,ITF5,TOTFERR,FRG,TOTAL,1.79
2015,A,ITF5,TOTFERR,FRG,TOTAL,1.97
2016,A,ITF5,TOTFERR,FRG,TOTAL,1.81
2017,A,ITF5,TOTFERR,FRG,TOTAL,1.99
2018,A,ITF5,TOTFERR,FRG,TOTAL,1.93
2019,A,ITF5,TOTFERR,FRG,TOTAL,1.83
2020,A,ITF5,TOTFERR,FRG,TOTAL,1.9
2021,A,ITF5,TOTFERR,FRG,TOTAL,1.88
2022,A,ITF5,TOTFERR,FRG,TOTAL,1.95
2023,A,ITF5,TOTFERR,FRG,TOTAL,1.72
2024,A,ITF5,TOTFERR,FRG,TOTAL,1.84
2002,A,ITF5,TOTFERR,ITL,TOTAL,1.23
2003,A,ITF5,TOTFERR,ITL,TOTAL,1.19
2004,A,ITF5,TOTFERR,ITL,TOTAL,1.22
2005,A,ITF5,TOTFERR,ITL,TOTAL,1.14
2006,A,ITF5,TOTFERR,ITL,TOTAL,1.18
2007,A,ITF5,TOTFERR,ITL,TOTAL,1.18
2008,A,ITF5,TOTFERR,ITL,TOTAL,1.21
2009,A,ITF5,TOTFERR,ITL,TOTAL,1.17
2010,A,ITF5,TOTFERR,ITL,TOTAL,1.17
2011,A,ITF5,TOTFERR,ITL,TOTAL,1.17
2012,A,ITF5,TOTFERR,ITL,TOTAL,1.18
2013,A,ITF5,TOTFERR,ITL,TOTAL,1.1
2014,A,ITF5,TOTFERR,ITL,TOTAL,1.13
2015,A,ITF5,TOTFERR,ITL,TOTAL,1.15
2016,A,ITF5,TOTFERR,ITL,TOTAL,1.15
2017,A,ITF5,TOTFERR,ITL,TOTAL,1.16
2018,A,ITF5,TOTFERR,ITL,TOTAL,1.1
2019,A,ITF5,TOTFERR,ITL,TOTAL,1.12
2020,A,ITF5,TOTFERR,ITL,TOTAL,1.1
2021,A,ITF5,TOTFERR,ITL,TOTAL,1.07
2022,A,ITF5,TOTFERR,ITL,TOTAL,1.05
2023,A,ITF5,TOTFERR,ITL,TOTAL,1.06
2024,A,ITF5,TOTFERR,ITL,TOTAL,1.05
1999,A,ITF5,TOTFERR,TOTAL,TOTAL,1.23
2000,A,ITF5,TOTFERR,TOTAL,TOTAL,1.25
2001,A,ITF5,TOTFERR,TOTAL,TOTAL,1.21
2002,A,ITF5,TOTFERR,TOTAL,TOTAL,1.24
2003,A,ITF5,TOTFERR,TOTAL,TOTAL,1.21
2004,A,ITF5,TOTFERR,TOTAL,TOTAL,1.23
2005,A,ITF5,TOTFERR,TOTAL,TOTAL,1.16
2006,A,ITF5,TOTFERR,TOTAL,TOTAL,1.2
2007,A,ITF5,TOTFERR,TOTAL,TOTAL,1.2
2008,A,ITF5,TOTFERR,TOTAL,TOTAL,1.23
2009,A,ITF5,TOTFERR,TOTAL,TOTAL,1.2
2010,A,ITF5,TOTFERR,TOTAL,TOTAL,1.2
2011,A,ITF5,TOTFERR,TOTAL,TOTAL,1.19
2012,A,ITF5,TOTFERR,TOTAL,TOTAL,1.22
2013,A,ITF5,TOTFERR,TOTAL,TOTAL,1.13
2014,A,ITF5,TOTFERR,TOTAL,TOTAL,1.16
2015,A,ITF5,TOTFERR,TOTAL,TOTAL,1.18
2016,A,ITF5,TOTFERR,TOTAL,TOTAL,1.18
2017,A,ITF5,TOTFERR,TOTAL,TOTAL,1.2
2018,A,ITF5,TOTFERR,TOTAL,TOTAL,1.14
2019,A,ITF5,TOTFERR,TOTAL,TOTAL,1.15
2020,A,ITF5,TOTFERR,TOTAL,TOTAL,1.14
2021,A,ITF5,TOTFERR,TOTAL,TOTAL,1.11
2022,A,ITF5,TOTFERR,TOTAL,TOTAL,1.1
2023,A,ITF5,TOTFERR,TOTAL,TOTAL,1.09
2024,A,ITF5,TOTFERR,TOTAL,TOTAL,1.09
2002,A,ITF51,TOTFERR,FRG,TOTAL,2.85
2003,A,ITF51,TOTFERR,FRG,TOTAL,2.25
2004,A,ITF51,TOTFERR,FRG,TOTAL,2.89
2005,A,ITF51,TOTFERR,FRG,TOTAL,2.91
2006,A,ITF51,TOTFERR,FRG,TOTAL,2.75
2007,A,ITF51,TOTFERR,FRG,TOTAL,2.31
2008,A,ITF51,TOTFERR,FRG,TOTAL,2.0
2009,A,ITF51,TOTFERR,FRG,TOTAL,2.16
2010,A,ITF51,TOTFERR,FRG,TOTAL,2.14
2011,A,ITF51,TOTFERR,FRG,TOTAL,1.77
2012,A,ITF51,TOTFERR,FRG,TOTAL,1.97
2013,A,ITF51,TOTFERR,FRG,TOTAL,1.71
2014,A,ITF51,TOTFERR,FRG,TOTAL,1.74
2015,A,ITF51,TOTFERR,FRG,TOTAL,1.86
2016,A,ITF51,TOTFERR,FRG,TOTAL,1.61
2017,A,ITF51,TOTFERR,FRG,TOTAL,1.88
2018,A,ITF51,TOTFERR,FRG,TOTAL,1.83
2019,A,ITF51,TOTFERR,FRG,TOTAL,1.81
2020,A,ITF51,TOTFERR,FRG,TOTAL,1.92
2021,A,ITF51,TOTFERR,FRG,TOTAL,1.79
2022,A,ITF51,TOTFERR,FRG,TOTAL,1.83
2023,A,ITF51,TOTFERR,FRG,TOTAL,1.61
2024,A,ITF51,TOTFERR,FRG,TOTAL,1.81
2002,A,ITF51,TOTFERR,ITL,TOTAL,1.2
2003,A,ITF51,TOTFERR,ITL,TOTAL,1.14
2004,A,ITF51,TOTFERR,ITL,TOTAL,1.18
2005,A,ITF51,TOTFERR,ITL,TOTAL,1.12
2006,A,ITF51,TOTFERR,ITL,TOTAL,1.16
2007,A,ITF51,TOTFERR,ITL,TOTAL,1.16
2008,A,ITF51,TOTFERR,ITL,TOTAL,1.18
2009,A,ITF51,TOTFERR,ITL,TOTAL,1.18
2010,A,ITF51,TOTFERR,ITL,TOTAL,1.15
2011,A,ITF51,TOTFERR,ITL,TOTAL,1.15
2012,A,ITF51,TOTFERR,ITL,TOTAL,1.19
2013,A,ITF51,TOTFERR,ITL,TOTAL,1.08
2014,A,ITF51,TOTFERR,ITL,TOTAL,1.11
2015,A,ITF51,TOTFERR,ITL,TOTAL,1.16
2016,A,ITF51,TOTFERR,ITL,TOTAL,1.13
2017,A,ITF51,TOTFERR,ITL,TOTAL,1.18
2018,A,ITF51,TOTFERR,ITL,TOTAL,1.08
2019,A,ITF51,TOTFERR,ITL,TOTAL,1.11
2020,A,ITF51,TOTFERR,ITL,TOTAL,1.1
2021,A,ITF51,TOTFERR,ITL,TOTAL,1.04
2022,A,ITF51,TOTFERR,ITL,TOTAL,1.07
2023,A,ITF51,TOTFERR,ITL,TOTAL,1.06
2024,A,ITF51,TOTFERR,ITL,TOTAL,1.03
1999,A,ITF51,TOTFERR,TOTAL,TOTAL,1.22
2000,A,ITF51,TOTFERR,TOTAL,TOTAL,1.21
2001,A,ITF51,TOTFERR,TOTAL,TOTAL,1.2
2002,A,ITF51,TOTFERR,TOTAL,TOTAL,1.21
2003,A,ITF51,TOTFERR,TOTAL,TOTAL,1.16
2004,A,ITF51,TOTFERR,TOTAL,TOTAL,1.19
2005,A,ITF51,TOTFERR,TOTAL,TOTAL,1.14
2006,A,ITF51,TOTFERR,TOTAL,TOTAL,1.18
2007,A,ITF51,TOTFERR,TOTAL,TOTAL,1.18
2008,A,ITF51,TOTFERR,TOTAL,TOTAL,1.2
2009,A,ITF51,TOTFERR,TOTAL,TOTAL,1.2
2010,A,ITF51,TOTFERR,TOTAL,TOTAL,1.18
2011,A,ITF51,TOTFERR,TOTAL,TOTAL,1.17
2012,A,ITF51,TOTFERR,TOTAL,TOTAL,1.22
2013,A,ITF51,TOTFERR,TOTAL,TOTAL,1.1
2014,A,ITF51,TOTFERR,TOTAL,TOTAL,1.13
2015,A,ITF51,TOTFERR,TOTAL,TOTAL,1.18
2016,A,ITF51,TOTFERR,TOTAL,TOTAL,1.14
2017,A,ITF51,TOTFERR,TOTAL,TOTAL,1.2
2018,A,ITF51,TOTFERR,TOTAL,TOTAL,1.11
2019,A,ITF51,TOTFERR,TOTAL,TOTAL,1.14
2020,A,ITF51,TOTFERR,TOTAL,TOTAL,1.13
2021,A,ITF51,TOTFERR,TOTAL,TOTAL,1.07
2022,A,ITF51,TOTFERR,TOTAL,TOTAL,1.1
2023,A,ITF51,TOTFERR,TOTAL,TOTAL,1.08
2024,A,ITF51,TOTFERR,TOTAL,TOTAL,1.07
2002,A,ITF52,TOTFERR,FRG,TOTAL,3.45
2003,A,ITF52,TOTFERR,FRG,TOTAL,3.68
2004,A,ITF52,TOTFERR,FRG,TOTAL,3.31
2005,A,ITF52,TOTFERR,FRG,TOTAL,3.13
2006,A,ITF52,TOTFERR,FRG,TOTAL,3.17
2007,A,ITF52,TOTFERR,FRG,TOTAL,2.58
2008,A,ITF52,TOTFERR,FRG,TOTAL,2.31
2009,A,ITF52,TOTFERR,FRG,TOTAL,2.12
2010,A,ITF52,TOTFERR,FRG,TOTAL,1.93
2011,A,ITF52,TOTFERR,FRG,TOTAL,1.9
2012,A,ITF52,TOTFERR,FRG,TOTAL,1.87
2013,A,ITF52,TOTFERR,FRG,TOTAL,1.59
2014,A,ITF52,TOTFERR,FRG,TOTAL,1.84
2015,A,ITF52,TOTFERR,FRG,TOTAL,2.1
2016,A,ITF52,TOTFERR,FRG,TOTAL,1.99
2017,A,ITF52,TOTFERR,FRG,TOTAL,2.15
2018,A,ITF52,TOTFERR,FRG,TOTAL,2.05
2019,A,ITF52,TOTFERR,FRG,TOTAL,1.86
2020,A,ITF52,TOTFERR,FRG,TOTAL,1.86
2021,A,ITF52,TOTFERR,FRG,TOTAL,1.95
2022,A,ITF52,TOTFERR,FRG,TOTAL,2.06
2023,A,ITF52,TOTFERR,FRG,TOTAL,1.82
2024,A,ITF52,TOTFERR,FRG,TOTAL,1.88
2002,A,ITF52,TOTFERR,ITL,TOTAL,1.27
2003,A,ITF52,TOTFERR,ITL,TOTAL,1.29
2004,A,ITF52,TOTFERR,ITL,TOTAL,1.29
2005,A,ITF52,TOTFERR,ITL,TOTAL,1.19
2006,A,ITF52,TOTFERR,ITL,TOTAL,1.21
2007,A,ITF52,TOTFERR,ITL,TOTAL,1.22
2008,A,ITF52,TOTFERR,ITL,TOTAL,1.25
2009,A,ITF52,TOTFERR,ITL,TOTAL,1.17
2010,A,ITF52,TOTFERR,ITL,TOTAL,1.21
2011,A,ITF52,TOTFERR,ITL,TOTAL,1.21
2012,A,ITF52,TOTFERR,ITL,TOTAL,1.17
2013,A,ITF52,TOTFERR,ITL,TOTAL,1.15
2014,A,ITF52,TOTFERR,ITL,TOTAL,1.16
2015,A,ITF52,TOTFERR,ITL,TOTAL,1.12
2016,A,ITF52,TOTFERR,ITL,TOTAL,1.19
2017,A,ITF52,TOTFERR,ITL,TOTAL,1.13
2018,A,ITF52,TOTFERR,ITL,TOTAL,1.14
2019,A,ITF52,TOTFERR,ITL,TOTAL,1.13
2020,A,ITF52,TOTFERR,ITL,TOTAL,1.1
2021,A,ITF52,TOTFERR,ITL,TOTAL,1.13
2022,A,ITF52,TOTFERR,ITL,TOTAL,1.02
2023,A,ITF52,TOTFERR,ITL,TOTAL,1.05
2024,A,ITF52,TOTFERR,ITL,TOTAL,1.08
1999,A,ITF52,TOTFERR,TOTAL,TOTAL,1.24
2000,A,ITF52,TOTFERR,TOTAL,TOTAL,1.31
2001,A,ITF52,TOTFERR,TOTAL,TOTAL,1.25
2002,A,ITF52,TOTFERR,TOTAL,TOTAL,1.29
2003,A,ITF52,TOTFERR,TOTAL,TOTAL,1.31
2004,A,ITF52,TOTFERR,TOTAL,TOTAL,1.31
2005,A,ITF52,TOTFERR,TOTAL,TOTAL,1.21
2006,A,ITF52,TOTFERR,TOTAL,TOTAL,1.24
2007,A,ITF52,TOTFERR,TOTAL,TOTAL,1.24
2008,A,ITF52,TOTFERR,TOTAL,TOTAL,1.28
2009,A,ITF52,TOTFERR,TOTAL,TOTAL,1.2
2010,A,ITF52,TOTFERR,TOTAL,TOTAL,1.24
2011,A,ITF52,TOTFERR,TOTAL,TOTAL,1.24
2012,A,ITF52,TOTFERR,TOTAL,TOTAL,1.21
2013,A,ITF52,TOTFERR,TOTAL,TOTAL,1.18
2014,A,ITF52,TOTFERR,TOTAL,TOTAL,1.2
2015,A,ITF52,TOTFERR,TOTAL,TOTAL,1.18
2016,A,ITF52,TOTFERR,TOTAL,TOTAL,1.24
2017,A,ITF52,TOTFERR,TOTAL,TOTAL,1.2
2018,A,ITF52,TOTFERR,TOTAL,TOTAL,1.2
2019,A,ITF52,TOTFERR,TOTAL,TOTAL,1.17
2020,A,ITF52,TOTFERR,TOTAL,TOTAL,1.14
2021,A,ITF52,TOTFERR,TOTAL,TOTAL,1.18
2022,A,ITF52,TOTFERR,TOTAL,TOTAL,1.09
2023,A,ITF52,TOTFERR,TOTAL,TOTAL,1.1
2024,A,ITF52,TOTFERR,TOTAL,TOTAL,1.14
2002,A,ITF6,TOTFERR,FRG,TOTAL,2.37
2003,A,ITF6,TOTFERR,FRG,TOTAL,2.54
2004,A,ITF6,TOTFERR,FRG,TOTAL,2.27
2005,A,ITF6,TOTFERR,FRG,TOTAL,2.48
2006,A,ITF6,TOTFERR,FRG,TOTAL,2.87
2007,A,ITF6,TOTFERR,FRG,TOTAL,2.54
2008,A,ITF6,TOTFERR,FRG,TOTAL,2.16
2009,A,ITF6,TOTFERR,FRG,TOTAL,2.0
2010,A,ITF6,TOTFERR,FRG,TOTAL,1.87
2011,A,ITF6,TOTFERR,FRG,TOTAL,1.9
2012,A,ITF6,TOTFERR,FRG,TOTAL,1.95
2013,A,ITF6,TOTFERR,FRG,TOTAL,2.05
2014,A,ITF6,TOTFERR,FRG,TOTAL,1.9
2015,A,ITF6,TOTFERR,FRG,TOTAL,1.82
2016,A,ITF6,TOTFERR,FRG,TOTAL,1.81
2017,A,ITF6,TOTFERR,FRG,TOTAL,1.88
2018,A,ITF6,TOTFERR,FRG,TOTAL,1.81
2019,A,ITF6,TOTFERR,FRG,TOTAL,1.65
2020,A,ITF6,TOTFERR,FRG,TOTAL,1.7
2021,A,ITF6,TOTFERR,FRG,TOTAL,1.78
2022,A,ITF6,TOTFERR,FRG,TOTAL,1.63
2023,A,ITF6,TOTFERR,FRG,TOTAL,1.6
2024,A,ITF6,TOTFERR,FRG,TOTAL,1.45
2002,A,ITF6,TOTFERR,ITL,TOTAL,1.22
2003,A,ITF6,TOTFERR,ITL,TOTAL,1.25
2004,A,ITF6,TOTFERR,ITL,TOTAL,1.26
2005,A,ITF6,TOTFERR,ITL,TOTAL,1.24
2006,A,ITF6,TOTFERR,ITL,TOTAL,1.27
2007,A,ITF6,TOTFERR,ITL,TOTAL,1.26
2008,A,ITF6,TOTFERR,ITL,TOTAL,1.26
2009,A,ITF6,TOTFERR,ITL,TOTAL,1.28
2010,A,ITF6,TOTFERR,ITL,TOTAL,1.29
2011,A,ITF6,TOTFERR,ITL,TOTAL,1.26
2012,A,ITF6,TOTFERR,ITL,TOTAL,1.27
2013,A,ITF6,TOTFERR,ITL,TOTAL,1.25
2014,A,ITF6,TOTFERR,ITL,TOTAL,1.27
2015,A,ITF6,TOTFERR,ITL,TOTAL,1.29
2016,A,ITF6,TOTFERR,ITL,TOTAL,1.28
2017,A,ITF6,TOTFERR,ITL,TOTAL,1.27
2018,A,ITF6,TOTFERR,ITL,TOTAL,1.26
2019,A,ITF6,TOTFERR,ITL,TOTAL,1.24
2020,A,ITF6,TOTFERR,ITL,TOTAL,1.23
2021,A,ITF6,TOTFERR,ITL,TOTAL,1.2
2022,A,ITF6,TOTFERR,ITL,TOTAL,1.27
2023,A,ITF6,TOTFERR,ITL,TOTAL,1.27
2024,A,ITF6,TOTFERR,ITL,TOTAL,1.24
1999,A,ITF6,TOTFERR,TOTAL,TOTAL,1.25
2000,A,ITF6,TOTFERR,TOTAL,TOTAL,1.26
2001,A,ITF6,TOTFERR,TOTAL,TOTAL,1.24
2002,A,ITF6,TOTFERR,TOTAL,TOTAL,1.23
2003,A,ITF6,TOTFERR,TOTAL,TOTAL,1.27
2004,A,ITF6,TOTFERR,TOTAL,TOTAL,1.27
2005,A,ITF6,TOTFERR,TOTAL,TOTAL,1.26
2006,A,ITF6,TOTFERR,TOTAL,TOTAL,1.29
2007,A,ITF6,TOTFERR,TOTAL,TOTAL,1.29
2008,A,ITF6,TOTFERR,TOTAL,TOTAL,1.29
2009,A,ITF6,TOTFERR,TOTAL,TOTAL,1.31
2010,A,ITF6,TOTFERR,TOTAL,TOTAL,1.32
2011,A,ITF6,TOTFERR,TOTAL,TOTAL,1.29
2012,A,ITF6,TOTFERR,TOTAL,TOTAL,1.3
2013,A,ITF6,TOTFERR,TOTAL,TOTAL,1.29
2014,A,ITF6,TOTFERR,TOTAL,TOTAL,1.3
2015,A,ITF6,TOTFERR,TOTAL,TOTAL,1.31
2016,A,ITF6,TOTFERR,TOTAL,TOTAL,1.31
2017,A,ITF6,TOTFERR,TOTAL,TOTAL,1.3
2018,A,ITF6,TOTFERR,TOTAL,TOTAL,1.29
2019,A,ITF6,TOTFERR,TOTAL,TOTAL,1.26
2020,A,ITF6,TOTFERR,TOTAL,TOTAL,1.26
2021,A,ITF6,TOTFERR,TOTAL,TOTAL,1.23
2022,A,ITF6,TOTFERR,TOTAL,TOTAL,1.28
2023,A,ITF6,TOTFERR,TOTAL,TOTAL,1.28
2024,A,ITF6,TOTFERR,TOTAL,TOTAL,1.25
2002,A,ITF61,TOTFERR,FRG,TOTAL,2.53
2003,A,ITF61,TOTFERR,FRG,TOTAL,2.62
2004,A,ITF61,TOTFERR,FRG,TOTAL,2.55
2005,A,ITF61,TOTFERR,FRG,TOTAL,2.44
2006,A,ITF61,TOTFERR,FRG,TOTAL,3.42
2007,A,ITF61,TOTFERR,FRG,TOTAL,2.38
2008,A,ITF61,TOTFERR,FRG,TOTAL,2.09
2009,A,ITF61,TOTFERR,FRG,TOTAL,1.79
2010,A,ITF61,TOTFERR,FRG,TOTAL,1.82
2011,A,ITF61,TOTFERR,FRG,TOTAL,1.95
2012,A,ITF61,TOTFERR,FRG,TOTAL,1.75
2013,A,ITF61,TOTFERR,FRG,TOTAL,2.05
2014,A,ITF61,TOTFERR,FRG,TOTAL,1.71
2015,A,ITF61,TOTFERR,FRG,TOTAL,1.79
2016,A,ITF61,TOTFERR,FRG,TOTAL,1.67
2017,A,ITF61,TOTFERR,FRG,TOTAL,1.65
2018,A,ITF61,TOTFERR,FRG,TOTAL,1.8
2019,A,ITF61,TOTFERR,FRG,TOTAL,1.54
2020,A,ITF61,TOTFERR,FRG,TOTAL,1.64
2021,A,ITF61,TOTFERR,FRG,TOTAL,1.75
2022,A,ITF61,TOTFERR,FRG,TOTAL,1.53
2023,A,ITF61,TOTFERR,FRG,TOTAL,1.42
2024,A,ITF61,TOTFERR,FRG,TOTAL,1.34
2002,A,ITF61,TOTFERR,ITL,TOTAL,1.15
2003,A,ITF61,TOTFERR,ITL,TOTAL,1.17
2004,A,ITF61,TOTFERR,ITL,TOTAL,1.16
2005,A,ITF61,TOTFERR,ITL,TOTAL,1.15
2006,A,ITF61,TOTFERR,ITL,TOTAL,1.19
2007,A,ITF61,TOTFERR,ITL,TOTAL,1.17
2008,A,ITF61,TOTFERR,ITL,TOTAL,1.17
2009,A,ITF61,TOTFERR,ITL,TOTAL,1.23
2010,A,ITF61,TOTFERR,ITL,TOTAL,1.17
2011,A,ITF61,TOTFERR,ITL,TOTAL,1.2
2012,A,ITF61,TOTFERR,ITL,TOTAL,1.18
2013,A,ITF61,TOTFERR,ITL,TOTAL,1.19
2014,A,ITF61,TOTFERR,ITL,TOTAL,1.2
2015,A,ITF61,TOTFERR,ITL,TOTAL,1.24
2016,A,ITF61,TOTFERR,ITL,TOTAL,1.25
2017,A,ITF61,TOTFERR,ITL,TOTAL,1.23
2018,A,ITF61,TOTFERR,ITL,TOTAL,1.2
2019,A,ITF61,TOTFERR,ITL,TOTAL,1.2
2020,A,ITF61,TOTFERR,ITL,TOTAL,1.18
2021,A,ITF61,TOTFERR,ITL,TOTAL,1.16
2022,A,ITF61,TOTFERR,ITL,TOTAL,1.22
2023,A,ITF61,TOTFERR,ITL,TOTAL,1.22
2024,A,ITF61,TOTFERR,ITL,TOTAL,1.15
1999,A,ITF61,TOTFERR,TOTAL,TOTAL,1.15
2000,A,ITF61,TOTFERR,TOTAL,TOTAL,1.15
2001,A,ITF61,TOTFERR,TOTAL,TOTAL,1.14
2002,A,ITF61,TOTFERR,TOTAL,TOTAL,1.16
2003,A,ITF61,TOTFERR,TOTAL,TOTAL,1.18
2004,A,ITF61,TOTFERR,TOTAL,TOTAL,1.18
2005,A,ITF61,TOTFERR,TOTAL,TOTAL,1.17
2006,A,ITF61,TOTFERR,TOTAL,TOTAL,1.22
2007,A,ITF61,TOTFERR,TOTAL,TOTAL,1.2
2008,A,ITF61,TOTFERR,TOTAL,TOTAL,1.2
2009,A,ITF61,TOTFERR,TOTAL,TOTAL,1.26
2010,A,ITF61,TOTFERR,TOTAL,TOTAL,1.19
2011,A,ITF61,TOTFERR,TOTAL,TOTAL,1.23
2012,A,ITF61,TOTFERR,TOTAL,TOTAL,1.2
2013,A,ITF61,TOTFERR,TOTAL,TOTAL,1.24
2014,A,ITF61,TOTFERR,TOTAL,TOTAL,1.23
2015,A,ITF61,TOTFERR,TOTAL,TOTAL,1.27
2016,A,ITF61,TOTFERR,TOTAL,TOTAL,1.27
2017,A,ITF61,TOTFERR,TOTAL,TOTAL,1.25
2018,A,ITF61,TOTFERR,TOTAL,TOTAL,1.23
2019,A,ITF61,TOTFERR,TOTAL,TOTAL,1.21
2020,A,ITF61,TOTFERR,TOTAL,TOTAL,1.2
2021,A,ITF61,TOTFERR,TOTAL,TOTAL,1.19
2022,A,ITF61,TOTFERR,TOTAL,TOTAL,1.23
2023,A,ITF61,TOTFERR,TOTAL,TOTAL,1.22
2024,A,ITF61,TOTFERR,TOTAL,TOTAL,1.15
2002,A,ITF62,TOTFERR,FRG,TOTAL,2.39
2003,A,ITF62,TOTFERR,FRG,TOTAL,3.36
2004,A,ITF62,TOTFERR,FRG,TOTAL,2.67
2005,A,ITF62,TOTFERR,FRG,TOTAL,3.37
2006,A,ITF62,TOTFERR,FRG,TOTAL,2.71
2007,A,ITF62,TOTFERR,FRG,TOTAL,2.94
2008,A,ITF62,TOTFERR,FRG,TOTAL,2.18
2009,A,ITF62,TOTFERR,FRG,TOTAL,2.24
2010,A,ITF62,TOTFERR,FRG,TOTAL,1.99
2011,A,ITF62,TOTFERR,FRG,TOTAL,1.92
2012,A,ITF62,TOTFERR,FRG,TOTAL,2.24
2013,A,ITF62,TOTFERR,FRG,TOTAL,1.92
2014,A,ITF62,TOTFERR,FRG,TOTAL,1.85
2015,A,ITF62,TOTFERR,FRG,TOTAL,1.92
2016,A,ITF62,TOTFERR,FRG,TOTAL,1.66
2017,A,ITF62,TOTFERR,FRG,TOTAL,1.95
2018,A,ITF62,TOTFERR,FRG,TOTAL,1.69
2019,A,ITF62,TOTFERR,FRG,TOTAL,1.73
2020,A,ITF62,TOTFERR,FRG,TOTAL,1.86
2021,A,ITF62,TOTFERR,FRG,TOTAL,1.91
2022,A,ITF62,TOTFERR,FRG,TOTAL,2.1
2023,A,ITF62,TOTFERR,FRG,TOTAL,1.87
2024,A,ITF62,TOTFERR,FRG,TOTAL,1.77
2002,A,ITF62,TOTFERR,ITL,TOTAL,1.3
2003,A,ITF62,TOTFERR,ITL,TOTAL,1.39
2004,A,ITF62,TOTFERR,ITL,TOTAL,1.46
2005,A,ITF62,TOTFERR,ITL,TOTAL,1.38
2006,A,ITF62,TOTFERR,ITL,TOTAL,1.4
2007,A,ITF62,TOTFERR,ITL,TOTAL,1.32
2008,A,ITF62,TOTFERR,ITL,TOTAL,1.41
2009,A,ITF62,TOTFERR,ITL,TOTAL,1.41
2010,A,ITF62,TOTFERR,ITL,TOTAL,1.5
2011,A,ITF62,TOTFERR,ITL,TOTAL,1.35
2012,A,ITF62,TOTFERR,ITL,TOTAL,1.41
2013,A,ITF62,TOTFERR,ITL,TOTAL,1.38
2014,A,ITF62,TOTFERR,ITL,TOTAL,1.35
2015,A,ITF62,TOTFERR,ITL,TOTAL,1.39
2016,A,ITF62,TOTFERR,ITL,TOTAL,1.41
2017,A,ITF62,TOTFERR,ITL,TOTAL,1.37
2018,A,ITF62,TOTFERR,ITL,TOTAL,1.41
2019,A,ITF62,TOTFERR,ITL,TOTAL,1.37
2020,A,ITF62,TOTFERR,ITL,TOTAL,1.35
2021,A,ITF62,TOTFERR,ITL,TOTAL,1.32
2022,A,ITF62,TOTFERR,ITL,TOTAL,1.42
2023,A,ITF62,TOTFERR,ITL,TOTAL,1.34
2024,A,ITF62,TOTFERR,ITL,TOTAL,1.34
1999,A,ITF62,TOTFERR,TOTAL,TOTAL,1.34
2000,A,ITF62,TOTFERR,TOTAL,TOTAL,1.4
2001,A,ITF62,TOTFERR,TOTAL,TOTAL,1.33
2002,A,ITF62,TOTFERR,TOTAL,TOTAL,1.31
2003,A,ITF62,TOTFERR,TOTAL,TOTAL,1.41
2004,A,ITF62,TOTFERR,TOTAL,TOTAL,1.46
2005,A,ITF62,TOTFERR,TOTAL,TOTAL,1.42
2006,A,ITF62,TOTFERR,TOTAL,TOTAL,1.42
2007,A,ITF62,TOTFERR,TOTAL,TOTAL,1.36
2008,A,ITF62,TOTFERR,TOTAL,TOTAL,1.44
2009,A,ITF62,TOTFERR,TOTAL,TOTAL,1.44
2010,A,ITF62,TOTFERR,TOTAL,TOTAL,1.51
2011,A,ITF62,TOTFERR,TOTAL,TOTAL,1.38
2012,A,ITF62,TOTFERR,TOTAL,TOTAL,1.44
2013,A,ITF62,TOTFERR,TOTAL,TOTAL,1.41
2014,A,ITF62,TOTFERR,TOTAL,TOTAL,1.37
2015,A,ITF62,TOTFERR,TOTAL,TOTAL,1.41
2016,A,ITF62,TOTFERR,TOTAL,TOTAL,1.41
2017,A,ITF62,TOTFERR,TOTAL,TOTAL,1.4
2018,A,ITF62,TOTFERR,TOTAL,TOTAL,1.41
2019,A,ITF62,TOTFERR,TOTAL,TOTAL,1.39
2020,A,ITF62,TOTFERR,TOTAL,TOTAL,1.37
2021,A,ITF62,TOTFERR,TOTAL,TOTAL,1.33
2022,A,ITF62,TOTFERR,TOTAL,TOTAL,1.44
2023,A,ITF62,TOTFERR,TOTAL,TOTAL,1.36
2024,A,ITF62,TOTFERR,TOTAL,TOTAL,1.36
2002,A,ITF63,TOTFERR,FRG,TOTAL,2.61
2003,A,ITF63,TOTFERR,FRG,TOTAL,2.77
2004,A,ITF63,TOTFERR,FRG,TOTAL,2.52
2005,A,ITF63,TOTFERR,FRG,TOTAL,2.16
2006,A,ITF63,TOTFERR,FRG,TOTAL,2.63
2007,A,ITF63,TOTFERR,FRG,TOTAL,2.58
2008,A,ITF63,TOTFERR,FRG,TOTAL,1.96
2009,A,ITF63,TOTFERR,FRG,TOTAL,1.93
2010,A,ITF63,TOTFERR,FRG,TOTAL,1.78
2011,A,ITF63,TOTFERR,FRG,TOTAL,1.99
2012,A,ITF63,TOTFERR,FRG,TOTAL,2.03
2013,A,ITF63,TOTFERR,FRG,TOTAL,2.07
2014,A,ITF63,TOTFERR,FRG,TOTAL,1.92
2015,A,ITF63,TOTFERR,FRG,TOTAL,1.88
2016,A,ITF63,TOTFERR,FRG,TOTAL,1.88
2017,A,ITF63,TOTFERR,FRG,TOTAL,2.02
2018,A,ITF63,TOTFERR,FRG,TOTAL,1.79
2019,A,ITF63,TOTFERR,FRG,TOTAL,1.69
2020,A,ITF63,TOTFERR,FRG,TOTAL,1.76
2021,A,ITF63,TOTFERR,FRG,TOTAL,1.6
2022,A,ITF63,TOTFERR,FRG,TOTAL,1.63
2023,A,ITF63,TOTFERR,FRG,TOTAL,1.68
2024,A,ITF63,TOTFERR,FRG,TOTAL,1.54
2002,A,ITF63,TOTFERR,ITL,TOTAL,1.19
2003,A,ITF63,TOTFERR,ITL,TOTAL,1.22
2004,A,ITF63,TOTFERR,ITL,TOTAL,1.22
2005,A,ITF63,TOTFERR,ITL,TOTAL,1.18
2006,A,ITF63,TOTFERR,ITL,TOTAL,1.22
2007,A,ITF63,TOTFERR,ITL,TOTAL,1.22
2008,A,ITF63,TOTFERR,ITL,TOTAL,1.23
2009,A,ITF63,TOTFERR,ITL,TOTAL,1.22
2010,A,ITF63,TOTFERR,ITL,TOTAL,1.26
2011,A,ITF63,TOTFERR,ITL,TOTAL,1.24
2012,A,ITF63,TOTFERR,ITL,TOTAL,1.29
2013,A,ITF63,TOTFERR,ITL,TOTAL,1.22
2014,A,ITF63,TOTFERR,ITL,TOTAL,1.28
2015,A,ITF63,TOTFERR,ITL,TOTAL,1.27
2016,A,ITF63,TOTFERR,ITL,TOTAL,1.33
2017,A,ITF63,TOTFERR,ITL,TOTAL,1.25
2018,A,ITF63,TOTFERR,ITL,TOTAL,1.21
2019,A,ITF63,TOTFERR,ITL,TOTAL,1.2
2020,A,ITF63,TOTFERR,ITL,TOTAL,1.2
2021,A,ITF63,TOTFERR,ITL,TOTAL,1.21
2022,A,ITF63,TOTFERR,ITL,TOTAL,1.21
2023,A,ITF63,TOTFERR,ITL,TOTAL,1.2
2024,A,ITF63,TOTFERR,ITL,TOTAL,1.17
1999,A,ITF63,TOTFERR,TOTAL,TOTAL,1.23
2000,A,ITF63,TOTFERR,TOTAL,TOTAL,1.26
2001,A,ITF63,TOTFERR,TOTAL,TOTAL,1.26
2002,A,ITF63,TOTFERR,TOTAL,TOTAL,1.21
2003,A,ITF63,TOTFERR,TOTAL,TOTAL,1.24
2004,A,ITF63,TOTFERR,TOTAL,TOTAL,1.24
2005,A,ITF63,TOTFERR,TOTAL,TOTAL,1.2
2006,A,ITF63,TOTFERR,TOTAL,TOTAL,1.25
2007,A,ITF63,TOTFERR,TOTAL,TOTAL,1.26
2008,A,ITF63,TOTFERR,TOTAL,TOTAL,1.25
2009,A,ITF63,TOTFERR,TOTAL,TOTAL,1.24
2010,A,ITF63,TOTFERR,TOTAL,TOTAL,1.27
2011,A,ITF63,TOTFERR,TOTAL,TOTAL,1.28
2012,A,ITF63,TOTFERR,TOTAL,TOTAL,1.32
2013,A,ITF63,TOTFERR,TOTAL,TOTAL,1.26
2014,A,ITF63,TOTFERR,TOTAL,TOTAL,1.31
2015,A,ITF63,TOTFERR,TOTAL,TOTAL,1.3
2016,A,ITF63,TOTFERR,TOTAL,TOTAL,1.35
2017,A,ITF63,TOTFERR,TOTAL,TOTAL,1.3
2018,A,ITF63,TOTFERR,TOTAL,TOTAL,1.24
2019,A,ITF63,TOTFERR,TOTAL,TOTAL,1.22
2020,A,ITF63,TOTFERR,TOTAL,TOTAL,1.23
2021,A,ITF63,TOTFERR,TOTAL,TOTAL,1.23
2022,A,ITF63,TOTFERR,TOTAL,TOTAL,1.23
2023,A,ITF63,TOTFERR,TOTAL,TOTAL,1.22
2024,A,ITF63,TOTFERR,TOTAL,TOTAL,1.19
2002,A,ITF64,TOTFERR,FRG,TOTAL,2.44
2003,A,ITF64,TOTFERR,FRG,TOTAL,2.44
2004,A,ITF64,TOTFERR,FRG,TOTAL,2.53
2005,A,ITF64,TOTFERR,FRG,TOTAL,2.16
2006,A,ITF64,TOTFERR,FRG,TOTAL,2.7
2007,A,ITF64,TOTFERR,FRG,TOTAL,2.39
2008,A,ITF64,TOTFERR,FRG,TOTAL,2.31
2009,A,ITF64,TOTFERR,FRG,TOTAL,2.26
2010,A,ITF64,TOTFERR,FRG,TOTAL,1.83
2011,A,ITF64,TOTFERR,FRG,TOTAL,1.74
2012,A,ITF64,TOTFERR,FRG,TOTAL,1.79
2013,A,ITF64,TOTFERR,FRG,TOTAL,1.88
2014,A,ITF64,TOTFERR,FRG,TOTAL,2.39
2015,A,ITF64,TOTFERR,FRG,TOTAL,1.5
2016,A,ITF64,TOTFERR,FRG,TOTAL,2.1
2017,A,ITF64,TOTFERR,FRG,TOTAL,2.34
2018,A,ITF64,TOTFERR,FRG,TOTAL,1.74
2019,A,ITF64,TOTFERR,FRG,TOTAL,1.33
2020,A,ITF64,TOTFERR,FRG,TOTAL,1.63
2021,A,ITF64,TOTFERR,FRG,TOTAL,1.89
2022,A,ITF64,TOTFERR,FRG,TOTAL,1.59
2023,A,ITF64,TOTFERR,FRG,TOTAL,1.68
2024,A,ITF64,TOTFERR,FRG,TOTAL,1.32
2002,A,ITF64,TOTFERR,ITL,TOTAL,1.29
2003,A,ITF64,TOTFERR,ITL,TOTAL,1.34
2004,A,ITF64,TOTFERR,ITL,TOTAL,1.31
2005,A,ITF64,TOTFERR,ITL,TOTAL,1.37
2006,A,ITF64,TOTFERR,ITL,TOTAL,1.33
2007,A,ITF64,TOTFERR,ITL,TOTAL,1.35
2008,A,ITF64,TOTFERR,ITL,TOTAL,1.35
2009,A,ITF64,TOTFERR,ITL,TOTAL,1.3
2010,A,ITF64,TOTFERR,ITL,TOTAL,1.38
2011,A,ITF64,TOTFERR,ITL,TOTAL,1.26
2012,A,ITF64,TOTFERR,ITL,TOTAL,1.35
2013,A,ITF64,TOTFERR,ITL,TOTAL,1.21
2014,A,ITF64,TOTFERR,ITL,TOTAL,1.27
2015,A,ITF64,TOTFERR,ITL,TOTAL,1.27
2016,A,ITF64,TOTFERR,ITL,TOTAL,1.22
2017,A,ITF64,TOTFERR,ITL,TOTAL,1.22
2018,A,ITF64,TOTFERR,ITL,TOTAL,1.27
2019,A,ITF64,TOTFERR,ITL,TOTAL,1.25
2020,A,ITF64,TOTFERR,ITL,TOTAL,1.28
2021,A,ITF64,TOTFERR,ITL,TOTAL,1.2
2022,A,ITF64,TOTFERR,ITL,TOTAL,1.28
2023,A,ITF64,TOTFERR,ITL,TOTAL,1.29
2024,A,ITF64,TOTFERR,ITL,TOTAL,1.32
1999,A,ITF64,TOTFERR,TOTAL,TOTAL,1.34
2000,A,ITF64,TOTFERR,TOTAL,TOTAL,1.35
2001,A,ITF64,TOTFERR,TOTAL,TOTAL,1.38
2002,A,ITF64,TOTFERR,TOTAL,TOTAL,1.31
2003,A,ITF64,TOTFERR,TOTAL,TOTAL,1.35
2004,A,ITF64,TOTFERR,TOTAL,TOTAL,1.33
2005,A,ITF64,TOTFERR,TOTAL,TOTAL,1.38
2006,A,ITF64,TOTFERR,TOTAL,TOTAL,1.35
2007,A,ITF64,TOTFERR,TOTAL,TOTAL,1.37
2008,A,ITF64,TOTFERR,TOTAL,TOTAL,1.38
2009,A,ITF64,TOTFERR,TOTAL,TOTAL,1.32
2010,A,ITF64,TOTFERR,TOTAL,TOTAL,1.39
2011,A,ITF64,TOTFERR,TOTAL,TOTAL,1.28
2012,A,ITF64,TOTFERR,TOTAL,TOTAL,1.36
2013,A,ITF64,TOTFERR,TOTAL,TOTAL,1.24
2014,A,ITF64,TOTFERR,TOTAL,TOTAL,1.32
2015,A,ITF64,TOTFERR,TOTAL,TOTAL,1.27
2016,A,ITF64,TOTFERR,TOTAL,TOTAL,1.27
2017,A,ITF64,TOTFERR,TOTAL,TOTAL,1.27
2018,A,ITF64,TOTFERR,TOTAL,TOTAL,1.29
2019,A,ITF64,TOTFERR,TOTAL,TOTAL,1.25
2020,A,ITF64,TOTFERR,TOTAL,TOTAL,1.3
2021,A,ITF64,TOTFERR,TOTAL,TOTAL,1.24
2022,A,ITF64,TOTFERR,TOTAL,TOTAL,1.29
2023,A,ITF64,TOTFERR,TOTAL,TOTAL,1.3
2024,A,ITF64,TOTFERR,TOTAL,TOTAL,1.32
2002,A,ITF65,TOTFERR,FRG,TOTAL,2.1
2003,A,ITF65,TOTFERR,FRG,TOTAL,2.15
2004,A,ITF65,TOTFERR,FRG,TOTAL,1.86
2005,A,ITF65,TOTFERR,FRG,TOTAL,2.59
2006,A,ITF65,TOTFERR,FRG,TOTAL,2.77
2007,A,ITF65,TOTFERR,FRG,TOTAL,2.65
2008,A,ITF65,TOTFERR,FRG,TOTAL,2.29
2009,A,ITF65,TOTFERR,FRG,TOTAL,2.15
2010,A,ITF65,TOTFERR,FRG,TOTAL,1.99
2011,A,ITF65,TOTFERR,FRG,TOTAL,1.86
2012,A,ITF65,TOTFERR,FRG,TOTAL,2.13
2013,A,ITF65,TOTFERR,FRG,TOTAL,2.12
2014,A,ITF65,TOTFERR,FRG,TOTAL,2.03
2015,A,ITF65,TOTFERR,FRG,TOTAL,1.88
2016,A,ITF65,TOTFERR,FRG,TOTAL,1.93
2017,A,ITF65,TOTFERR,FRG,TOTAL,1.94
2018,A,ITF65,TOTFERR,FRG,TOTAL,1.89
2019,A,ITF65,TOTFERR,FRG,TOTAL,1.83
2020,A,ITF65,TOTFERR,FRG,TOTAL,1.71
2021,A,ITF65,TOTFERR,FRG,TOTAL,1.88
2022,A,ITF65,TOTFERR,FRG,TOTAL,1.63
2023,A,ITF65,TOTFERR,FRG,TOTAL,1.68
2024,A,ITF65,TOTFERR,FRG,TOTAL,1.5
2002,A,ITF65,TOTFERR,ITL,TOTAL,1.28
2003,A,ITF65,TOTFERR,ITL,TOTAL,1.31
2004,A,ITF65,TOTFERR,ITL,TOTAL,1.33
2005,A,ITF65,TOTFERR,ITL,TOTAL,1.32
2006,A,ITF65,TOTFERR,ITL,TOTAL,1.34
2007,A,ITF65,TOTFERR,ITL,TOTAL,1.36
2008,A,ITF65,TOTFERR,ITL,TOTAL,1.33
2009,A,ITF65,TOTFERR,ITL,TOTAL,1.35
2010,A,ITF65,TOTFERR,ITL,TOTAL,1.39
2011,A,ITF65,TOTFERR,ITL,TOTAL,1.33
2012,A,ITF65,TOTFERR,ITL,TOTAL,1.3
2013,A,ITF65,TOTFERR,ITL,TOTAL,1.32
2014,A,ITF65,TOTFERR,ITL,TOTAL,1.31
2015,A,ITF65,TOTFERR,ITL,TOTAL,1.33
2016,A,ITF65,TOTFERR,ITL,TOTAL,1.27
2017,A,ITF65,TOTFERR,ITL,TOTAL,1.32
2018,A,ITF65,TOTFERR,ITL,TOTAL,1.32
2019,A,ITF65,TOTFERR,ITL,TOTAL,1.27
2020,A,ITF65,TOTFERR,ITL,TOTAL,1.27
2021,A,ITF65,TOTFERR,ITL,TOTAL,1.2
2022,A,ITF65,TOTFERR,ITL,TOTAL,1.3
2023,A,ITF65,TOTFERR,ITL,TOTAL,1.37
2024,A,ITF65,TOTFERR,ITL,TOTAL,1.34
1999,A,ITF65,TOTFERR,TOTAL,TOTAL,1.35
2000,A,ITF65,TOTFERR,TOTAL,TOTAL,1.33
2001,A,ITF65,TOTFERR,TOTAL,TOTAL,1.3
2002,A,ITF65,TOTFERR,TOTAL,TOTAL,1.29
2003,A,ITF65,TOTFERR,TOTAL,TOTAL,1.32
2004,A,ITF65,TOTFERR,TOTAL,TOTAL,1.34
2005,A,ITF65,TOTFERR,TOTAL,TOTAL,1.34
2006,A,ITF65,TOTFERR,TOTAL,TOTAL,1.36
2007,A,ITF65,TOTFERR,TOTAL,TOTAL,1.39
2008,A,ITF65,TOTFERR,TOTAL,TOTAL,1.36
2009,A,ITF65,TOTFERR,TOTAL,TOTAL,1.38
2010,A,ITF65,TOTFERR,TOTAL,TOTAL,1.41
2011,A,ITF65,TOTFERR,TOTAL,TOTAL,1.34
2012,A,ITF65,TOTFERR,TOTAL,TOTAL,1.34
2013,A,ITF65,TOTFERR,TOTAL,TOTAL,1.36
2014,A,ITF65,TOTFERR,TOTAL,TOTAL,1.35
2015,A,ITF65,TOTFERR,TOTAL,TOTAL,1.36
2016,A,ITF65,TOTFERR,TOTAL,TOTAL,1.3
2017,A,ITF65,TOTFERR,TOTAL,TOTAL,1.35
2018,A,ITF65,TOTFERR,TOTAL,TOTAL,1.34
2019,A,ITF65,TOTFERR,TOTAL,TOTAL,1.31
2020,A,ITF65,TOTFERR,TOTAL,TOTAL,1.3
2021,A,ITF65,TOTFERR,TOTAL,TOTAL,1.24
2022,A,ITF65,TOTFERR,TOTAL,TOTAL,1.31
2023,A,ITF65,TOTFERR,TOTAL,TOTAL,1.37
2024,A,ITF65,TOTFERR,TOTAL,TOTAL,1.34
2002,A,ITFG,TOTFERR,FRG,TOTAL,2.56
2003,A,ITFG,TOTFERR,FRG,TOTAL,2.51
2004,A,ITFG,TOTFERR,FRG,TOTAL,2.49
2005,A,ITFG,TOTFERR,FRG,TOTAL,2.45
2006,A,ITFG,TOTFERR,FRG,TOTAL,2.69
2007,A,ITFG,TOTFERR,FRG,TOTAL,2.58
2008,A,ITFG,TOTFERR,FRG,TOTAL,2.22
2009,A,ITFG,TOTFERR,FRG,TOTAL,2.11
2010,A,ITFG,TOTFERR,FRG,TOTAL,2.03
2011,A,ITFG,TOTFERR,FRG,TOTAL,2.01
2012,A,ITFG,TOTFERR,FRG,TOTAL,1.99
2013,A,ITFG,TOTFERR,FRG,TOTAL,1.94
2014,A,ITFG,TOTFERR,FRG,TOTAL,1.92
2015,A,ITFG,TOTFERR,FRG,TOTAL,1.88
2016,A,ITFG,TOTFERR,FRG,TOTAL,1.92
2017,A,ITFG,TOTFERR,FRG,TOTAL,2.01
2018,A,ITFG,TOTFERR,FRG,TOTAL,1.92
2019,A,ITFG,TOTFERR,FRG,TOTAL,1.87
2020,A,ITFG,TOTFERR,FRG,TOTAL,1.86
2021,A,ITFG,TOTFERR,FRG,TOTAL,1.87
2022,A,ITFG,TOTFERR,FRG,TOTAL,1.86
2023,A,ITFG,TOTFERR,FRG,TOTAL,1.81
2024,A,ITFG,TOTFERR,FRG,TOTAL,1.75
2002,A,ITFG,TOTFERR,ITL,TOTAL,1.32
2003,A,ITFG,TOTFERR,ITL,TOTAL,1.34
2004,A,ITFG,TOTFERR,ITL,TOTAL,1.35
2005,A,ITFG,TOTFERR,ITL,TOTAL,1.33
2006,A,ITFG,TOTFERR,ITL,TOTAL,1.32
2007,A,ITFG,TOTFERR,ITL,TOTAL,1.33
2008,A,ITFG,TOTFERR,ITL,TOTAL,1.35
2009,A,ITFG,TOTFERR,ITL,TOTAL,1.35
2010,A,ITFG,TOTFERR,ITL,TOTAL,1.35
2011,A,ITFG,TOTFERR,ITL,TOTAL,1.32
2012,A,ITFG,TOTFERR,ITL,TOTAL,1.31
2013,A,ITFG,TOTFERR,ITL,TOTAL,1.29
2014,A,ITFG,TOTFERR,ITL,TOTAL,1.29
2015,A,ITFG,TOTFERR,ITL,TOTAL,1.29
2016,A,ITFG,TOTFERR,ITL,TOTAL,1.28
2017,A,ITFG,TOTFERR,ITL,TOTAL,1.28
2018,A,ITFG,TOTFERR,ITL,TOTAL,1.25
2019,A,ITFG,TOTFERR,ITL,TOTAL,1.23
2020,A,ITFG,TOTFERR,ITL,TOTAL,1.21
2021,A,ITFG,TOTFERR,ITL,TOTAL,1.22
2022,A,ITFG,TOTFERR,ITL,TOTAL,1.24
2023,A,ITFG,TOTFERR,ITL,TOTAL,1.22
2024,A,ITFG,TOTFERR,ITL,TOTAL,1.18
2002,A,ITFG,TOTFERR,TOTAL,TOTAL,1.33
2003,A,ITFG,TOTFERR,TOTAL,TOTAL,1.35
2004,A,ITFG,TOTFERR,TOTAL,TOTAL,1.36
2005,A,ITFG,TOTFERR,TOTAL,TOTAL,1.34
2006,A,ITFG,TOTFERR,TOTAL,TOTAL,1.35
2007,A,ITFG,TOTFERR,TOTAL,TOTAL,1.36
2008,A,ITFG,TOTFERR,TOTAL,TOTAL,1.37
2009,A,ITFG,TOTFERR,TOTAL,TOTAL,1.37
2010,A,ITFG,TOTFERR,TOTAL,TOTAL,1.37
2011,A,ITFG,TOTFERR,TOTAL,TOTAL,1.35
2012,A,ITFG,TOTFERR,TOTAL,TOTAL,1.34
2013,A,ITFG,TOTFERR,TOTAL,TOTAL,1.31
2014,A,ITFG,TOTFERR,TOTAL,TOTAL,1.32
2015,A,ITFG,TOTFERR,TOTAL,TOTAL,1.31
2016,A,ITFG,TOTFERR,TOTAL,TOTAL,1.3
2017,A,ITFG,TOTFERR,TOTAL,TOTAL,1.3
2018,A,ITFG,TOTFERR,TOTAL,TOTAL,1.28
2019,A,ITFG,TOTFERR,TOTAL,TOTAL,1.25
2020,A,ITFG,TOTFERR,TOTAL,TOTAL,1.24
2021,A,ITFG,TOTFERR,TOTAL,TOTAL,1.25
2022,A,ITFG,TOTFERR,TOTAL,TOTAL,1.26
2023,A,ITFG,TOTFERR,TOTAL,TOTAL,1.24
2024,A,ITFG,TOTFERR,TOTAL,TOTAL,1.2
2002,A,ITG,TOTFERR,FRG,TOTAL,2.63
2003,A,ITG,TOTFERR,FRG,TOTAL,2.61
2004,A,ITG,TOTFERR,FRG,TOTAL,2.58
2005,A,ITG,TOTFERR,FRG,TOTAL,2.71
2006,A,ITG,TOTFERR,FRG,TOTAL,2.94
2007,A,ITG,TOTFERR,FRG,TOTAL,2.78
2008,A,ITG,TOTFERR,FRG,TOTAL,2.42
2009,A,ITG,TOTFERR,FRG,TOTAL,2.22
2010,A,ITG,TOTFERR,FRG,TOTAL,2.18
2011,A,ITG,TOTFERR,FRG,TOTAL,2.13
2012,A,ITG,TOTFERR,FRG,TOTAL,2.13
2013,A,ITG,TOTFERR,FRG,TOTAL,2.02
2014,A,ITG,TOTFERR,FRG,TOTAL,2.03
2015,A,ITG,TOTFERR,FRG,TOTAL,2.01
2016,A,ITG,TOTFERR,FRG,TOTAL,2.03
2017,A,ITG,TOTFERR,FRG,TOTAL,2.15
2018,A,ITG,TOTFERR,FRG,TOTAL,2.1
2019,A,ITG,TOTFERR,FRG,TOTAL,1.97
2020,A,ITG,TOTFERR,FRG,TOTAL,1.93
2021,A,ITG,TOTFERR,FRG,TOTAL,2.0
2022,A,ITG,TOTFERR,FRG,TOTAL,1.92
2023,A,ITG,TOTFERR,FRG,TOTAL,1.83
2024,A,ITG,TOTFERR,FRG,TOTAL,1.78
2002,A,ITG,TOTFERR,ITL,TOTAL,1.29
2003,A,ITG,TOTFERR,ITL,TOTAL,1.32
2004,A,ITG,TOTFERR,ITL,TOTAL,1.32
2005,A,ITG,TOTFERR,ITL,TOTAL,1.32
2006,A,ITG,TOTFERR,ITL,TOTAL,1.31
2007,A,ITG,TOTFERR,ITL,TOTAL,1.31
2008,A,ITG,TOTFERR,ITL,TOTAL,1.34
2009,A,ITG,TOTFERR,ITL,TOTAL,1.35
2010,A,ITG,TOTFERR,ITL,TOTAL,1.34
2011,A,ITG,TOTFERR,ITL,TOTAL,1.33
2012,A,ITG,TOTFERR,ITL,TOTAL,1.32
2013,A,ITG,TOTFERR,ITL,TOTAL,1.28
2014,A,ITG,TOTFERR,ITL,TOTAL,1.31
2015,A,ITG,TOTFERR,ITL,TOTAL,1.29
2016,A,ITG,TOTFERR,ITL,TOTAL,1.26
2017,A,ITG,TOTFERR,ITL,TOTAL,1.27
2018,A,ITG,TOTFERR,ITL,TOTAL,1.26
2019,A,ITG,TOTFERR,ITL,TOTAL,1.23
2020,A,ITG,TOTFERR,ITL,TOTAL,1.22
2021,A,ITG,TOTFERR,ITL,TOTAL,1.24
2022,A,ITG,TOTFERR,ITL,TOTAL,1.24
2023,A,ITG,TOTFERR,ITL,TOTAL,1.21
2024,A,ITG,TOTFERR,ITL,TOTAL,1.16
1999,A,ITG,TOTFERR,TOTAL,TOTAL,1.34
2000,A,ITG,TOTFERR,TOTAL,TOTAL,1.32
2001,A,ITG,TOTFERR,TOTAL,TOTAL,1.31
2002,A,ITG,TOTFERR,TOTAL,TOTAL,1.3
2003,A,ITG,TOTFERR,TOTAL,TOTAL,1.34
2004,A,ITG,TOTFERR,TOTAL,TOTAL,1.34
2005,A,ITG,TOTFERR,TOTAL,TOTAL,1.34
2006,A,ITG,TOTFERR,TOTAL,TOTAL,1.34
2007,A,ITG,TOTFERR,TOTAL,TOTAL,1.34
2008,A,ITG,TOTFERR,TOTAL,TOTAL,1.37
2009,A,ITG,TOTFERR,TOTAL,TOTAL,1.37
2010,A,ITG,TOTFERR,TOTAL,TOTAL,1.37
2011,A,ITG,TOTFERR,TOTAL,TOTAL,1.35
2012,A,ITG,TOTFERR,TOTAL,TOTAL,1.35
2013,A,ITG,TOTFERR,TOTAL,TOTAL,1.31
2014,A,ITG,TOTFERR,TOTAL,TOTAL,1.34
2015,A,ITG,TOTFERR,TOTAL,TOTAL,1.32
2016,A,ITG,TOTFERR,TOTAL,TOTAL,1.29
2017,A,ITG,TOTFERR,TOTAL,TOTAL,1.31
2018,A,ITG,TOTFERR,TOTAL,TOTAL,1.3
2019,A,ITG,TOTFERR,TOTAL,TOTAL,1.26
2020,A,ITG,TOTFERR,TOTAL,TOTAL,1.25
2021,A,ITG,TOTFERR,TOTAL,TOTAL,1.27
2022,A,ITG,TOTFERR,TOTAL,TOTAL,1.26
2023,A,ITG,TOTFERR,TOTAL,TOTAL,1.23
2024,A,ITG,TOTFERR,TOTAL,TOTAL,1.19
2002,A,ITG1,TOTFERR,FRG,TOTAL,2.58
2003,A,ITG1,TOTFERR,FRG,TOTAL,2.65
2004,A,ITG1,TOTFERR,FRG,TOTAL,2.59
2005,A,ITG1,TOTFERR,FRG,TOTAL,2.75
2006,A,ITG1,TOTFERR,FRG,TOTAL,2.96
2007,A,ITG1,TOTFERR,FRG,TOTAL,2.86
2008,A,ITG1,TOTFERR,FRG,TOTAL,2.42
2009,A,ITG1,TOTFERR,FRG,TOTAL,2.24
2010,A,ITG1,TOTFERR,FRG,TOTAL,2.19
2011,A,ITG1,TOTFERR,FRG,TOTAL,2.17
2012,A,ITG1,TOTFERR,FRG,TOTAL,2.14
2013,A,ITG1,TOTFERR,FRG,TOTAL,2.07
2014,A,ITG1,TOTFERR,FRG,TOTAL,2.1
2015,A,ITG1,TOTFERR,FRG,TOTAL,2.07
2016,A,ITG1,TOTFERR,FRG,TOTAL,2.08
2017,A,ITG1,TOTFERR,FRG,TOTAL,2.24
2018,A,ITG1,TOTFERR,FRG,TOTAL,2.23
2019,A,ITG1,TOTFERR,FRG,TOTAL,2.07
2020,A,ITG1,TOTFERR,FRG,TOTAL,2.03
2021,A,ITG1,TOTFERR,FRG,TOTAL,2.1
2022,A,ITG1,TOTFERR,FRG,TOTAL,2.04
2023,A,ITG1,TOTFERR,FRG,TOTAL,1.95
2024,A,ITG1,TOTFERR,FRG,TOTAL,1.89
2002,A,ITG1,TOTFERR,ITL,TOTAL,1.38
2003,A,ITG1,TOTFERR,ITL,TOTAL,1.41
2004,A,ITG1,TOTFERR,ITL,TOTAL,1.42
2005,A,ITG1,TOTFERR,ITL,TOTAL,1.41
2006,A,ITG1,TOTFERR,ITL,TOTAL,1.4
2007,A,ITG1,TOTFERR,ITL,TOTAL,1.38
2008,A,ITG1,TOTFERR,ITL,TOTAL,1.42
2009,A,ITG1,TOTFERR,ITL,TOTAL,1.41
2010,A,ITG1,TOTFERR,ITL,TOTAL,1.39
2011,A,ITG1,TOTFERR,ITL,TOTAL,1.38
2012,A,ITG1,TOTFERR,ITL,TOTAL,1.38
2013,A,ITG1,TOTFERR,ITL,TOTAL,1.34
2014,A,ITG1,TOTFERR,ITL,TOTAL,1.37
2015,A,ITG1,TOTFERR,ITL,TOTAL,1.35
2016,A,ITG1,TOTFERR,ITL,TOTAL,1.32
2017,A,ITG1,TOTFERR,ITL,TOTAL,1.34
2018,A,ITG1,TOTFERR,ITL,TOTAL,1.34
2019,A,ITG1,TOTFERR,ITL,TOTAL,1.3
2020,A,ITG1,TOTFERR,ITL,TOTAL,1.3
2021,A,ITG1,TOTFERR,ITL,TOTAL,1.32
2022,A,ITG1,TOTFERR,ITL,TOTAL,1.32
2023,A,ITG1,TOTFERR,ITL,TOTAL,1.29
2024,A,ITG1,TOTFERR,ITL,TOTAL,1.24
1999,A,ITG1,TOTFERR,TOTAL,TOTAL,1.44
2000,A,ITG1,TOTFERR,TOTAL,TOTAL,1.41
2001,A,ITG1,TOTFERR,TOTAL,TOTAL,1.4
2002,A,ITG1,TOTFERR,TOTAL,TOTAL,1.4
2003,A,ITG1,TOTFERR,TOTAL,TOTAL,1.43
2004,A,ITG1,TOTFERR,TOTAL,TOTAL,1.44
2005,A,ITG1,TOTFERR,TOTAL,TOTAL,1.43
2006,A,ITG1,TOTFERR,TOTAL,TOTAL,1.42
2007,A,ITG1,TOTFERR,TOTAL,TOTAL,1.41
2008,A,ITG1,TOTFERR,TOTAL,TOTAL,1.44
2009,A,ITG1,TOTFERR,TOTAL,TOTAL,1.44
2010,A,ITG1,TOTFERR,TOTAL,TOTAL,1.42
2011,A,ITG1,TOTFERR,TOTAL,TOTAL,1.41
2012,A,ITG1,TOTFERR,TOTAL,TOTAL,1.4
2013,A,ITG1,TOTFERR,TOTAL,TOTAL,1.37
2014,A,ITG1,TOTFERR,TOTAL,TOTAL,1.4
2015,A,ITG1,TOTFERR,TOTAL,TOTAL,1.38
2016,A,ITG1,TOTFERR,TOTAL,TOTAL,1.35
2017,A,ITG1,TOTFERR,TOTAL,TOTAL,1.37
2018,A,ITG1,TOTFERR,TOTAL,TOTAL,1.37
2019,A,ITG1,TOTFERR,TOTAL,TOTAL,1.33
2020,A,ITG1,TOTFERR,TOTAL,TOTAL,1.33
2021,A,ITG1,TOTFERR,TOTAL,TOTAL,1.35
2022,A,ITG1,TOTFERR,TOTAL,TOTAL,1.35
2023,A,ITG1,TOTFERR,TOTAL,TOTAL,1.32
2024,A,ITG1,TOTFERR,TOTAL,TOTAL,1.27
2002,A,ITG11,TOTFERR,FRG,TOTAL,2.7
2003,A,ITG11,TOTFERR,FRG,TOTAL,2.25
2004,A,ITG11,TOTFERR,FRG,TOTAL,2.38
2005,A,ITG11,TOTFERR,FRG,TOTAL,2.51
2006,A,ITG11,TOTFERR,FRG,TOTAL,2.4
2007,A,ITG11,TOTFERR,FRG,TOTAL,2.46
2008,A,ITG11,TOTFERR,FRG,TOTAL,2.14
2009,A,ITG11,TOTFERR,FRG,TOTAL,2.12
2010,A,ITG11,TOTFERR,FRG,TOTAL,2.08
2011,A,ITG11,TOTFERR,FRG,TOTAL,1.79
2012,A,ITG11,TOTFERR,FRG,TOTAL,2.06
2013,A,ITG11,TOTFERR,FRG,TOTAL,1.98
2014,A,ITG11,TOTFERR,FRG,TOTAL,1.87
2015,A,ITG11,TOTFERR,FRG,TOTAL,2.12
2016,A,ITG11,TOTFERR,FRG,TOTAL,2.42
2017,A,ITG11,TOTFERR,FRG,TOTAL,2.32
2018,A,ITG11,TOTFERR,FRG,TOTAL,2.29
2019,A,ITG11,TOTFERR,FRG,TOTAL,2.39
2020,A,ITG11,TOTFERR,FRG,TOTAL,2.2
2021,A,ITG11,TOTFERR,FRG,TOTAL,2.19
2022,A,ITG11,TOTFERR,FRG,TOTAL,2.02
2023,A,ITG11,TOTFERR,FRG,TOTAL,1.87
2024,A,ITG11,TOTFERR,FRG,TOTAL,1.85
2002,A,ITG11,TOTFERR,ITL,TOTAL,1.37
2003,A,ITG11,TOTFERR,ITL,TOTAL,1.37
2004,A,ITG11,TOTFERR,ITL,TOTAL,1.4
2005,A,ITG11,TOTFERR,ITL,TOTAL,1.35
2006,A,ITG11,TOTFERR,ITL,TOTAL,1.34
2007,A,ITG11,TOTFERR,ITL,TOTAL,1.32
2008,A,ITG11,TOTFERR,ITL,TOTAL,1.33
2009,A,ITG11,TOTFERR,ITL,TOTAL,1.35
2010,A,ITG11,TOTFERR,ITL,TOTAL,1.29
2011,A,ITG11,TOTFERR,ITL,TOTAL,1.29
2012,A,ITG11,TOTFERR,ITL,TOTAL,1.28
2013,A,ITG11,TOTFERR,ITL,TOTAL,1.25
2014,A,ITG11,TOTFERR,ITL,TOTAL,1.28
2015,A,ITG11,TOTFERR,ITL,TOTAL,1.27
2016,A,ITG11,TOTFERR,ITL,TOTAL,1.27
2017,A,ITG11,TOTFERR,ITL,TOTAL,1.27
2018,A,ITG11,TOTFERR,ITL,TOTAL,1.3
2019,A,ITG11,TOTFERR,ITL,TOTAL,1.26
2020,A,ITG11,TOTFERR,ITL,TOTAL,1.29
2021,A,ITG11,TOTFERR,ITL,TOTAL,1.3
2022,A,ITG11,TOTFERR,ITL,TOTAL,1.32
2023,A,ITG11,TOTFERR,ITL,TOTAL,1.33
2024,A,ITG11,TOTFERR,ITL,TOTAL,1.23
1999,A,ITG11,TOTFERR,TOTAL,TOTAL,1.42
2000,A,ITG11,TOTFERR,TOTAL,TOTAL,1.39
2001,A,ITG11,TOTFERR,TOTAL,TOTAL,1.37
2002,A,ITG11,TOTFERR,TOTAL,TOTAL,1.38
2003,A,ITG11,TOTFERR,TOTAL,TOTAL,1.38
2004,A,ITG11,TOTFERR,TOTAL,TOTAL,1.41
2005,A,ITG11,TOTFERR,TOTAL,TOTAL,1.36
2006,A,ITG11,TOTFERR,TOTAL,TOTAL,1.35
2007,A,ITG11,TOTFERR,TOTAL,TOTAL,1.34
2008,A,ITG11,TOTFERR,TOTAL,TOTAL,1.34
2009,A,ITG11,TOTFERR,TOTAL,TOTAL,1.37
2010,A,ITG11,TOTFERR,TOTAL,TOTAL,1.32
2011,A,ITG11,TOTFERR,TOTAL,TOTAL,1.31
2012,A,ITG11,TOTFERR,TOTAL,TOTAL,1.31
2013,A,ITG11,TOTFERR,TOTAL,TOTAL,1.29
2014,A,ITG11,TOTFERR,TOTAL,TOTAL,1.31
2015,A,ITG11,TOTFERR,TOTAL,TOTAL,1.31
2016,A,ITG11,TOTFERR,TOTAL,TOTAL,1.33
2017,A,ITG11,TOTFERR,TOTAL,TOTAL,1.32
2018,A,ITG11,TOTFERR,TOTAL,TOTAL,1.35
2019,A,ITG11,TOTFERR,TOTAL,TOTAL,1.32
2020,A,ITG11,TOTFERR,TOTAL,TOTAL,1.33
2021,A,ITG11,TOTFERR,TOTAL,TOTAL,1.34
2022,A,ITG11,TOTFERR,TOTAL,TOTAL,1.35
2023,A,ITG11,TOTFERR,TOTAL,TOTAL,1.35
2024,A,ITG11,TOTFERR,TOTAL,TOTAL,1.26
2002,A,ITG12,TOTFERR,FRG,TOTAL,2.31
2003,A,ITG12,TOTFERR,FRG,TOTAL,2.45
2004,A,ITG12,TOTFERR,FRG,TOTAL,2.35
2005,A,ITG12,TOTFERR,FRG,TOTAL,2.33
2006,A,ITG12,TOTFERR,FRG,TOTAL,2.53
2007,A,ITG12,TOTFERR,FRG,TOTAL,2.56
2008,A,ITG12,TOTFERR,FRG,TOTAL,2.29
2009,A,ITG12,TOTFERR,FRG,TOTAL,2.15
2010,A,ITG12,TOTFERR,FRG,TOTAL,2.28
2011,A,ITG12,TOTFERR,FRG,TOTAL,2.44
2012,A,ITG12,TOTFERR,FRG,TOTAL,2.12
2013,A,ITG12,TOTFERR,FRG,TOTAL,2.17
2014,A,ITG12,TOTFERR,FRG,TOTAL,2.24
2015,A,ITG12,TOTFERR,FRG,TOTAL,2.15
2016,A,ITG12,TOTFERR,FRG,TOTAL,2.11
2017,A,ITG12,TOTFERR,FRG,TOTAL,2.12
2018,A,ITG12,TOTFERR,FRG,TOTAL,2.1
2019,A,ITG12,TOTFERR,FRG,TOTAL,1.95
2020,A,ITG12,TOTFERR,FRG,TOTAL,2.06
2021,A,ITG12,TOTFERR,FRG,TOTAL,2.14
2022,A,ITG12,TOTFERR,FRG,TOTAL,2.21
2023,A,ITG12,TOTFERR,FRG,TOTAL,2.18
2024,A,ITG12,TOTFERR,FRG,TOTAL,1.91
2002,A,ITG12,TOTFERR,ITL,TOTAL,1.44
2003,A,ITG12,TOTFERR,ITL,TOTAL,1.47
2004,A,ITG12,TOTFERR,ITL,TOTAL,1.49
2005,A,ITG12,TOTFERR,ITL,TOTAL,1.5
2006,A,ITG12,TOTFERR,ITL,TOTAL,1.47
2007,A,ITG12,TOTFERR,ITL,TOTAL,1.46
2008,A,ITG12,TOTFERR,ITL,TOTAL,1.5
2009,A,ITG12,TOTFERR,ITL,TOTAL,1.52
2010,A,ITG12,TOTFERR,ITL,TOTAL,1.49
2011,A,ITG12,TOTFERR,ITL,TOTAL,1.44
2012,A,ITG12,TOTFERR,ITL,TOTAL,1.47
2013,A,ITG12,TOTFERR,ITL,TOTAL,1.43
2014,A,ITG12,TOTFERR,ITL,TOTAL,1.45
2015,A,ITG12,TOTFERR,ITL,TOTAL,1.43
2016,A,ITG12,TOTFERR,ITL,TOTAL,1.37
2017,A,ITG12,TOTFERR,ITL,TOTAL,1.4
2018,A,ITG12,TOTFERR,ITL,TOTAL,1.41
2019,A,ITG12,TOTFERR,ITL,TOTAL,1.4
2020,A,ITG12,TOTFERR,ITL,TOTAL,1.38
2021,A,ITG12,TOTFERR,ITL,TOTAL,1.37
2022,A,ITG12,TOTFERR,ITL,TOTAL,1.39
2023,A,ITG12,TOTFERR,ITL,TOTAL,1.36
2024,A,ITG12,TOTFERR,ITL,TOTAL,1.29
1999,A,ITG12,TOTFERR,TOTAL,TOTAL,1.53
2000,A,ITG12,TOTFERR,TOTAL,TOTAL,1.46
2001,A,ITG12,TOTFERR,TOTAL,TOTAL,1.45
2002,A,ITG12,TOTFERR,TOTAL,TOTAL,1.45
2003,A,ITG12,TOTFERR,TOTAL,TOTAL,1.49
2004,A,ITG12,TOTFERR,TOTAL,TOTAL,1.5
2005,A,ITG12,TOTFERR,TOTAL,TOTAL,1.52
2006,A,ITG12,TOTFERR,TOTAL,TOTAL,1.49
2007,A,ITG12,TOTFERR,TOTAL,TOTAL,1.48
2008,A,ITG12,TOTFERR,TOTAL,TOTAL,1.52
2009,A,ITG12,TOTFERR,TOTAL,TOTAL,1.54
2010,A,ITG12,TOTFERR,TOTAL,TOTAL,1.51
2011,A,ITG12,TOTFERR,TOTAL,TOTAL,1.47
2012,A,ITG12,TOTFERR,TOTAL,TOTAL,1.49
2013,A,ITG12,TOTFERR,TOTAL,TOTAL,1.45
2014,A,ITG12,TOTFERR,TOTAL,TOTAL,1.47
2015,A,ITG12,TOTFERR,TOTAL,TOTAL,1.45
2016,A,ITG12,TOTFERR,TOTAL,TOTAL,1.4
2017,A,ITG12,TOTFERR,TOTAL,TOTAL,1.42
2018,A,ITG12,TOTFERR,TOTAL,TOTAL,1.43
2019,A,ITG12,TOTFERR,TOTAL,TOTAL,1.41
2020,A,ITG12,TOTFERR,TOTAL,TOTAL,1.4
2021,A,ITG12,TOTFERR,TOTAL,TOTAL,1.4
2022,A,ITG12,TOTFERR,TOTAL,TOTAL,1.42
2023,A,ITG12,TOTFERR,TOTAL,TOTAL,1.38
2024,A,ITG12,TOTFERR,TOTAL,TOTAL,1.31
2002,A,ITG13,TOTFERR,FRG,TOTAL,2.4
2003,A,ITG13,TOTFERR,FRG,TOTAL,2.56
2004,A,ITG13,TOTFERR,FRG,TOTAL,2.13
2005,A,ITG13,TOTFERR,FRG,TOTAL,2.42
2006,A,ITG13,TOTFERR,FRG,TOTAL,2.47
2007,A,ITG13,TOTFERR,FRG,TOTAL,2.41
2008,A,ITG13,TOTFERR,FRG,TOTAL,2.08
2009,A,ITG13,TOTFERR,FRG,TOTAL,1.93
2010,A,ITG13,TOTFERR,FRG,TOTAL,1.92
2011,A,ITG13,TOTFERR,FRG,TOTAL,1.8
2012,A,ITG13,TOTFERR,FRG,TOTAL,1.83
2013,A,ITG13,TOTFERR,FRG,TOTAL,1.86
2014,A,ITG13,TOTFERR,FRG,TOTAL,1.81
2015,A,ITG13,TOTFERR,FRG,TOTAL,1.83
2016,A,ITG13,TOTFERR,FRG,TOTAL,1.7
2017,A,ITG13,TOTFERR,FRG,TOTAL,2.02
2018,A,ITG13,TOTFERR,FRG,TOTAL,2.16
2019,A,ITG13,TOTFERR,FRG,TOTAL,1.92
2020,A,ITG13,TOTFERR,FRG,TOTAL,1.72
2021,A,ITG13,TOTFERR,FRG,TOTAL,1.71
2022,A,ITG13,TOTFERR,FRG,TOTAL,1.57
2023,A,ITG13,TOTFERR,FRG,TOTAL,1.63
2024,A,ITG13,TOTFERR,FRG,TOTAL,1.53
2002,A,ITG13,TOTFERR,ITL,TOTAL,1.15
2003,A,ITG13,TOTFERR,ITL,TOTAL,1.19
2004,A,ITG13,TOTFERR,ITL,TOTAL,1.17
2005,A,ITG13,TOTFERR,ITL,TOTAL,1.14
2006,A,ITG13,TOTFERR,ITL,TOTAL,1.21
2007,A,ITG13,TOTFERR,ITL,TOTAL,1.23
2008,A,ITG13,TOTFERR,ITL,TOTAL,1.25
2009,A,ITG13,TOTFERR,ITL,TOTAL,1.23
2010,A,ITG13,TOTFERR,ITL,TOTAL,1.27
2011,A,ITG13,TOTFERR,ITL,TOTAL,1.23
2012,A,ITG13,TOTFERR,ITL,TOTAL,1.24
2013,A,ITG13,TOTFERR,ITL,TOTAL,1.21
2014,A,ITG13,TOTFERR,ITL,TOTAL,1.25
2015,A,ITG13,TOTFERR,ITL,TOTAL,1.2
2016,A,ITG13,TOTFERR,ITL,TOTAL,1.18
2017,A,ITG13,TOTFERR,ITL,TOTAL,1.22
2018,A,ITG13,TOTFERR,ITL,TOTAL,1.19
2019,A,ITG13,TOTFERR,ITL,TOTAL,1.15
2020,A,ITG13,TOTFERR,ITL,TOTAL,1.16
2021,A,ITG13,TOTFERR,ITL,TOTAL,1.2
2022,A,ITG13,TOTFERR,ITL,TOTAL,1.16
2023,A,ITG13,TOTFERR,ITL,TOTAL,1.14
2024,A,ITG13,TOTFERR,ITL,TOTAL,1.07
1999,A,ITG13,TOTFERR,TOTAL,TOTAL,1.21
2000,A,ITG13,TOTFERR,TOTAL,TOTAL,1.21
2001,A,ITG13,TOTFERR,TOTAL,TOTAL,1.17
2002,A,ITG13,TOTFERR,TOTAL,TOTAL,1.18
2003,A,ITG13,TOTFERR,TOTAL,TOTAL,1.21
2004,A,ITG13,TOTFERR,TOTAL,TOTAL,1.19
2005,A,ITG13,TOTFERR,TOTAL,TOTAL,1.17
2006,A,ITG13,TOTFERR,TOTAL,TOTAL,1.24
2007,A,ITG13,TOTFERR,TOTAL,TOTAL,1.26
2008,A,ITG13,TOTFERR,TOTAL,TOTAL,1.28
2009,A,ITG13,TOTFERR,TOTAL,TOTAL,1.26
2010,A,ITG13,TOTFERR,TOTAL,TOTAL,1.29
2011,A,ITG13,TOTFERR,TOTAL,TOTAL,1.26
2012,A,ITG13,TOTFERR,TOTAL,TOTAL,1.28
2013,A,ITG13,TOTFERR,TOTAL,TOTAL,1.24
2014,A,ITG13,TOTFERR,TOTAL,TOTAL,1.27
2015,A,ITG13,TOTFERR,TOTAL,TOTAL,1.23
2016,A,ITG13,TOTFERR,TOTAL,TOTAL,1.2
2017,A,ITG13,TOTFERR,TOTAL,TOTAL,1.26
2018,A,ITG13,TOTFERR,TOTAL,TOTAL,1.24
2019,A,ITG13,TOTFERR,TOTAL,TOTAL,1.19
2020,A,ITG13,TOTFERR,TOTAL,TOTAL,1.19
2021,A,ITG13,TOTFERR,TOTAL,TOTAL,1.22
2022,A,ITG13,TOTFERR,TOTAL,TOTAL,1.18
2023,A,ITG13,TOTFERR,TOTAL,TOTAL,1.16
2024,A,ITG13,TOTFERR,TOTAL,TOTAL,1.1
2002,A,ITG14,TOTFERR,FRG,TOTAL,2.63
2003,A,ITG14,TOTFERR,FRG,TOTAL,2.7
2004,A,ITG14,TOTFERR,FRG,TOTAL,2.82
2005,A,ITG14,TOTFERR,FRG,TOTAL,2.46
2006,A,ITG14,TOTFERR,FRG,TOTAL,2.73
2007,A,ITG14,TOTFERR,FRG,TOTAL,3.03
2008,A,ITG14,TOTFERR,FRG,TOTAL,2.15
2009,A,ITG14,TOTFERR,FRG,TOTAL,2.37
2010,A,ITG14,TOTFERR,FRG,TOTAL,2.51
2011,A,ITG14,TOTFERR,FRG,TOTAL,2.35
2012,A,ITG14,TOTFERR,FRG,TOTAL,2.28
2013,A,ITG14,TOTFERR,FRG,TOTAL,2.15
2014,A,ITG14,TOTFERR,FRG,TOTAL,2.36
2015,A,ITG14,TOTFERR,FRG,TOTAL,1.88
2016,A,ITG14,TOTFERR,FRG,TOTAL,2.02
2017,A,ITG14,TOTFERR,FRG,TOTAL,2.45
2018,A,ITG14,TOTFERR,FRG,TOTAL,2.36
2019,A,ITG14,TOTFERR,FRG,TOTAL,2.14
2020,A,ITG14,TOTFERR,FRG,TOTAL,2.16
2021,A,ITG14,TOTFERR,FRG,TOTAL,2.39
2022,A,ITG14,TOTFERR,FRG,TOTAL,2.39
2023,A,ITG14,TOTFERR,FRG,TOTAL,1.92
2024,A,ITG14,TOTFERR,FRG,TOTAL,2.09
2002,A,ITG14,TOTFERR,ITL,TOTAL,1.42
2003,A,ITG14,TOTFERR,ITL,TOTAL,1.39
2004,A,ITG14,TOTFERR,ITL,TOTAL,1.44
2005,A,ITG14,TOTFERR,ITL,TOTAL,1.43
2006,A,ITG14,TOTFERR,ITL,TOTAL,1.39
2007,A,ITG14,TOTFERR,ITL,TOTAL,1.39
2008,A,ITG14,TOTFERR,ITL,TOTAL,1.38
2009,A,ITG14,TOTFERR,ITL,TOTAL,1.38
2010,A,ITG14,TOTFERR,ITL,TOTAL,1.35
2011,A,ITG14,TOTFERR,ITL,TOTAL,1.33
2012,A,ITG14,TOTFERR,ITL,TOTAL,1.32
2013,A,ITG14,TOTFERR,ITL,TOTAL,1.24
2014,A,ITG14,TOTFERR,ITL,TOTAL,1.28
2015,A,ITG14,TOTFERR,ITL,TOTAL,1.25
2016,A,ITG14,TOTFERR,ITL,TOTAL,1.24
2017,A,ITG14,TOTFERR,ITL,TOTAL,1.26
2018,A,ITG14,TOTFERR,ITL,TOTAL,1.24
2019,A,ITG14,TOTFERR,ITL,TOTAL,1.2
2020,A,ITG14,TOTFERR,ITL,TOTAL,1.23
2021,A,ITG14,TOTFERR,ITL,TOTAL,1.23
2022,A,ITG14,TOTFERR,ITL,TOTAL,1.3
2023,A,ITG14,TOTFERR,ITL,TOTAL,1.29
2024,A,ITG14,TOTFERR,ITL,TOTAL,1.31
1999,A,ITG14,TOTFERR,TOTAL,TOTAL,1.47
2000,A,ITG14,TOTFERR,TOTAL,TOTAL,1.44
2001,A,ITG14,TOTFERR,TOTAL,TOTAL,1.43
2002,A,ITG14,TOTFERR,TOTAL,TOTAL,1.43
2003,A,ITG14,TOTFERR,TOTAL,TOTAL,1.4
2004,A,ITG14,TOTFERR,TOTAL,TOTAL,1.45
2005,A,ITG14,TOTFERR,TOTAL,TOTAL,1.43
2006,A,ITG14,TOTFERR,TOTAL,TOTAL,1.4
2007,A,ITG14,TOTFERR,TOTAL,TOTAL,1.4
2008,A,ITG14,TOTFERR,TOTAL,TOTAL,1.39
2009,A,ITG14,TOTFERR,TOTAL,TOTAL,1.4
2010,A,ITG14,TOTFERR,TOTAL,TOTAL,1.39
2011,A,ITG14,TOTFERR,TOTAL,TOTAL,1.37
2012,A,ITG14,TOTFERR,TOTAL,TOTAL,1.35
2013,A,ITG14,TOTFERR,TOTAL,TOTAL,1.27
2014,A,ITG14,TOTFERR,TOTAL,TOTAL,1.33
2015,A,ITG14,TOTFERR,TOTAL,TOTAL,1.27
2016,A,ITG14,TOTFERR,TOTAL,TOTAL,1.26
2017,A,ITG14,TOTFERR,TOTAL,TOTAL,1.3
2018,A,ITG14,TOTFERR,TOTAL,TOTAL,1.29
2019,A,ITG14,TOTFERR,TOTAL,TOTAL,1.24
2020,A,ITG14,TOTFERR,TOTAL,TOTAL,1.26
2021,A,ITG14,TOTFERR,TOTAL,TOTAL,1.27
2022,A,ITG14,TOTFERR,TOTAL,TOTAL,1.34
2023,A,ITG14,TOTFERR,TOTAL,TOTAL,1.31
2024,A,ITG14,TOTFERR,TOTAL,TOTAL,1.34
2002,A,ITG15,TOTFERR,FRG,TOTAL,2.21
2003,A,ITG15,TOTFERR,FRG,TOTAL,3.88
2004,A,ITG15,TOTFERR,FRG,TOTAL,4.57
2005,A,ITG15,TOTFERR,FRG,TOTAL,3.29
2006,A,ITG15,TOTFERR,FRG,TOTAL,3.81
2007,A,ITG15,TOTFERR,FRG,TOTAL,3.57
2008,A,ITG15,TOTFERR,FRG,TOTAL,2.76
2009,A,ITG15,TOTFERR,FRG,TOTAL,1.92
2010,A,ITG15,TOTFERR,FRG,TOTAL,2.21
2011,A,ITG15,TOTFERR,FRG,TOTAL,2.07
2012,A,ITG15,TOTFERR,FRG,TOTAL,1.88
2013,A,ITG15,TOTFERR,FRG,TOTAL,1.87
2014,A,ITG15,TOTFERR,FRG,TOTAL,2.22
2015,A,ITG15,TOTFERR,FRG,TOTAL,2.02
2016,A,ITG15,TOTFERR,FRG,TOTAL,2.41
2017,A,ITG15,TOTFERR,FRG,TOTAL,2.05
2018,A,ITG15,TOTFERR,FRG,TOTAL,2.0
2019,A,ITG15,TOTFERR,FRG,TOTAL,1.91
2020,A,ITG15,TOTFERR,FRG,TOTAL,1.88
2021,A,ITG15,TOTFERR,FRG,TOTAL,2.05
2022,A,ITG15,TOTFERR,FRG,TOTAL,1.53
2023,A,ITG15,TOTFERR,FRG,TOTAL,1.76
2024,A,ITG15,TOTFERR,FRG,TOTAL,1.88
2002,A,ITG15,TOTFERR,ITL,TOTAL,1.48
2003,A,ITG15,TOTFERR,ITL,TOTAL,1.53
2004,A,ITG15,TOTFERR,ITL,TOTAL,1.59
2005,A,ITG15,TOTFERR,ITL,TOTAL,1.59
2006,A,ITG15,TOTFERR,ITL,TOTAL,1.52
2007,A,ITG15,TOTFERR,ITL,TOTAL,1.4
2008,A,ITG15,TOTFERR,ITL,TOTAL,1.47
2009,A,ITG15,TOTFERR,ITL,TOTAL,1.43
2010,A,ITG15,TOTFERR,ITL,TOTAL,1.41
2011,A,ITG15,TOTFERR,ITL,TOTAL,1.33
2012,A,ITG15,TOTFERR,ITL,TOTAL,1.44
2013,A,ITG15,TOTFERR,ITL,TOTAL,1.3
2014,A,ITG15,TOTFERR,ITL,TOTAL,1.34
2015,A,ITG15,TOTFERR,ITL,TOTAL,1.35
2016,A,ITG15,TOTFERR,ITL,TOTAL,1.31
2017,A,ITG15,TOTFERR,ITL,TOTAL,1.23
2018,A,ITG15,TOTFERR,ITL,TOTAL,1.26
2019,A,ITG15,TOTFERR,ITL,TOTAL,1.17
2020,A,ITG15,TOTFERR,ITL,TOTAL,1.22
2021,A,ITG15,TOTFERR,ITL,TOTAL,1.22
2022,A,ITG15,TOTFERR,ITL,TOTAL,1.24
2023,A,ITG15,TOTFERR,ITL,TOTAL,1.24
2024,A,ITG15,TOTFERR,ITL,TOTAL,1.18
1999,A,ITG15,TOTFERR,TOTAL,TOTAL,1.55
2000,A,ITG15,TOTFERR,TOTAL,TOTAL,1.48
2001,A,ITG15,TOTFERR,TOTAL,TOTAL,1.53
2002,A,ITG15,TOTFERR,TOTAL,TOTAL,1.48
2003,A,ITG15,TOTFERR,TOTAL,TOTAL,1.54
2004,A,ITG15,TOTFERR,TOTAL,TOTAL,1.6
2005,A,ITG15,TOTFERR,TOTAL,TOTAL,1.6
2006,A,ITG15,TOTFERR,TOTAL,TOTAL,1.54
2007,A,ITG15,TOTFERR,TOTAL,TOTAL,1.43
2008,A,ITG15,TOTFERR,TOTAL,TOTAL,1.5
2009,A,ITG15,TOTFERR,TOTAL,TOTAL,1.45
2010,A,ITG15,TOTFERR,TOTAL,TOTAL,1.43
2011,A,ITG15,TOTFERR,TOTAL,TOTAL,1.35
2012,A,ITG15,TOTFERR,TOTAL,TOTAL,1.45
2013,A,ITG15,TOTFERR,TOTAL,TOTAL,1.31
2014,A,ITG15,TOTFERR,TOTAL,TOTAL,1.37
2015,A,ITG15,TOTFERR,TOTAL,TOTAL,1.36
2016,A,ITG15,TOTFERR,TOTAL,TOTAL,1.34
2017,A,ITG15,TOTFERR,TOTAL,TOTAL,1.26
2018,A,ITG15,TOTFERR,TOTAL,TOTAL,1.28
2019,A,ITG15,TOTFERR,TOTAL,TOTAL,1.19
2020,A,ITG15,TOTFERR,TOTAL,TOTAL,1.23
2021,A,ITG15,TOTFERR,TOTAL,TOTAL,1.25
2022,A,ITG15,TOTFERR,TOTAL,TOTAL,1.24
2023,A,ITG15,TOTFERR,TOTAL,TOTAL,1.26
2024,A,ITG15,TOTFERR,TOTAL,TOTAL,1.2
2002,A,ITG16,TOTFERR,FRG,TOTAL,3.05
2003,A,ITG16,TOTFERR,FRG,TOTAL,1.53
2004,A,ITG16,TOTFERR,FRG,TOTAL,2.34
2005,A,ITG16,TOTFERR,FRG,TOTAL,2.1
2006,A,ITG16,TOTFERR,FRG,TOTAL,2.41
2007,A,ITG16,TOTFERR,FRG,TOTAL,3.04
2008,A,ITG16,TOTFERR,FRG,TOTAL,2.14
2009,A,ITG16,TOTFERR,FRG,TOTAL,2.42
2010,A,ITG16,TOTFERR,FRG,TOTAL,1.54
2011,A,ITG16,TOTFERR,FRG,TOTAL,2.26
2012,A,ITG16,TOTFERR,FRG,TOTAL,1.92
2013,A,ITG16,TOTFERR,FRG,TOTAL,1.59
2014,A,ITG16,TOTFERR,FRG,TOTAL,1.85
2015,A,ITG16,TOTFERR,FRG,TOTAL,2.11
2016,A,ITG16,TOTFERR,FRG,TOTAL,1.84
2017,A,ITG16,TOTFERR,FRG,TOTAL,2.36
2018,A,ITG16,TOTFERR,FRG,TOTAL,1.8
2019,A,ITG16,TOTFERR,FRG,TOTAL,1.86
2020,A,ITG16,TOTFERR,FRG,TOTAL,1.55
2021,A,ITG16,TOTFERR,FRG,TOTAL,1.88
2022,A,ITG16,TOTFERR,FRG,TOTAL,1.67
2023,A,ITG16,TOTFERR,FRG,TOTAL,1.97
2024,A,ITG16,TOTFERR,FRG,TOTAL,1.56
2002,A,ITG16,TOTFERR,ITL,TOTAL,1.38
2003,A,ITG16,TOTFERR,ITL,TOTAL,1.32
2004,A,ITG16,TOTFERR,ITL,TOTAL,1.31
2005,A,ITG16,TOTFERR,ITL,TOTAL,1.37
2006,A,ITG16,TOTFERR,ITL,TOTAL,1.36
2007,A,ITG16,TOTFERR,ITL,TOTAL,1.31
2008,A,ITG16,TOTFERR,ITL,TOTAL,1.35
2009,A,ITG16,TOTFERR,ITL,TOTAL,1.32
2010,A,ITG16,TOTFERR,ITL,TOTAL,1.3
2011,A,ITG16,TOTFERR,ITL,TOTAL,1.3
2012,A,ITG16,TOTFERR,ITL,TOTAL,1.2
2013,A,ITG16,TOTFERR,ITL,TOTAL,1.17
2014,A,ITG16,TOTFERR,ITL,TOTAL,1.18
2015,A,ITG16,TOTFERR,ITL,TOTAL,1.22
2016,A,ITG16,TOTFERR,ITL,TOTAL,1.19
2017,A,ITG16,TOTFERR,ITL,TOTAL,1.21
2018,A,ITG16,TOTFERR,ITL,TOTAL,1.2
2019,A,ITG16,TOTFERR,ITL,TOTAL,1.13
2020,A,ITG16,TOTFERR,ITL,TOTAL,1.1
2021,A,ITG16,TOTFERR,ITL,TOTAL,1.16
2022,A,ITG16,TOTFERR,ITL,TOTAL,1.16
2023,A,ITG16,TOTFERR,ITL,TOTAL,1.19
2024,A,ITG16,TOTFERR,ITL,TOTAL,1.11
1999,A,ITG16,TOTFERR,TOTAL,TOTAL,1.44
2000,A,ITG16,TOTFERR,TOTAL,TOTAL,1.41
2001,A,ITG16,TOTFERR,TOTAL,TOTAL,1.41
2002,A,ITG16,TOTFERR,TOTAL,TOTAL,1.38
2003,A,ITG16,TOTFERR,TOTAL,TOTAL,1.32
2004,A,ITG16,TOTFERR,TOTAL,TOTAL,1.31
2005,A,ITG16,TOTFERR,TOTAL,TOTAL,1.37
2006,A,ITG16,TOTFERR,TOTAL,TOTAL,1.37
2007,A,ITG16,TOTFERR,TOTAL,TOTAL,1.33
2008,A,ITG16,TOTFERR,TOTAL,TOTAL,1.36
2009,A,ITG16,TOTFERR,TOTAL,TOTAL,1.35
2010,A,ITG16,TOTFERR,TOTAL,TOTAL,1.31
2011,A,ITG16,TOTFERR,TOTAL,TOTAL,1.32
2012,A,ITG16,TOTFERR,TOTAL,TOTAL,1.21
2013,A,ITG16,TOTFERR,TOTAL,TOTAL,1.17
2014,A,ITG16,TOTFERR,TOTAL,TOTAL,1.2
2015,A,ITG16,TOTFERR,TOTAL,TOTAL,1.24
2016,A,ITG16,TOTFERR,TOTAL,TOTAL,1.2
2017,A,ITG16,TOTFERR,TOTAL,TOTAL,1.24
2018,A,ITG16,TOTFERR,TOTAL,TOTAL,1.21
2019,A,ITG16,TOTFERR,TOTAL,TOTAL,1.15
2020,A,ITG16,TOTFERR,TOTAL,TOTAL,1.12
2021,A,ITG16,TOTFERR,TOTAL,TOTAL,1.18
2022,A,ITG16,TOTFERR,TOTAL,TOTAL,1.18
2023,A,ITG16,TOTFERR,TOTAL,TOTAL,1.21
2024,A,ITG16,TOTFERR,TOTAL,TOTAL,1.12
2002,A,ITG17,TOTFERR,FRG,TOTAL,2.73
2003,A,ITG17,TOTFERR,FRG,TOTAL,2.65
2004,A,ITG17,TOTFERR,FRG,TOTAL,3.05
2005,A,ITG17,TOTFERR,FRG,TOTAL,3.64
2006,A,ITG17,TOTFERR,FRG,TOTAL,3.88
2007,A,ITG17,TOTFERR,FRG,TOTAL,3.49
2008,A,ITG17,TOTFERR,FRG,TOTAL,2.66
2009,A,ITG17,TOTFERR,FRG,TOTAL,2.4
2010,A,ITG17,TOTFERR,FRG,TOTAL,2.18
2011,A,ITG17,TOTFERR,FRG,TOTAL,2.13
2012,A,ITG17,TOTFERR,FRG,TOTAL,2.24
2013,A,ITG17,TOTFERR,FRG,TOTAL,2.02
2014,A,ITG17,TOTFERR,FRG,TOTAL,2.01
2015,A,ITG17,TOTFERR,FRG,TOTAL,2.09
2016,A,ITG17,TOTFERR,FRG,TOTAL,1.92
2017,A,ITG17,TOTFERR,FRG,TOTAL,2.04
2018,A,ITG17,TOTFERR,FRG,TOTAL,2.11
2019,A,ITG17,TOTFERR,FRG,TOTAL,1.91
2020,A,ITG17,TOTFERR,FRG,TOTAL,1.85
2021,A,ITG17,TOTFERR,FRG,TOTAL,1.97
2022,A,ITG17,TOTFERR,FRG,TOTAL,1.95
2023,A,ITG17,TOTFERR,FRG,TOTAL,1.93
2024,A,ITG17,TOTFERR,FRG,TOTAL,1.87
2002,A,ITG17,TOTFERR,ITL,TOTAL,1.44
2003,A,ITG17,TOTFERR,ITL,TOTAL,1.49
2004,A,ITG17,TOTFERR,ITL,TOTAL,1.5
2005,A,ITG17,TOTFERR,ITL,TOTAL,1.48
2006,A,ITG17,TOTFERR,ITL,TOTAL,1.45
2007,A,ITG17,TOTFERR,ITL,TOTAL,1.45
2008,A,ITG17,TOTFERR,ITL,TOTAL,1.49
2009,A,ITG17,TOTFERR,ITL,TOTAL,1.45
2010,A,ITG17,TOTFERR,ITL,TOTAL,1.44
2011,A,ITG17,TOTFERR,ITL,TOTAL,1.49
2012,A,ITG17,TOTFERR,ITL,TOTAL,1.43
2013,A,ITG17,TOTFERR,ITL,TOTAL,1.44
2014,A,ITG17,TOTFERR,ITL,TOTAL,1.5
2015,A,ITG17,TOTFERR,ITL,TOTAL,1.47
2016,A,ITG17,TOTFERR,ITL,TOTAL,1.42
2017,A,ITG17,TOTFERR,ITL,TOTAL,1.44
2018,A,ITG17,TOTFERR,ITL,TOTAL,1.44
2019,A,ITG17,TOTFERR,ITL,TOTAL,1.39
2020,A,ITG17,TOTFERR,ITL,TOTAL,1.38
2021,A,ITG17,TOTFERR,ITL,TOTAL,1.39
2022,A,ITG17,TOTFERR,ITL,TOTAL,1.39
2023,A,ITG17,TOTFERR,ITL,TOTAL,1.34
2024,A,ITG17,TOTFERR,ITL,TOTAL,1.3
1999,A,ITG17,TOTFERR,TOTAL,TOTAL,1.5
2000,A,ITG17,TOTFERR,TOTAL,TOTAL,1.5
2001,A,ITG17,TOTFERR,TOTAL,TOTAL,1.46
2002,A,ITG17,TOTFERR,TOTAL,TOTAL,1.45
2003,A,ITG17,TOTFERR,TOTAL,TOTAL,1.5
2004,A,ITG17,TOTFERR,TOTAL,TOTAL,1.51
2005,A,ITG17,TOTFERR,TOTAL,TOTAL,1.49
2006,A,ITG17,TOTFERR,TOTAL,TOTAL,1.47
2007,A,ITG17,TOTFERR,TOTAL,TOTAL,1.47
2008,A,ITG17,TOTFERR,TOTAL,TOTAL,1.51
2009,A,ITG17,TOTFERR,TOTAL,TOTAL,1.48
2010,A,ITG17,TOTFERR,TOTAL,TOTAL,1.46
2011,A,ITG17,TOTFERR,TOTAL,TOTAL,1.51
2012,A,ITG17,TOTFERR,TOTAL,TOTAL,1.45
2013,A,ITG17,TOTFERR,TOTAL,TOTAL,1.46
2014,A,ITG17,TOTFERR,TOTAL,TOTAL,1.51
2015,A,ITG17,TOTFERR,TOTAL,TOTAL,1.48
2016,A,ITG17,TOTFERR,TOTAL,TOTAL,1.43
2017,A,ITG17,TOTFERR,TOTAL,TOTAL,1.46
2018,A,ITG17,TOTFERR,TOTAL,TOTAL,1.46
2019,A,ITG17,TOTFERR,TOTAL,TOTAL,1.4
2020,A,ITG17,TOTFERR,TOTAL,TOTAL,1.39
2021,A,ITG17,TOTFERR,TOTAL,TOTAL,1.4
2022,A,ITG17,TOTFERR,TOTAL,TOTAL,1.41
2023,A,ITG17,TOTFERR,TOTAL,TOTAL,1.36
2024,A,ITG17,TOTFERR,TOTAL,TOTAL,1.32
2002,A,ITG18,TOTFERR,FRG,TOTAL,4.4
2003,A,ITG18,TOTFERR,FRG,TOTAL,4.1
2004,A,ITG18,TOTFERR,FRG,TOTAL,3.54
2005,A,ITG18,TOTFERR,FRG,TOTAL,4.72
2006,A,ITG18,TOTFERR,FRG,TOTAL,4.7
2007,A,ITG18,TOTFERR,FRG,TOTAL,3.76
2008,A,ITG18,TOTFERR,FRG,TOTAL,3.26
2009,A,ITG18,TOTFERR,FRG,TOTAL,2.71
2010,A,ITG18,TOTFERR,FRG,TOTAL,2.54
2011,A,ITG18,TOTFERR,FRG,TOTAL,2.51
2012,A,ITG18,TOTFERR,FRG,TOTAL,2.57
2013,A,ITG18,TOTFERR,FRG,TOTAL,2.37
2014,A,ITG18,TOTFERR,FRG,TOTAL,2.16
2015,A,ITG18,TOTFERR,FRG,TOTAL,2.34
2016,A,ITG18,TOTFERR,FRG,TOTAL,2.44
2017,A,ITG18,TOTFERR,FRG,TOTAL,2.77
2018,A,ITG18,TOTFERR,FRG,TOTAL,2.4
2019,A,ITG18,TOTFERR,FRG,TOTAL,2.43
2020,A,ITG18,TOTFERR,FRG,TOTAL,2.37
2021,A,ITG18,TOTFERR,FRG,TOTAL,2.36
2022,A,ITG18,TOTFERR,FRG,TOTAL,2.4
2023,A,ITG18,TOTFERR,FRG,TOTAL,2.25
2024,A,ITG18,TOTFERR,FRG,TOTAL,2.21
2002,A,ITG18,TOTFERR,ITL,TOTAL,1.39
2003,A,ITG18,TOTFERR,ITL,TOTAL,1.44
2004,A,ITG18,TOTFERR,ITL,TOTAL,1.4
2005,A,ITG18,TOTFERR,ITL,TOTAL,1.36
2006,A,ITG18,TOTFERR,ITL,TOTAL,1.39
2007,A,ITG18,TOTFERR,ITL,TOTAL,1.39
2008,A,ITG18,TOTFERR,ITL,TOTAL,1.38
2009,A,ITG18,TOTFERR,ITL,TOTAL,1.45
2010,A,ITG18,TOTFERR,ITL,TOTAL,1.36
2011,A,ITG18,TOTFERR,ITL,TOTAL,1.35
2012,A,ITG18,TOTFERR,ITL,TOTAL,1.34
2013,A,ITG18,TOTFERR,ITL,TOTAL,1.29
2014,A,ITG18,TOTFERR,ITL,TOTAL,1.31
2015,A,ITG18,TOTFERR,ITL,TOTAL,1.29
2016,A,ITG18,TOTFERR,ITL,TOTAL,1.3
2017,A,ITG18,TOTFERR,ITL,TOTAL,1.33
2018,A,ITG18,TOTFERR,ITL,TOTAL,1.3
2019,A,ITG18,TOTFERR,ITL,TOTAL,1.26
2020,A,ITG18,TOTFERR,ITL,TOTAL,1.27
2021,A,ITG18,TOTFERR,ITL,TOTAL,1.35
2022,A,ITG18,TOTFERR,ITL,TOTAL,1.32
2023,A,ITG18,TOTFERR,ITL,TOTAL,1.27
2024,A,ITG18,TOTFERR,ITL,TOTAL,1.24
1999,A,ITG18,TOTFERR,TOTAL,TOTAL,1.47
2000,A,ITG18,TOTFERR,TOTAL,TOTAL,1.45
2001,A,ITG18,TOTFERR,TOTAL,TOTAL,1.44
2002,A,ITG18,TOTFERR,TOTAL,TOTAL,1.44
2003,A,ITG18,TOTFERR,TOTAL,TOTAL,1.47
2004,A,ITG18,TOTFERR,TOTAL,TOTAL,1.44
2005,A,ITG18,TOTFERR,TOTAL,TOTAL,1.43
2006,A,ITG18,TOTFERR,TOTAL,TOTAL,1.47
2007,A,ITG18,TOTFERR,TOTAL,TOTAL,1.47
2008,A,ITG18,TOTFERR,TOTAL,TOTAL,1.47
2009,A,ITG18,TOTFERR,TOTAL,TOTAL,1.53
2010,A,ITG18,TOTFERR,TOTAL,TOTAL,1.45
2011,A,ITG18,TOTFERR,TOTAL,TOTAL,1.44
2012,A,ITG18,TOTFERR,TOTAL,TOTAL,1.45
2013,A,ITG18,TOTFERR,TOTAL,TOTAL,1.38
2014,A,ITG18,TOTFERR,TOTAL,TOTAL,1.39
2015,A,ITG18,TOTFERR,TOTAL,TOTAL,1.38
2016,A,ITG18,TOTFERR,TOTAL,TOTAL,1.39
2017,A,ITG18,TOTFERR,TOTAL,TOTAL,1.46
2018,A,ITG18,TOTFERR,TOTAL,TOTAL,1.4
2019,A,ITG18,TOTFERR,TOTAL,TOTAL,1.37
2020,A,ITG18,TOTFERR,TOTAL,TOTAL,1.38
2021,A,ITG18,TOTFERR,TOTAL,TOTAL,1.45
2022,A,ITG18,TOTFERR,TOTAL,TOTAL,1.43
2023,A,ITG18,TOTFERR,TOTAL,TOTAL,1.37
2024,A,ITG18,TOTFERR,TOTAL,TOTAL,1.35
2002,A,ITG19,TOTFERR,FRG,TOTAL,2.39
2003,A,ITG19,TOTFERR,FRG,TOTAL,3.17
2004,A,ITG19,TOTFERR,FRG,TOTAL,3.51
2005,A,ITG19,TOTFERR,FRG,TOTAL,2.67
2006,A,ITG19,TOTFERR,FRG,TOTAL,3.8
2007,A,ITG19,TOTFERR,FRG,TOTAL,2.99
2008,A,ITG19,TOTFERR,FRG,TOTAL,2.49
2009,A,ITG19,TOTFERR,FRG,TOTAL,2.28
2010,A,ITG19,TOTFERR,FRG,TOTAL,2.03
2011,A,ITG19,TOTFERR,FRG,TOTAL,2.26
2012,A,ITG19,TOTFERR,FRG,TOTAL,2.17
2013,A,ITG19,TOTFERR,FRG,TOTAL,2.15
2014,A,ITG19,TOTFERR,FRG,TOTAL,2.48
2015,A,ITG19,TOTFERR,FRG,TOTAL,2.03
2016,A,ITG19,TOTFERR,FRG,TOTAL,2.01
2017,A,ITG19,TOTFERR,FRG,TOTAL,2.22
2018,A,ITG19,TOTFERR,FRG,TOTAL,2.69
2019,A,ITG19,TOTFERR,FRG,TOTAL,2.04
2020,A,ITG19,TOTFERR,FRG,TOTAL,2.11
2021,A,ITG19,TOTFERR,FRG,TOTAL,2.19
2022,A,ITG19,TOTFERR,FRG,TOTAL,2.11
2023,A,ITG19,TOTFERR,FRG,TOTAL,1.76
2024,A,ITG19,TOTFERR,FRG,TOTAL,1.96
2002,A,ITG19,TOTFERR,ITL,TOTAL,1.3
2003,A,ITG19,TOTFERR,ITL,TOTAL,1.36
2004,A,ITG19,TOTFERR,ITL,TOTAL,1.35
2005,A,ITG19,TOTFERR,ITL,TOTAL,1.32
2006,A,ITG19,TOTFERR,ITL,TOTAL,1.32
2007,A,ITG19,TOTFERR,ITL,TOTAL,1.28
2008,A,ITG19,TOTFERR,ITL,TOTAL,1.35
2009,A,ITG19,TOTFERR,ITL,TOTAL,1.35
2010,A,ITG19,TOTFERR,ITL,TOTAL,1.36
2011,A,ITG19,TOTFERR,ITL,TOTAL,1.34
2012,A,ITG19,TOTFERR,ITL,TOTAL,1.34
2013,A,ITG19,TOTFERR,ITL,TOTAL,1.31
2014,A,ITG19,TOTFERR,ITL,TOTAL,1.34
2015,A,ITG19,TOTFERR,ITL,TOTAL,1.32
2016,A,ITG19,TOTFERR,ITL,TOTAL,1.32
2017,A,ITG19,TOTFERR,ITL,TOTAL,1.29
2018,A,ITG19,TOTFERR,ITL,TOTAL,1.28
2019,A,ITG19,TOTFERR,ITL,TOTAL,1.28
2020,A,ITG19,TOTFERR,ITL,TOTAL,1.27
2021,A,ITG19,TOTFERR,ITL,TOTAL,1.33
2022,A,ITG19,TOTFERR,ITL,TOTAL,1.29
2023,A,ITG19,TOTFERR,ITL,TOTAL,1.22
2024,A,ITG19,TOTFERR,ITL,TOTAL,1.14
1999,A,ITG19,TOTFERR,TOTAL,TOTAL,1.29
2000,A,ITG19,TOTFERR,TOTAL,TOTAL,1.29
2001,A,ITG19,TOTFERR,TOTAL,TOTAL,1.29
2002,A,ITG19,TOTFERR,TOTAL,TOTAL,1.31
2003,A,ITG19,TOTFERR,TOTAL,TOTAL,1.37
2004,A,ITG19,TOTFERR,TOTAL,TOTAL,1.37
2005,A,ITG19,TOTFERR,TOTAL,TOTAL,1.33
2006,A,ITG19,TOTFERR,TOTAL,TOTAL,1.35
2007,A,ITG19,TOTFERR,TOTAL,TOTAL,1.31
2008,A,ITG19,TOTFERR,TOTAL,TOTAL,1.38
2009,A,ITG19,TOTFERR,TOTAL,TOTAL,1.38
2010,A,ITG19,TOTFERR,TOTAL,TOTAL,1.39
2011,A,ITG19,TOTFERR,TOTAL,TOTAL,1.38
2012,A,ITG19,TOTFERR,TOTAL,TOTAL,1.37
2013,A,ITG19,TOTFERR,TOTAL,TOTAL,1.35
2014,A,ITG19,TOTFERR,TOTAL,TOTAL,1.39
2015,A,ITG19,TOTFERR,TOTAL,TOTAL,1.34
2016,A,ITG19,TOTFERR,TOTAL,TOTAL,1.35
2017,A,ITG19,TOTFERR,TOTAL,TOTAL,1.33
2018,A,ITG19,TOTFERR,TOTAL,TOTAL,1.35
2019,A,ITG19,TOTFERR,TOTAL,TOTAL,1.31
2020,A,ITG19,TOTFERR,TOTAL,TOTAL,1.31
2021,A,ITG19,TOTFERR,TOTAL,TOTAL,1.37
2022,A,ITG19,TOTFERR,TOTAL,TOTAL,1.32
2023,A,ITG19,TOTFERR,TOTAL,TOTAL,1.25
2024,A,ITG19,TOTFERR,TOTAL,TOTAL,1.18
2002,A,ITG2,TOTFERR,FRG,TOTAL,2.93
2003,A,ITG2,TOTFERR,FRG,TOTAL,2.44
2004,A,ITG2,TOTFERR,FRG,TOTAL,2.58
2005,A,ITG2,TOTFERR,FRG,TOTAL,2.53
2006,A,ITG2,TOTFERR,FRG,TOTAL,2.89
2007,A,ITG2,TOTFERR,FRG,TOTAL,2.5
2008,A,ITG2,TOTFERR,FRG,TOTAL,2.44
2009,A,ITG2,TOTFERR,FRG,TOTAL,2.12
2010,A,ITG2,TOTFERR,FRG,TOTAL,2.15
2011,A,ITG2,TOTFERR,FRG,TOTAL,1.97
2012,A,ITG2,TOTFERR,FRG,TOTAL,2.1
2013,A,ITG2,TOTFERR,FRG,TOTAL,1.82
2014,A,ITG2,TOTFERR,FRG,TOTAL,1.76
2015,A,ITG2,TOTFERR,FRG,TOTAL,1.77
2016,A,ITG2,TOTFERR,FRG,TOTAL,1.84
2017,A,ITG2,TOTFERR,FRG,TOTAL,1.79
2018,A,ITG2,TOTFERR,FRG,TOTAL,1.64
2019,A,ITG2,TOTFERR,FRG,TOTAL,1.58
2020,A,ITG2,TOTFERR,FRG,TOTAL,1.56
2021,A,ITG2,TOTFERR,FRG,TOTAL,1.62
2022,A,ITG2,TOTFERR,FRG,TOTAL,1.44
2023,A,ITG2,TOTFERR,FRG,TOTAL,1.36
2024,A,ITG2,TOTFERR,FRG,TOTAL,1.35
2002,A,ITG2,TOTFERR,ITL,TOTAL,1.01
2003,A,ITG2,TOTFERR,ITL,TOTAL,1.05
2004,A,ITG2,TOTFERR,ITL,TOTAL,1.03
2005,A,ITG2,TOTFERR,ITL,TOTAL,1.05
2006,A,ITG2,TOTFERR,ITL,TOTAL,1.06
2007,A,ITG2,TOTFERR,ITL,TOTAL,1.08
2008,A,ITG2,TOTFERR,ITL,TOTAL,1.1
2009,A,ITG2,TOTFERR,ITL,TOTAL,1.13
2010,A,ITG2,TOTFERR,ITL,TOTAL,1.15
2011,A,ITG2,TOTFERR,ITL,TOTAL,1.14
2012,A,ITG2,TOTFERR,ITL,TOTAL,1.11
2013,A,ITG2,TOTFERR,ITL,TOTAL,1.09
2014,A,ITG2,TOTFERR,ITL,TOTAL,1.08
2015,A,ITG2,TOTFERR,ITL,TOTAL,1.08
2016,A,ITG2,TOTFERR,ITL,TOTAL,1.05
2017,A,ITG2,TOTFERR,ITL,TOTAL,1.05
2018,A,ITG2,TOTFERR,ITL,TOTAL,1.01
2019,A,ITG2,TOTFERR,ITL,TOTAL,0.97
2020,A,ITG2,TOTFERR,ITL,TOTAL,0.94
2021,A,ITG2,TOTFERR,ITL,TOTAL,0.97
2022,A,ITG2,TOTFERR,ITL,TOTAL,0.93
2023,A,ITG2,TOTFERR,ITL,TOTAL,0.89
2024,A,ITG2,TOTFERR,ITL,TOTAL,0.89
1999,A,ITG2,TOTFERR,TOTAL,TOTAL,1.03
2000,A,ITG2,TOTFERR,TOTAL,TOTAL,1.06
2001,A,ITG2,TOTFERR,TOTAL,TOTAL,1.04
2002,A,ITG2,TOTFERR,TOTAL,TOTAL,1.03
2003,A,ITG2,TOTFERR,TOTAL,TOTAL,1.07
2004,A,ITG2,TOTFERR,TOTAL,TOTAL,1.04
2005,A,ITG2,TOTFERR,TOTAL,TOTAL,1.06
2006,A,ITG2,TOTFERR,TOTAL,TOTAL,1.08
2007,A,ITG2,TOTFERR,TOTAL,TOTAL,1.11
2008,A,ITG2,TOTFERR,TOTAL,TOTAL,1.13
2009,A,ITG2,TOTFERR,TOTAL,TOTAL,1.16
2010,A,ITG2,TOTFERR,TOTAL,TOTAL,1.18
2011,A,ITG2,TOTFERR,TOTAL,TOTAL,1.17
2012,A,ITG2,TOTFERR,TOTAL,TOTAL,1.14
2013,A,ITG2,TOTFERR,TOTAL,TOTAL,1.12
2014,A,ITG2,TOTFERR,TOTAL,TOTAL,1.11
2015,A,ITG2,TOTFERR,TOTAL,TOTAL,1.11
2016,A,ITG2,TOTFERR,TOTAL,TOTAL,1.08
2017,A,ITG2,TOTFERR,TOTAL,TOTAL,1.08
2018,A,ITG2,TOTFERR,TOTAL,TOTAL,1.03
2019,A,ITG2,TOTFERR,TOTAL,TOTAL,1.0
2020,A,ITG2,TOTFERR,TOTAL,TOTAL,0.97
2021,A,ITG2,TOTFERR,TOTAL,TOTAL,0.99
2022,A,ITG2,TOTFERR,TOTAL,TOTAL,0.95
2023,A,ITG2,TOTFERR,TOTAL,TOTAL,0.91
2024,A,ITG2,TOTFERR,TOTAL,TOTAL,0.91
2002,A,ITG25,TOTFERR,FRG,TOTAL,2.75
2003,A,ITG25,TOTFERR,FRG,TOTAL,2.4
2004,A,ITG25,TOTFERR,FRG,TOTAL,3.07
2005,A,ITG25,TOTFERR,FRG,TOTAL,2.63
2006,A,ITG25,TOTFERR,FRG,TOTAL,3.6
2007,A,ITG25,TOTFERR,FRG,TOTAL,2.91
2008,A,ITG25,TOTFERR,FRG,TOTAL,2.94
2009,A,ITG25,TOTFERR,FRG,TOTAL,2.23
2010,A,ITG25,TOTFERR,FRG,TOTAL,2.32
2011,A,ITG25,TOTFERR,FRG,TOTAL,2.02
2012,A,ITG25,TOTFERR,FRG,TOTAL,2.16
2013,A,ITG25,TOTFERR,FRG,TOTAL,2.02
2014,A,ITG25,TOTFERR,FRG,TOTAL,1.82
2015,A,ITG25,TOTFERR,FRG,TOTAL,1.71
2016,A,ITG25,TOTFERR,FRG,TOTAL,1.91
2017,A,ITG25,TOTFERR,FRG,TOTAL,1.98
2018,A,ITG25,TOTFERR,FRG,TOTAL,1.58
2019,A,ITG25,TOTFERR,FRG,TOTAL,1.68
2020,A,ITG25,TOTFERR,FRG,TOTAL,1.59
2021,A,ITG25,TOTFERR,FRG,TOTAL,1.83
2022,A,ITG25,TOTFERR,FRG,TOTAL,1.62
2023,A,ITG25,TOTFERR,FRG,TOTAL,1.34
2024,A,ITG25,TOTFERR,FRG,TOTAL,1.33
2002,A,ITG25,TOTFERR,ITL,TOTAL,1.08
2003,A,ITG25,TOTFERR,ITL,TOTAL,1.13
2004,A,ITG25,TOTFERR,ITL,TOTAL,1.09
2005,A,ITG25,TOTFERR,ITL,TOTAL,1.12
2006,A,ITG25,TOTFERR,ITL,TOTAL,1.09
2007,A,ITG25,TOTFERR,ITL,TOTAL,1.17
2008,A,ITG25,TOTFERR,ITL,TOTAL,1.17
2009,A,ITG25,TOTFERR,ITL,TOTAL,1.18
2010,A,ITG25,TOTFERR,ITL,TOTAL,1.23
2011,A,ITG25,TOTFERR,ITL,TOTAL,1.2
2012,A,ITG25,TOTFERR,ITL,TOTAL,1.16
2013,A,ITG25,TOTFERR,ITL,TOTAL,1.11
2014,A,ITG25,TOTFERR,ITL,TOTAL,1.12
2015,A,ITG25,TOTFERR,ITL,TOTAL,1.12
2016,A,ITG25,TOTFERR,ITL,TOTAL,1.09
2017,A,ITG25,TOTFERR,ITL,TOTAL,1.1
2018,A,ITG25,TOTFERR,ITL,TOTAL,1.06
2019,A,ITG25,TOTFERR,ITL,TOTAL,1.02
2020,A,ITG25,TOTFERR,ITL,TOTAL,0.96
2021,A,ITG25,TOTFERR,ITL,TOTAL,0.98
2022,A,ITG25,TOTFERR,ITL,TOTAL,0.98
2023,A,ITG25,TOTFERR,ITL,TOTAL,0.94
2024,A,ITG25,TOTFERR,ITL,TOTAL,0.93
1999,A,ITG25,TOTFERR,TOTAL,TOTAL,1.09
2000,A,ITG25,TOTFERR,TOTAL,TOTAL,1.1
2001,A,ITG25,TOTFERR,TOTAL,TOTAL,1.08
2002,A,ITG25,TOTFERR,TOTAL,TOTAL,1.1
2003,A,ITG25,TOTFERR,TOTAL,TOTAL,1.14
2004,A,ITG25,TOTFERR,TOTAL,TOTAL,1.11
2005,A,ITG25,TOTFERR,TOTAL,TOTAL,1.14
2006,A,ITG25,TOTFERR,TOTAL,TOTAL,1.13
2007,A,ITG25,TOTFERR,TOTAL,TOTAL,1.21
2008,A,ITG25,TOTFERR,TOTAL,TOTAL,1.22
2009,A,ITG25,TOTFERR,TOTAL,TOTAL,1.22
2010,A,ITG25,TOTFERR,TOTAL,TOTAL,1.28
2011,A,ITG25,TOTFERR,TOTAL,TOTAL,1.24
2012,A,ITG25,TOTFERR,TOTAL,TOTAL,1.22
2013,A,ITG25,TOTFERR,TOTAL,TOTAL,1.16
2014,A,ITG25,TOTFERR,TOTAL,TOTAL,1.16
2015,A,ITG25,TOTFERR,TOTAL,TOTAL,1.15
2016,A,ITG25,TOTFERR,TOTAL,TOTAL,1.14
2017,A,ITG25,TOTFERR,TOTAL,TOTAL,1.15
2018,A,ITG25,TOTFERR,TOTAL,TOTAL,1.09
2019,A,ITG25,TOTFERR,TOTAL,TOTAL,1.06
2020,A,ITG25,TOTFERR,TOTAL,TOTAL,0.99
2021,A,ITG25,TOTFERR,TOTAL,TOTAL,1.03
2022,A,ITG25,TOTFERR,TOTAL,TOTAL,1.01
2023,A,ITG25,TOTFERR,TOTAL,TOTAL,0.96
2024,A,ITG25,TOTFERR,TOTAL,TOTAL,0.94
2002,A,ITG26,TOTFERR,FRG,TOTAL,2.92
2003,A,ITG26,TOTFERR,FRG,TOTAL,2.83
2004,A,ITG26,TOTFERR,FRG,TOTAL,1.82
2005,A,ITG26,TOTFERR,FRG,TOTAL,3.51
2006,A,ITG26,TOTFERR,FRG,TOTAL,3.18
2007,A,ITG26,TOTFERR,FRG,TOTAL,2.65
2008,A,ITG26,TOTFERR,FRG,TOTAL,2.21
2009,A,ITG26,TOTFERR,FRG,TOTAL,1.79
2010,A,ITG26,TOTFERR,FRG,TOTAL,1.85
2011,A,ITG26,TOTFERR,FRG,TOTAL,2.12
2012,A,ITG26,TOTFERR,FRG,TOTAL,1.82
2013,A,ITG26,TOTFERR,FRG,TOTAL,1.57
2014,A,ITG26,TOTFERR,FRG,TOTAL,1.41
2015,A,ITG26,TOTFERR,FRG,TOTAL,1.67
2016,A,ITG26,TOTFERR,FRG,TOTAL,1.54
2017,A,ITG26,TOTFERR,FRG,TOTAL,1.46
2018,A,ITG26,TOTFERR,FRG,TOTAL,1.84
2019,A,ITG26,TOTFERR,FRG,TOTAL,1.47
2020,A,ITG26,TOTFERR,FRG,TOTAL,1.47
2021,A,ITG26,TOTFERR,FRG,TOTAL,1.75
2022,A,ITG26,TOTFERR,FRG,TOTAL,1.06
2023,A,ITG26,TOTFERR,FRG,TOTAL,1.13
2024,A,ITG26,TOTFERR,FRG,TOTAL,1.26
2002,A,ITG26,TOTFERR,ITL,TOTAL,1.08
2003,A,ITG26,TOTFERR,ITL,TOTAL,1.15
2004,A,ITG26,TOTFERR,ITL,TOTAL,1.13
2005,A,ITG26,TOTFERR,ITL,TOTAL,1.2
2006,A,ITG26,TOTFERR,ITL,TOTAL,1.18
2007,A,ITG26,TOTFERR,ITL,TOTAL,1.19
2008,A,ITG26,TOTFERR,ITL,TOTAL,1.23
2009,A,ITG26,TOTFERR,ITL,TOTAL,1.23
2010,A,ITG26,TOTFERR,ITL,TOTAL,1.25
2011,A,ITG26,TOTFERR,ITL,TOTAL,1.28
2012,A,ITG26,TOTFERR,ITL,TOTAL,1.2
2013,A,ITG26,TOTFERR,ITL,TOTAL,1.2
2014,A,ITG26,TOTFERR,ITL,TOTAL,1.18
2015,A,ITG26,TOTFERR,ITL,TOTAL,1.13
2016,A,ITG26,TOTFERR,ITL,TOTAL,1.12
2017,A,ITG26,TOTFERR,ITL,TOTAL,1.17
2018,A,ITG26,TOTFERR,ITL,TOTAL,1.11
2019,A,ITG26,TOTFERR,ITL,TOTAL,1.07
2020,A,ITG26,TOTFERR,ITL,TOTAL,1.02
2021,A,ITG26,TOTFERR,ITL,TOTAL,1.06
2022,A,ITG26,TOTFERR,ITL,TOTAL,1.0
2023,A,ITG26,TOTFERR,ITL,TOTAL,0.99
2024,A,ITG26,TOTFERR,ITL,TOTAL,0.97
1999,A,ITG26,TOTFERR,TOTAL,TOTAL,1.13
2000,A,ITG26,TOTFERR,TOTAL,TOTAL,1.15
2001,A,ITG26,TOTFERR,TOTAL,TOTAL,1.16
2002,A,ITG26,TOTFERR,TOTAL,TOTAL,1.09
2003,A,ITG26,TOTFERR,TOTAL,TOTAL,1.16
2004,A,ITG26,TOTFERR,TOTAL,TOTAL,1.13
2005,A,ITG26,TOTFERR,TOTAL,TOTAL,1.21
2006,A,ITG26,TOTFERR,TOTAL,TOTAL,1.2
2007,A,ITG26,TOTFERR,TOTAL,TOTAL,1.21
2008,A,ITG26,TOTFERR,TOTAL,TOTAL,1.25
2009,A,ITG26,TOTFERR,TOTAL,TOTAL,1.25
2010,A,ITG26,TOTFERR,TOTAL,TOTAL,1.26
2011,A,ITG26,TOTFERR,TOTAL,TOTAL,1.3
2012,A,ITG26,TOTFERR,TOTAL,TOTAL,1.22
2013,A,ITG26,TOTFERR,TOTAL,TOTAL,1.21
2014,A,ITG26,TOTFERR,TOTAL,TOTAL,1.18
2015,A,ITG26,TOTFERR,TOTAL,TOTAL,1.15
2016,A,ITG26,TOTFERR,TOTAL,TOTAL,1.13
2017,A,ITG26,TOTFERR,TOTAL,TOTAL,1.17
2018,A,ITG26,TOTFERR,TOTAL,TOTAL,1.13
2019,A,ITG26,TOTFERR,TOTAL,TOTAL,1.08
2020,A,ITG26,TOTFERR,TOTAL,TOTAL,1.03
2021,A,ITG26,TOTFERR,TOTAL,TOTAL,1.08
2022,A,ITG26,TOTFERR,TOTAL,TOTAL,1.0
2023,A,ITG26,TOTFERR,TOTAL,TOTAL,0.99
2024,A,ITG26,TOTFERR,TOTAL,TOTAL,0.98
2002,A,ITG27,TOTFERR,FRG,TOTAL,3.2
2003,A,ITG27,TOTFERR,FRG,TOTAL,2.1
2004,A,ITG27,TOTFERR,FRG,TOTAL,2.62
2005,A,ITG27,TOTFERR,FRG,TOTAL,2.19
2006,A,ITG27,TOTFERR,FRG,TOTAL,2.86
2007,A,ITG27,TOTFERR,FRG,TOTAL,2.37
2008,A,ITG27,TOTFERR,FRG,TOTAL,1.97
2009,A,ITG27,TOTFERR,FRG,TOTAL,2.14
2010,A,ITG27,TOTFERR,FRG,TOTAL,2.05
2011,A,ITG27,TOTFERR,FRG,TOTAL,1.8
2012,A,ITG27,TOTFERR,FRG,TOTAL,2.03
2013,A,ITG27,TOTFERR,FRG,TOTAL,1.69
2014,A,ITG27,TOTFERR,FRG,TOTAL,1.9
2015,A,ITG27,TOTFERR,FRG,TOTAL,1.94
2016,A,ITG27,TOTFERR,FRG,TOTAL,1.92
2017,A,ITG27,TOTFERR,FRG,TOTAL,1.45
2018,A,ITG27,TOTFERR,FRG,TOTAL,1.56
2019,A,ITG27,TOTFERR,FRG,TOTAL,1.49
2020,A,ITG27,TOTFERR,FRG,TOTAL,1.37
2021,A,ITG27,TOTFERR,FRG,TOTAL,1.28
2022,A,ITG27,TOTFERR,FRG,TOTAL,1.35
2023,A,ITG27,TOTFERR,FRG,TOTAL,1.25
2024,A,ITG27,TOTFERR,FRG,TOTAL,1.3
2002,A,ITG27,TOTFERR,ITL,TOTAL,0.95
2003,A,ITG27,TOTFERR,ITL,TOTAL,1.04
2004,A,ITG27,TOTFERR,ITL,TOTAL,0.98
2005,A,ITG27,TOTFERR,ITL,TOTAL,1.0
2006,A,ITG27,TOTFERR,ITL,TOTAL,1.04
2007,A,ITG27,TOTFERR,ITL,TOTAL,1.03
2008,A,ITG27,TOTFERR,ITL,TOTAL,1.08
2009,A,ITG27,TOTFERR,ITL,TOTAL,1.14
2010,A,ITG27,TOTFERR,ITL,TOTAL,1.14
2011,A,ITG27,TOTFERR,ITL,TOTAL,1.1
2012,A,ITG27,TOTFERR,ITL,TOTAL,1.14
2013,A,ITG27,TOTFERR,ITL,TOTAL,1.06
2014,A,ITG27,TOTFERR,ITL,TOTAL,1.07
2015,A,ITG27,TOTFERR,ITL,TOTAL,1.1
2016,A,ITG27,TOTFERR,ITL,TOTAL,1.06
2017,A,ITG27,TOTFERR,ITL,TOTAL,1.03
2018,A,ITG27,TOTFERR,ITL,TOTAL,0.95
2019,A,ITG27,TOTFERR,ITL,TOTAL,0.94
2020,A,ITG27,TOTFERR,ITL,TOTAL,0.89
2021,A,ITG27,TOTFERR,ITL,TOTAL,0.92
2022,A,ITG27,TOTFERR,ITL,TOTAL,0.9
2023,A,ITG27,TOTFERR,ITL,TOTAL,0.83
2024,A,ITG27,TOTFERR,ITL,TOTAL,0.82
1999,A,ITG27,TOTFERR,TOTAL,TOTAL,0.96
2000,A,ITG27,TOTFERR,TOTAL,TOTAL,1.0
2001,A,ITG27,TOTFERR,TOTAL,TOTAL,0.98
2002,A,ITG27,TOTFERR,TOTAL,TOTAL,0.96
2003,A,ITG27,TOTFERR,TOTAL,TOTAL,1.05
2004,A,ITG27,TOTFERR,TOTAL,TOTAL,1.0
2005,A,ITG27,TOTFERR,TOTAL,TOTAL,1.01
2006,A,ITG27,TOTFERR,TOTAL,TOTAL,1.06
2007,A,ITG27,TOTFERR,TOTAL,TOTAL,1.05
2008,A,ITG27,TOTFERR,TOTAL,TOTAL,1.1
2009,A,ITG27,TOTFERR,TOTAL,TOTAL,1.17
2010,A,ITG27,TOTFERR,TOTAL,TOTAL,1.17
2011,A,ITG27,TOTFERR,TOTAL,TOTAL,1.13
2012,A,ITG27,TOTFERR,TOTAL,TOTAL,1.18
2013,A,ITG27,TOTFERR,TOTAL,TOTAL,1.08
2014,A,ITG27,TOTFERR,TOTAL,TOTAL,1.11
2015,A,ITG27,TOTFERR,TOTAL,TOTAL,1.14
2016,A,ITG27,TOTFERR,TOTAL,TOTAL,1.09
2017,A,ITG27,TOTFERR,TOTAL,TOTAL,1.05
2018,A,ITG27,TOTFERR,TOTAL,TOTAL,0.98
2019,A,ITG27,TOTFERR,TOTAL,TOTAL,0.97
2020,A,ITG27,TOTFERR,TOTAL,TOTAL,0.92
2021,A,ITG27,TOTFERR,TOTAL,TOTAL,0.94
2022,A,ITG27,TOTFERR,TOTAL,TOTAL,0.92
2023,A,ITG27,TOTFERR,TOTAL,TOTAL,0.85
2024,A,ITG27,TOTFERR,TOTAL,TOTAL,0.84
2002,A,ITG28,TOTFERR,FRG,TOTAL,3.55
2003,A,ITG28,TOTFERR,FRG,TOTAL,2.84
2004,A,ITG28,TOTFERR,FRG,TOTAL,2.06
2005,A,ITG28,TOTFERR,FRG,TOTAL,2.84
2006,A,ITG28,TOTFERR,FRG,TOTAL,2.69
2007,A,ITG28,TOTFERR,FRG,TOTAL,1.92
2008,A,ITG28,TOTFERR,FRG,TOTAL,1.8
2009,A,ITG28,TOTFERR,FRG,TOTAL,2.02
2010,A,ITG28,TOTFERR,FRG,TOTAL,1.9
2011,A,ITG28,TOTFERR,FRG,TOTAL,1.95
2012,A,ITG28,TOTFERR,FRG,TOTAL,2.06
2013,A,ITG28,TOTFERR,FRG,TOTAL,1.51
2014,A,ITG28,TOTFERR,FRG,TOTAL,1.17
2015,A,ITG28,TOTFERR,FRG,TOTAL,1.57
2016,A,ITG28,TOTFERR,FRG,TOTAL,2.07
2017,A,ITG28,TOTFERR,FRG,TOTAL,1.89
2018,A,ITG28,TOTFERR,FRG,TOTAL,1.55
2019,A,ITG28,TOTFERR,FRG,TOTAL,1.41
2020,A,ITG28,TOTFERR,FRG,TOTAL,1.67
2021,A,ITG28,TOTFERR,FRG,TOTAL,1.66
2022,A,ITG28,TOTFERR,FRG,TOTAL,1.17
2023,A,ITG28,TOTFERR,FRG,TOTAL,1.58
2024,A,ITG28,TOTFERR,FRG,TOTAL,1.79
2002,A,ITG28,TOTFERR,ITL,TOTAL,0.99
2003,A,ITG28,TOTFERR,ITL,TOTAL,1.02
2004,A,ITG28,TOTFERR,ITL,TOTAL,0.99
2005,A,ITG28,TOTFERR,ITL,TOTAL,0.98
2006,A,ITG28,TOTFERR,ITL,TOTAL,0.98
2007,A,ITG28,TOTFERR,ITL,TOTAL,1.01
2008,A,ITG28,TOTFERR,ITL,TOTAL,1.01
2009,A,ITG28,TOTFERR,ITL,TOTAL,1.01
2010,A,ITG28,TOTFERR,ITL,TOTAL,1.07
2011,A,ITG28,TOTFERR,ITL,TOTAL,1.03
2012,A,ITG28,TOTFERR,ITL,TOTAL,0.91
2013,A,ITG28,TOTFERR,ITL,TOTAL,1.03
2014,A,ITG28,TOTFERR,ITL,TOTAL,1.0
2015,A,ITG28,TOTFERR,ITL,TOTAL,1.0
2016,A,ITG28,TOTFERR,ITL,TOTAL,0.99
2017,A,ITG28,TOTFERR,ITL,TOTAL,1.05
2018,A,ITG28,TOTFERR,ITL,TOTAL,0.96
2019,A,ITG28,TOTFERR,ITL,TOTAL,0.91
2020,A,ITG28,TOTFERR,ITL,TOTAL,0.87
2021,A,ITG28,TOTFERR,ITL,TOTAL,0.97
2022,A,ITG28,TOTFERR,ITL,TOTAL,0.89
2023,A,ITG28,TOTFERR,ITL,TOTAL,0.92
2024,A,ITG28,TOTFERR,ITL,TOTAL,0.91
1999,A,ITG28,TOTFERR,TOTAL,TOTAL,1.04
2000,A,ITG28,TOTFERR,TOTAL,TOTAL,1.05
2001,A,ITG28,TOTFERR,TOTAL,TOTAL,1.0
2002,A,ITG28,TOTFERR,TOTAL,TOTAL,1.01
2003,A,ITG28,TOTFERR,TOTAL,TOTAL,1.04
2004,A,ITG28,TOTFERR,TOTAL,TOTAL,1.0
2005,A,ITG28,TOTFERR,TOTAL,TOTAL,1.0
2006,A,ITG28,TOTFERR,TOTAL,TOTAL,1.0
2007,A,ITG28,TOTFERR,TOTAL,TOTAL,1.02
2008,A,ITG28,TOTFERR,TOTAL,TOTAL,1.02
2009,A,ITG28,TOTFERR,TOTAL,TOTAL,1.03
2010,A,ITG28,TOTFERR,TOTAL,TOTAL,1.09
2011,A,ITG28,TOTFERR,TOTAL,TOTAL,1.05
2012,A,ITG28,TOTFERR,TOTAL,TOTAL,0.94
2013,A,ITG28,TOTFERR,TOTAL,TOTAL,1.04
2014,A,ITG28,TOTFERR,TOTAL,TOTAL,1.01
2015,A,ITG28,TOTFERR,TOTAL,TOTAL,1.01
2016,A,ITG28,TOTFERR,TOTAL,TOTAL,1.01
2017,A,ITG28,TOTFERR,TOTAL,TOTAL,1.07
2018,A,ITG28,TOTFERR,TOTAL,TOTAL,0.97
2019,A,ITG28,TOTFERR,TOTAL,TOTAL,0.92
2020,A,ITG28,TOTFERR,TOTAL,TOTAL,0.89
2021,A,ITG28,TOTFERR,TOTAL,TOTAL,0.98
2022,A,ITG28,TOTFERR,TOTAL,TOTAL,0.9
2023,A,ITG28,TOTFERR,TOTAL,TOTAL,0.93
2024,A,ITG28,TOTFERR,TOTAL,TOTAL,0.93
